platform,meme_template,search_query,post_id,author_handle,author_display,caption,alt_text,image_url,likes,reposts,replies,created_at,indexed_at,post_url,collection_timestamp
bluesky,this is fine,this is fine meme,at://did:plc:zizy57hl2nqb3zevqen7jzfn/app.bsky.feed.post/3kkhshs2ids2f,lartist.bsky.social,Lar deSouza,"Cartoon: Thank you, Elmo. With credit to @kcg.bsky.social for their original meme that continues to inspire.","A variation of the KC Green ""This is fine"" meme showing Elmo the monster from Sesame Street giving the dog from the meme a comforting hug.",https://cdn.bsky.app/img/feed_fullsize/plain/did:plc:zizy57hl2nqb3zevqen7jzfn/bafkreigpq7bgix5qayzkhjtmzjppwzpxxsx7kb4cxymsrqwl7facsjhlyq@jpeg,1790,495,12,2024-02-02T23:05:08.976Z,2024-02-02T23:02:35.476Z,https://bsky.app/profile/lartist.bsky.social/post/3kkhshs2ids2f,2025-12-20 19:25:38
bluesky,this is fine,this is fine meme,at://did:plc:vtulckfwhlh3ndn4iqfcg3an/app.bsky.feed.post/3klad7pxt7t2b,greenleejw.bsky.social,"Surprised Eel Historian, PhD","Lent begins this week. And if you're a medieval English abbot that means one thing: eel-rents!

At the start of Lent tenants all over England came to pay their yearly rent in eels. Hundreds of thousands of eels.

But how? Why?

Well...it's about sex & availability, you see. 1/7
🧪🗃️","Meme. Painting of a medieval abbot. He's standing and holding a little red book, which is open in his hand. He has a long white beard, and the hair on the side of his head sweeps over his ears like the tide sweeps over a sandbar. He is bald, and there is a fine patina of light on dancing across his head. He is wearing a dark grey robe, with the hood thrown back, and next to him is the staff of his office. Behind is head is a yellow 
halo, so you know he's esp. holy.

He is looking down towards the book, but not actually at it. It looks like he was reading, but got distracted by something on the floor a little in front of him. His expression is calm, so it's not anything wild like a group of rabbits ritualistically sacrificing a sparrow. More like he's seen a piece of cheese, and the abbot can't quite recall when last he had cheese. Later, idly, he'll pick it up and realize that it's lint from his socks.

Meme text reads:
""I'm a medieval monk
Everything's about sex, really""",https://cdn.bsky.app/img/feed_fullsize/plain/did:plc:vtulckfwhlh3ndn4iqfcg3an/bafkreigjxgqjwmvvzmby4tysqhd4t27dfofr6gid52ddisplly4w2h4yyy@jpeg,162,62,9,2024-02-12T17:06:10.635Z,2024-02-12T17:06:10.635Z,https://bsky.app/profile/greenleejw.bsky.social/post/3klad7pxt7t2b,2025-12-20 19:25:38
bluesky,this is fine,this is fine meme,at://did:plc:ywbm3iywnhzep3ckt6efhoh7/app.bsky.feed.post/3kkwfsbphhv2c,katie.bzky.team,"Katie Tightpussy, Editor-In-Chief",not talking about the details of court is mostly fine except for when something extremely funny happens because now i feel like this:,the meme image of a white kid in a classroom who is flexing every muscle in his face so his veins are all popping out and he looks extremely stressed,https://cdn.bsky.app/img/feed_fullsize/plain/did:plc:ywbm3iywnhzep3ckt6efhoh7/bafkreifkukg52krp7umu3ebw5hbxjww2u5yd4avcj4y3oabrvlnafofpju@jpeg,139,3,5,2024-02-08T18:25:43.623Z,2024-02-08T18:25:43.623Z,https://bsky.app/profile/katie.bzky.team/post/3kkwfsbphhv2c,2025-12-20 19:25:38
bluesky,this is fine,this is fine meme,at://did:plc:3qaysq7syvvhvc6jtqku4mdh/app.bsky.feed.post/3ko6pt6xfa42m,assassin-ace.wtf,Adorable Assassin Ace 🏴‍☠️,I was supposed to be asleep but I drifted off for like 3 minutes and I had this dream and I woke up thinking I need to make this and I really don't know why but I mean it's yours now I don't care what the fuck even is it I'm just doing what god tells me at this point,it's the meme of the soldier taking a bunch of weapon hits to the back and on fire shielding the sleeping child but the soldier had has been replaced with the this is fine dog and the sleeping child has been replaced with the sickos guy,https://cdn.bsky.app/img/feed_fullsize/plain/did:plc:3qaysq7syvvhvc6jtqku4mdh/bafkreie6hfvhljm5nipgohrhev5irdaysqwlpdlm4xkcqluqrua77psare@jpeg,224,56,11,2024-03-21T06:02:04.684Z,2024-03-21T06:02:04.684Z,https://bsky.app/profile/assassin-ace.wtf/post/3ko6pt6xfa42m,2025-12-20 19:25:43
bluesky,this is fine,this is fine meme,at://did:plc:mx67f7s4g5gnsrty7m7ral66/app.bsky.feed.post/3kpzok7cues2q,emergencydoc.bsky.social,Emergency doc,"Die Sonne scheint, T-Shirt und Shorts sind wieder angesagt, die ganze Nachbarschaft werkelt fröhlich im Garten, Grillgeruch, gute Laune und summervibes überall.

Wir sehen viel zu selten auch mal auf die guten Seiten der Klimakatastrophe.","Meme: anthropomorpher Hund mit Hut sitzt in einem lichterloh brennenden Raum auf einem Stuhl am Tisch, vor ihm ein Becher. Sprechblase ""This is fine.""",https://cdn.bsky.app/img/feed_fullsize/plain/did:plc:mx67f7s4g5gnsrty7m7ral66/bafkreighc64reetetqofs6zktawqftb75a5rdmvpstrrm5lgdt4lhx2zt4@jpeg,106,16,4,2024-04-13T16:46:13.125Z,2024-04-13T16:46:13.125Z,https://bsky.app/profile/emergencydoc.bsky.social/post/3kpzok7cues2q,2025-12-20 19:25:46
bluesky,this is fine,this is fine meme,at://did:plc:doadobzrb4wly42qqcobwglv/app.bsky.feed.post/3krfn3oewak23,stonkers.bsky.social,Have a Holly Jolly Stonkers,"Even as cops are cracking skulls around the nation, it's May Day, and that's a good reminder that there's power in unity and community","The famous pro union 3-panel banner that reads: 
8 hours for work 
8 hours for rest
8 hours for what we will 

Each panel has been illustrated with the ""this is fine"" meme dog sitting at his table surrounded by flames.",https://cdn.bsky.app/img/feed_fullsize/plain/did:plc:doadobzrb4wly42qqcobwglv/bafkreiaj7i376owk4n22xsgjdihhp24qqux32cyz5bwepu2uijsxq4seh4@jpeg,175,51,4,2024-05-01T04:17:20.769Z,2024-05-01T04:17:20.769Z,https://bsky.app/profile/stonkers.bsky.social/post/3krfn3oewak23,2025-12-20 19:25:48
bluesky,this is fine,this is fine meme,at://did:plc:3ec5rra6xmmfv5hpuerbs5dv/app.bsky.feed.post/3krdxuhsjjk2u,benteliciousart.bsky.social,Bentelicious Art,Literally me,Mein Avatar auf dem Hund aus dem This is fine Meme,https://cdn.bsky.app/img/feed_fullsize/plain/did:plc:3ec5rra6xmmfv5hpuerbs5dv/bafkreif2br2cxs7m6muhxzt4y25petspg7mx4hrumop5m5ic4iomqddcmi@jpeg,246,4,8,2024-04-30T12:24:50.601Z,2024-04-30T12:24:50.601Z,https://bsky.app/profile/benteliciousart.bsky.social/post/3krdxuhsjjk2u,2025-12-20 19:25:48
bluesky,this is fine,this is fine meme,at://did:plc:muhesxre7yfcuqi5ss2fskjc/app.bsky.feed.post/3kvajgmgy3s2u,lukesteuber.com,Luke Snowbrr ☃️,I feel this so hard lol,"A meme featuring the ""This is Fine"" dog character in two different situations.

- **Top section labeled ""Mania"":** 
  - The dog is sitting at a table in a room engulfed in flames. In the first panel, the dog looks around. In the second panel, the dog says, ""THIS IS FINE.""

- **Bottom section labeled ""Depression"":**
  - The dog is sitting at the same table, but now the setting is a beautiful landscape with a rainbow and flowers. In the first panel, the dog looks around. In the second panel, the dog says, ""This is unbearable.""",https://cdn.bsky.app/img/feed_fullsize/plain/did:plc:muhesxre7yfcuqi5ss2fskjc/bafkreigipcyypfct45qr5oquduoasfrooijafpmj5ap7qjoayri6zoo55m@jpeg,151,26,6,2024-06-19T01:09:20.658Z,2024-06-19T01:09:20.658Z,https://bsky.app/profile/lukesteuber.com/post/3kvajgmgy3s2u,2025-12-20 19:25:54
bluesky,this is fine,this is fine meme,at://did:plc:qkc4sccerqtqhudozrwcye3j/app.bsky.feed.post/3kvtdjxh6dl2k,marthasnoward.bsky.social,Martha Snoward,So stell ich mir die Sommerfans vor,"Meme, Comichund sitzt im brennenden Zimmer, lächelt und sagt ""This is fine""",https://cdn.bsky.app/img/feed_fullsize/plain/did:plc:qkc4sccerqtqhudozrwcye3j/bafkreihmvtdoq6rpxzdtdhcy3okis6qwnnsc3fc5swjxdbhzx63fv3stk4@jpeg,230,33,19,2024-06-26T12:44:25.754Z,2024-06-26T12:44:25.754Z,https://bsky.app/profile/marthasnoward.bsky.social/post/3kvtdjxh6dl2k,2025-12-20 19:25:55
bluesky,this is fine,this is fine meme,at://did:plc:6zp4cfbvk6cqi7vf6gzb7ayy/app.bsky.feed.post/3kvoyrp3lvd2j,philplait.bsky.social,Phil Plait,#lolsob,"The ""this is fine"" dog sitting in a fire meme, but with it saying, ""This is the new normal"".",https://cdn.bsky.app/img/feed_fullsize/plain/did:plc:6zp4cfbvk6cqi7vf6gzb7ayy/bafkreie6pt5hwxorrfaemaxs56kmvomhjhryz4rwchljlb2tqbgw2hqswe@jpeg,140,30,4,2024-06-24T19:21:15.004Z,2024-06-24T19:21:15.004Z,https://bsky.app/profile/philplait.bsky.social/post/3kvoyrp3lvd2j,2025-12-20 19:25:55
bluesky,this is fine,this is fine meme,at://did:plc:36n7wd7gg4tapamnog4zyyc6/app.bsky.feed.post/3kvyohana4o26,jacobtlevy.bsky.social,Jacob T. Levy,,"""This is fine"" dog meme with the speech balloon reading ""even I am finding this to be a bit much to deal with all at once.""",https://cdn.bsky.app/img/feed_fullsize/plain/did:plc:36n7wd7gg4tapamnog4zyyc6/bafkreieoshmsl7oyld6nub5oxhqwibeaca36xb3oy5xi74r2l2szu4crx4@jpeg,1647,422,8,2024-06-28T15:43:04.261Z,2024-06-28T15:43:04.261Z,https://bsky.app/profile/jacobtlevy.bsky.social/post/3kvyohana4o26,2025-12-20 19:25:56
bluesky,this is fine,this is fine meme,at://did:plc:miczfsfixolk42l7343z3bpd/app.bsky.feed.post/3kwucetkxo32l,sethcotlar.bsky.social,Seth Cotlar,"Oregon has had 6 straight days of record breaking heat and the Oregon GOP just tweeted out the ""This is fine"" meme, only unironically.",,https://cdn.bsky.app/img/feed_fullsize/plain/did:plc:miczfsfixolk42l7343z3bpd/bafkreiefjnky4rvqt2uajgw6mvp4uwbkjn6uf27ytx76gzzabqkfi6oofq@jpeg,601,141,46,2024-07-09T15:21:30.960Z,2024-07-09T15:21:30.960Z,https://bsky.app/profile/sethcotlar.bsky.social/post/3kwucetkxo32l,2025-12-20 19:25:57
bluesky,this is fine,this is fine meme,at://did:plc:mrl3p6ed5pswq22lv4crnqzl/app.bsky.feed.post/3kxfxbb2ty22a,runwithskizzers.bsky.social,Preeti Chhibber,"me: i need to write
me, 30 seconds later: what if i make a meme instead, this is productive and authentic bc it is self promotion but also depressing","A screenshot of the ""this is fine dog"" comic by KC Green. The first panel has the dog sitting at a table while the room around him is on fire. On the table is a pasted in copy of my book, PAYAL MEHTA'S ROMANCE REVENGE PLOT. 

The second panel is closer in on the dog, still surrounded by fire and a copy of my book next to him. The speech bubble above him has been edited to read: ""buy my book""",https://cdn.bsky.app/img/feed_fullsize/plain/did:plc:mrl3p6ed5pswq22lv4crnqzl/bafkreidv52ang56v4n3tvc7fy2cdbhscw2t5bmk7nxo64dmrxbrzdmy6pa@jpeg,510,100,8,2024-07-16T15:50:35.223Z,2024-07-16T15:50:35.223Z,https://bsky.app/profile/runwithskizzers.bsky.social/post/3kxfxbb2ty22a,2025-12-20 19:25:58
bluesky,this is fine,this is fine meme,at://did:plc:64mdicpo7sq4k5bx2z3m2jo6/app.bsky.feed.post/3kzcwhibxbk22,catbus.phd,Catbus ☃️🎄❄️,I like LaCroix fine but this is 💯 accurate,"meme reading
LaCroix New Flavors!

- transported in a truck near bananas
- hint of hint of lime
- single skittle dissolved in water
- shy watermelon
- imagine liie, a strawberry but with a low battery",https://cdn.bsky.app/img/feed_fullsize/plain/did:plc:64mdicpo7sq4k5bx2z3m2jo6/bafkreidm5xe4os36du5fgnmkubf2his4yz6xtxftdxjmxq6buqyluz4f3a@jpeg,367,69,21,2024-08-09T21:48:34.534Z,2024-08-09T21:48:34.534Z,https://bsky.app/profile/catbus.phd/post/3kzcwhibxbk22,2025-12-20 19:26:05
bluesky,this is fine,this is fine meme,at://did:plc:m5qyucjfzog3bc4jlsznv4fs/app.bsky.feed.post/3l3zdnpkgep2i,mortadela.bsky.social,,,"Meme con perro this is fine rodeado de llamas en twitter diciendo ""this is fine"" y mismo perro con un cielo azul en BlueSky diciendo ""Esto está muerto""",https://cdn.bsky.app/img/feed_fullsize/plain/did:plc:m5qyucjfzog3bc4jlsznv4fs/bafkreidlytzaduv3p4jyir5ypdsn3ehnrw5abkr2tlt4ppj3bmpdh7um3a@jpeg,258,95,7,2024-09-13T06:33:38.859Z,2024-09-13T06:33:38.859Z,https://bsky.app/profile/mortadela.bsky.social/post/3l3zdnpkgep2i,2025-12-20 19:26:10
bluesky,this is fine,this is fine meme,at://did:plc:l2kof2ml4ut64cfft4223ec4/app.bsky.feed.post/3l3wbwekzsg2i,luizbento.bsky.social,Luiz Bento,Nunca imaginei que este meme fosse literal,"Meme de um cachorro amarelo com chapéu, em uma sala de escritório onde tudo pega fogo. No segundo quadro ele diz ""This is fine"".",https://cdn.bsky.app/img/feed_fullsize/plain/did:plc:l2kof2ml4ut64cfft4223ec4/bafkreifvgkgm5o64ogdtuxzqdigrpe7s42egxbdjoyxh22elhwb34iplky@jpeg,207,43,1,2024-09-12T01:24:43.232Z,2024-09-12T01:24:43.232Z,https://bsky.app/profile/luizbento.bsky.social/post/3l3wbwekzsg2i,2025-12-20 19:26:10
bluesky,this is fine,this is fine meme,at://did:plc:vtulckfwhlh3ndn4iqfcg3an/app.bsky.feed.post/3l52wdmjoel2t,greenleejw.bsky.social,"Surprised Eel Historian, PhD","It's 1100. You're a peasant in Harmston, England. Congrats! It's a fine place to live. But at what cost?

Eels. That's what. Each spring, the village owes Earl Hugh 75,000 eels in rent. So every fall your life becomes all about the eels.*

Welcome to Harmston. Here's your net.
🗃️🧪","Meme. Medieval colored drawing showing a figure in a small boat with a large green fish attached to his head. The figure is likely a man, but this is uncertain. His name is even less certain, but we'll call him Yedward. He is wearing a long orange shirt, and is paddling his boat across a body of blue water. There are clouds int eh background. Yedward might have been wearing a hat at some point, but if he was, the fish has eaten it. He seems very concerned, and you would too. That fish is no joke.

The fish has it's jaws around Yedward's head, and is arching its back so far that its tail will soon touch the top of its head. It's fins are thrust out, and it looks very graceful.

It's unfair to name the man but not the fish, so we'll call her Merwena. She was raised on tales of Jonah & Moby Dick, & longs to be like her literary heroes. She's going to eat this man if it takes all day. He can't paddle forever. Especially with a hole in his head.

Meme text reads:
""It's gonna be a long fall""",https://cdn.bsky.app/img/feed_fullsize/plain/did:plc:vtulckfwhlh3ndn4iqfcg3an/bafkreige4dbrm2ltgkwxdjxmlvh2x35rry63lknb6jznt7wtfap2wbebae@jpeg,241,41,7,2024-09-26T15:05:53.289Z,2024-09-26T15:05:53.289Z,https://bsky.app/profile/greenleejw.bsky.social/post/3l52wdmjoel2t,2025-12-20 19:26:12
bluesky,this is fine,this is fine meme,at://did:plc:2pijl4hy25qond3iwnn5feo7/app.bsky.feed.post/3l5pq5d6re22v,bichinhos.bsky.social,Bichinhos Fofinhos pra quem ta cansado,A gente assim,"Cachorro da raça golden retriever velhinho sentado numa cadeira com uma mesa e uma caneca sobre ela e ao redor dele um fogo falso de papelão por toda a sala e na parte de cima fumaça falsa de papelão e um balão de conversa igual de revista em quadrinho escrito ""This is fine"". Essa foto está imitando uma famosa ilustração meme de um cachorro sentado numa cadeira dentro de uma sala pegando fogo enquanto ele diz ""This is fine"".",https://cdn.bsky.app/img/feed_fullsize/plain/did:plc:2pijl4hy25qond3iwnn5feo7/bafkreiakhc2s7ficws7j2yyr4bkkryzivxkrlw3ciufxwih6qhvvepzggy@jpeg,623,89,1,2024-10-04T21:40:53.680Z,2024-10-04T21:40:53.680Z,https://bsky.app/profile/bichinhos.bsky.social/post/3l5pq5d6re22v,2025-12-20 19:26:13
bluesky,this is fine,this is fine meme,at://did:plc:sxxnhzipsapdm5inx44fr322/app.bsky.feed.post/3l5mx4uxerg2r,dasharez0ne.bsky.social,da share z0ne,THE PHYSIC'S GENIOUS - dashare.zone ADMIN,"ITS A SKELITON ONCE AGAIN AS U WOULD EXPECT BY THIS POINT AND ITS DA GUY IN THE MEME AS ALWAY'S ,AND THERE FINE WITH THE MODEL OF PHYSIC'S EXISTING, BUT DONT BELEIVE THAT PARTICLES EXIST IN THE WAY MOST PEOPLE THINK ,THEY TRY TO TELL YOU ITS A BUNCH OF BALLS BUT ITS MORE LIKELY THAT DA IDEA OF A PHOTON IS A ABSTRACTION OF BEHAVIOR WE CAN OBSERVE BUT ARE UNABLE TO EXPLAIN , ANY WAY THE TEXT SAY'S ""DOUBLE SHIT EXPERIMENT, WHICH ONE DID IT GO IN, ITS JUST A TOASTER, FUCK U, BULL SHIT EXPERIMENT , FUCK OF!!! FUCK ALL PHOTON'S - FUCK ALL PARTICLE'S - DASHARE.ZONE ADMIN AND IF YA DONT BELEIVE ME SCOOCH A COUPLE OF THEM TOGETHER CLOSER THAN A PLANCK LENGTH AND TELL ME IM WRONG - DASHARE.ZONE ADMIN",https://cdn.bsky.app/img/feed_fullsize/plain/did:plc:sxxnhzipsapdm5inx44fr322/bafkreihdgfx26dwt3dvggsy72qlvnyjq2hof5l3zzda7iu7iwrlnn5yxpq@jpeg,411,64,0,2024-10-03T19:07:56.338Z,2024-10-03T19:07:56.338Z,https://bsky.app/profile/dasharez0ne.bsky.social/post/3l5mx4uxerg2r,2025-12-20 19:26:13
bluesky,this is fine,this is fine meme,at://did:plc:b5v6tmhv44h23hba4x5u6y22/app.bsky.feed.post/3l6bw5sjkle2p,ficwip.bsky.social,#ficwip,"The All-Ships Ship Week sails in 10 days! 

🚢 runs October 21-27
🚢 all ships welcome! your OCs too
🚢 open to everyone 14 & up
🚢 multiple ways to participate
🚢 no sign-ups needed!
🚢 tag your posts #allshipsweek 

⚓️ tinyurl.com/allshipsweek","The All-Ships Ship Week 2024 Activity Bingo

- Create and share your ship dossier (templates below)
- Rewatch or reread favorite moments
- Make & share a playlist
- Reblog fic & art posts from other creators
- Tell us why you love them
- Share a prompt/idea for other people to adopt
- Share a favorite headcanon
- Make a meme
- Comment on fic or art",https://cdn.bsky.app/img/feed_fullsize/plain/did:plc:b5v6tmhv44h23hba4x5u6y22/bafkreidzezzjlup4knivowfcovjy4sxdsaazjm6gfqdh3uh6sfd5eaas2a@jpeg,122,103,2,2024-10-12T03:16:27.905Z,2024-10-12T03:16:27.905Z,https://bsky.app/profile/ficwip.bsky.social/post/3l6bw5sjkle2p,2025-12-20 19:26:14
bluesky,this is fine,this is fine meme,at://did:plc:fqhyfvx3qc6dcfsz4xslmlua/app.bsky.feed.post/3la3f6nmqyp2t,eay.social,Stefan Grund,Ich habe das „This is fine“-Meme mal aktualisiert. Auf Basis der Ideen von chaos.social/@schmofu und norden.social/@Seb1982 im Thread von @mspr0.de: fnordon.de/@mspro/11340...,"Der Hund aus dem „This is fine“-Meme, weiterhin in einem brennenden Zimmer, nur das er jetzt wegen der Überschwemmungen auf dem Stuhl steht. Er sagt „Now, let‘s try fascism“ und meint damit eine Lösung gefunden zu haben. (Hat er nicht.)",https://cdn.bsky.app/img/feed_fullsize/plain/did:plc:fqhyfvx3qc6dcfsz4xslmlua/bafkreibph3t7khn2bu5nfcagg2wpjzny5uboxhcge2xhlkfp3asgibz7v4@jpeg,253,77,7,2024-11-03T23:47:07.709Z,2024-11-03T23:47:08.784Z,https://bsky.app/profile/eay.social/post/3la3f6nmqyp2t,2025-12-20 19:26:19
bluesky,this is fine,this is fine meme,at://did:plc:e5ql4irxgug6t5k6qxae5ydf/app.bsky.feed.post/3lat3v42mdk2q,pank0.bsky.social,Jess 🐰 Usagi Shima OUT NOW!!,mood these days,"my personal rendition of the this is fine meme, but it's me and my bunny sitting in the room instead :'D",https://cdn.bsky.app/img/feed_fullsize/plain/did:plc:e5ql4irxgug6t5k6qxae5ydf/bafkreics2n5xk3yrdhbppup44uinwo7pxuqxfo5eiz7zvvgl7gyesgjkwe@jpeg,284,77,6,2024-11-13T10:04:37.403Z,2024-11-13T10:04:40.587Z,https://bsky.app/profile/pank0.bsky.social/post/3lat3v42mdk2q,2025-12-20 19:26:20
bluesky,this is fine,this is fine meme,at://did:plc:vtulckfwhlh3ndn4iqfcg3an/app.bsky.feed.post/3lbaarc56q222,greenleejw.bsky.social,"Surprised Eel Historian, PhD","Eel smuggling is a major problem today. But it's not new! 

In 1463, London city officials arrested 9 Zeeland merchants who tried to slip 97 barrels of salted eels past customs at Billingsgate. They wanted to avoid import fees, but wound up facing a £40 fine.
🗃️🧪","Meme. Medieval drawing of a cooper, putting the lid on a barrel with a hammer, while surrounded by other barrels. The man -- we'll call him Ædwallow-- is wearing a pink shirt and blue leggings, as if he's planning on going to gender reveal party later and he wants to cover all his bases. He's wearing a somewhat shapeless red hat that might -- or might not -- keep his ears warm. He has a white apron tied around his waist.

He is clean-shaven, and his face looks young. His expression is terribly intense, and it doesn't take much imagination to believe that he is sealing his rival in this barrel. Perhaps this was a man named Flord whom Ædwallow had called a friend in his youth, until he had ran off with Ædwallow's mother to live a life of crime together as petty toast thieves in Malta. Ævence spent years tracking them down, & now's he's caught them and stuffed them in barrels to ship back home, for reasons only he knows.

Meme text reads:
""Staring down the barrel
of a
too-eelaborate plan""",https://cdn.bsky.app/img/feed_fullsize/plain/did:plc:vtulckfwhlh3ndn4iqfcg3an/bafkreihn4unzecbejlu6hubojjdk4qhbkuizfz4k7afatr4xpwkuxzdoua@jpeg,127,12,6,2024-11-18T15:36:34.862Z,2024-11-18T15:36:38.349Z,https://bsky.app/profile/greenleejw.bsky.social/post/3lbaarc56q222,2025-12-20 19:26:24
bluesky,this is fine,this is fine meme,at://did:plc:g5yqmwkhk4irqe3hepdslhhy/app.bsky.feed.post/3lavqymtauc2d,mamasand.bsky.social,Mama Sand,,"The “this is fine” animated dog in a burning room meme, except its many different dogs around a table enjoying each other’s company. Caption says “finding your people in late stage capitalism”",https://cdn.bsky.app/img/feed_fullsize/plain/did:plc:g5yqmwkhk4irqe3hepdslhhy/bafkreigj5kxvm3eqv6rbg5oemrojz22aqmh3yrdlbh3femmvhuyvc72pei@jpeg,150,24,4,2024-11-14T11:27:43.708Z,2024-11-14T11:27:46.877Z,https://bsky.app/profile/mamasand.bsky.social/post/3lavqymtauc2d,2025-12-20 19:26:25
bluesky,this is fine,this is fine meme,at://did:plc:gn6mkok3lpf2nb3iqmkaev67/app.bsky.feed.post/3lbxl4sycac2b,codendahl.bsky.social,Christian Odendahl,,"The “This is fine”
meme with Merkel saying “I was fine”",https://cdn.bsky.app/img/feed_fullsize/plain/did:plc:gn6mkok3lpf2nb3iqmkaev67/bafkreig3a3awaswt7rlqcz6qvgnvkxiwqtefx5bzxrtdcvatkbg6lnntni@jpeg,272,39,6,2024-11-27T22:13:13.036Z,2024-11-27T22:13:15.556Z,https://bsky.app/profile/codendahl.bsky.social/post/3lbxl4sycac2b,2025-12-20 19:26:26
bluesky,this is fine,this is fine meme,at://did:plc:obn2a4nithbos2hdqrwxrn5j/app.bsky.feed.post/3lbu2wyxjb22x,srtalumpy.bsky.social,Clara Soriano,"Me lo tenía que pillar sí o sí (porque este meme soy yo).

Otra clienta satisfecha de @lallamastore.bsky.social 🩷","Figura del meme ""this is fine"" con sus llamitas, su perro disociado y ruiditos de fuego.",https://cdn.bsky.app/img/feed_fullsize/plain/did:plc:obn2a4nithbos2hdqrwxrn5j/bafkreihujs2u3aueiahf5at36potobe5vaqvwp3zicnoyddbaa2jec42xa@jpeg,332,17,9,2024-11-26T12:45:38.884Z,2024-11-26T12:45:46.158Z,https://bsky.app/profile/srtalumpy.bsky.social/post/3lbu2wyxjb22x,2025-12-20 19:26:26
bluesky,this is fine,this is fine meme,at://did:plc:tezm7n5yoq2kulzurykjteof/app.bsky.feed.post/3lbnej5s5us2u,sanaga.bsky.social,SANAGA ,"Avec @vertlemedia.bsky.social  on a réactualisé le célèbre meme « this is fine » pour en faire un sticker dans le cadre de leur projet « Chaleurs Actuelles », à soutenir ici : soutenir.vert.eco","Image reprenant les codes du meme de KC Green avec le chien « this is fine »assis au milieu des flammes, sauf qu’à la place du chien c’est Pascal Praud",https://cdn.bsky.app/img/feed_fullsize/plain/did:plc:tezm7n5yoq2kulzurykjteof/bafkreigpuhld3kea2lt3d5er6leko3km7rcw7e4ytzynp2k5p6l2uirdam@jpeg,1350,282,22,2024-11-23T20:48:13.445Z,2024-11-23T20:48:15.856Z,https://bsky.app/profile/sanaga.bsky.social/post/3lbnej5s5us2u,2025-12-20 19:26:28
bluesky,this is fine,this is fine meme,at://did:plc:gvda6fem6r7selm4gzjjww4a/app.bsky.feed.post/3lbmvoaewj22v,leahmcelrath.bsky.social,Leah McElrath,Happy Caturday,Image of a version of the “this is fine” meme showing a cat seated at a table with a coffee cup on it while surrounded by flames ,https://cdn.bsky.app/img/feed_fullsize/plain/did:plc:gvda6fem6r7selm4gzjjww4a/bafkreicy24wz63zw7tv4avmunsiejjvdv3bdk47czjkze7rjuqrzk5bvfm@jpeg,129,13,4,2024-11-23T16:22:37.802Z,2024-11-23T16:22:39.752Z,https://bsky.app/profile/leahmcelrath.bsky.social/post/3lbmvoaewj22v,2025-12-20 19:26:28
bluesky,this is fine,this is fine meme,at://did:plc:ittis6mfcchi54qe7m7d5mun/app.bsky.feed.post/3lbmf4b4lck2p,vert.eco,"Vert, le média 💚","🔥 On a décidé avec @sanaga.bsky.social de faire une version actualisée du meme emblématique This is fine ! Ça vous plaît ? 

Vous en rêvez en sticker ? Vert l’a fait ! Soutenez notre projet Chaleurs actuelles et recevez-le en édition limitée !
👉 soutenir.vert.eco",,https://cdn.bsky.app/img/feed_fullsize/plain/did:plc:ittis6mfcchi54qe7m7d5mun/bafkreifjmaskfccsjivbdyqeomycqbhwrh4r4yt5nusgzwyl3cnj5jp7um@jpeg,205,43,5,2024-11-23T11:26:14.720Z,2024-11-23T11:26:20.255Z,https://bsky.app/profile/vert.eco/post/3lbmf4b4lck2p,2025-12-20 19:26:28
bluesky,this is fine,this is fine meme,at://did:plc:dku6ckeg7cso4d37igrx2iv7/app.bsky.feed.post/3lcdjgqkjuk2n,michaelzemmour.cpesr.fr,Michaël Zemmour ,,"Mème ""This is Fine"". 

Strip en 2 cases. 
Case 1: un chien dans une pièce en feu de vant un mug. 

Case 2:  le chien parle: on a sauvé les exos",https://cdn.bsky.app/img/feed_fullsize/plain/did:plc:dku6ckeg7cso4d37igrx2iv7/bafkreia5szbzneyosjpdpgtbztxq3g54gckc2ppqsqdg4duaw4p5vywuiq@jpeg,342,50,3,2024-12-02T16:14:55.405Z,2024-12-02T16:14:57.959Z,https://bsky.app/profile/michaelzemmour.cpesr.fr/post/3lcdjgqkjuk2n,2025-12-20 19:26:30
bluesky,this is fine,this is fine meme,at://did:plc:kutgtskif5aphop7h4pcim7s/app.bsky.feed.post/3lc4y6jqwns2b,teatimeatthree.bsky.social,TeaTime@Three,"Considering I pumped this out in one sitting, I'm a little annoyed with how good it turned out.

#pokemon #meme #fanart #spheal #thisisfine",This is fine dog meme but with the pokemon spheal.,https://cdn.bsky.app/img/feed_fullsize/plain/did:plc:kutgtskif5aphop7h4pcim7s/bafkreigcosy7lgxnawvvmxx7z4fakgqhh6fvole7nbw5v4ixrhau4j27zq@jpeg,185,17,2,2024-11-30T01:50:07.801Z,2024-11-30T01:50:11.260Z,https://bsky.app/profile/teatimeatthree.bsky.social/post/3lc4y6jqwns2b,2025-12-20 19:26:31
bluesky,this is fine,this is fine meme,at://did:plc:fpy72faguurgyprdsacfgj47/app.bsky.feed.post/3lczvdfno4c2c,kacey-cyborg.bsky.social,kacey_cyborg,,"this is fine meme, a dog at a table sounded by a room on fire
the original text in the speech bubble has been replaced with "" lol, I never even noticed. The benefits of being too busy plus priority notifications.""",https://cdn.bsky.app/img/feed_fullsize/plain/did:plc:fpy72faguurgyprdsacfgj47/bafkreidvwqal5net5hejiy5br7zfxal6uok75tjyza6ainv6zlgwzs6kxq@jpeg,188,29,0,2024-12-11T13:46:22.459Z,2024-12-11T13:45:36.557Z,https://bsky.app/profile/kacey-cyborg.bsky.social/post/3lczvdfno4c2c,2025-12-20 19:26:33
bluesky,this is fine,this is fine meme,at://did:plc:ywnc4omdprxxitjmkeek4r24/app.bsky.feed.post/3lcyy5qbrfk2q,lemonlimebehavior.bsky.social,LemonLime,This is not a cat/dog relationship. They are both cats. #Zosan,"The first panel of a four panel black and white comic, playing off of the ""Someone will die"" ""Of fun!"" Parks and Recreation meme. in the first panel Zoro stands with his arms crossed, giving a sinister smile to the viewer, saying ""Someone will die"". Sanji leans an arm casually on Zoro's shoulder, smoking a cigarette, and just humms ""mmhm"" in agreement.",https://cdn.bsky.app/img/feed_fullsize/plain/did:plc:ywnc4omdprxxitjmkeek4r24/bafkreiatyi7mfdmmf32zx5wt3kmi6exfu4o2nafib3pgs5irkaatyxbcqy@jpeg,719,205,4,2024-12-11T05:04:13.744Z,2024-12-11T05:04:21.552Z,https://bsky.app/profile/lemonlimebehavior.bsky.social/post/3lcyy5qbrfk2q,2025-12-20 19:26:33
bluesky,this is fine,this is fine meme,at://did:plc:xzm6nf663sx3knkibexokgyc/app.bsky.feed.post/3lcr2sgg6yc2i,runic.bsky.social,~Runic!,Ezzy's turn on the hot seat! (She cannot handle spice!),"The Hot Ones meme! This time, I put Esmeralda on the hot seat. My bounty hunting kobold. She obviously cannot handle hot sauce. She's trying her best to remain calm with the thought ""This is fine"" over her head.",https://cdn.bsky.app/img/feed_fullsize/plain/did:plc:xzm6nf663sx3knkibexokgyc/bafkreiaj4s6n2je34hevdazg3kvwmwpebioaagfd76rvoicqhp5hdzhmcy@jpeg,109,13,3,2024-12-08T01:30:17.639Z,2024-12-08T01:30:19.053Z,https://bsky.app/profile/runic.bsky.social/post/3lcr2sgg6yc2i,2025-12-20 19:26:33
bluesky,this is fine,this is fine meme,at://did:plc:vtulckfwhlh3ndn4iqfcg3an/app.bsky.feed.post/3le2qmniogc2u,greenleejw.bsky.social,"Surprised Eel Historian, PhD","A 1631 lease for a fishery near Darlington, in NE England, makes mention of an ""eel ark"" without explaining what it is. Likely it's another name for an eel trap, or maybe for a fishlock. 

But, friends...just imagine: Indiana Jones and the Raiders of the Lost Eel Ark.

Glorious!
🗃️🧪","Meme. Still from the movie ""Raiders of the Lost Ark"" showing Indiana Jones staring at a golden idol. This is from the early part of the film. His hat is in fine shape, and he's stroking his chin as he ponders his next move. He's about to replace the idol with a bag of sand, only to have shit get real, real fast. Behind him is a jungle temple, replete with surprisingly effective and deadly traps. The effectiveness and durability of these traps suggests that a unionized crew did the work.

The idol is facing away from you, and you can see that its hair is combed straight down its head. It does not know it, but it's destined for a future in an American museum. Later on, a diverse band of intrepid thieves with unique character traits will try to steal it from the museum in a totally separate movie that's part ""Topkapi"" and part ""Money Train.""
 
Meme text reads:
""TFW It's not the eel
You were looking for""",https://cdn.bsky.app/img/feed_fullsize/plain/did:plc:vtulckfwhlh3ndn4iqfcg3an/bafkreiaowdy5s6mugarhp2np7h2xdce54mcrjv5s7sddyapo7j2x2gtzzm@jpeg,123,13,3,2024-12-24T15:19:55.319Z,2024-12-24T15:19:57.551Z,https://bsky.app/profile/greenleejw.bsky.social/post/3le2qmniogc2u,2025-12-20 19:26:38
bluesky,this is fine,this is fine meme,at://did:plc:wpww4ofuuemhemplf3vhu3nj/app.bsky.feed.post/3ldr25jhx7c2n,principiadiscordia.bsky.social,Principia Discordia,"I'm a big fan of pronoia, too. (That's this ominous feeling that Universe is about to do you a favor.)","A meme styled as a text post titled ""The Fourth Way,"" featuring a circular profile picture of a person with dramatic makeup and the watermark ""50 Nerds of Grey."" The post reads:

""I just discovered ominous positivity and I'm obsessed.

-You will be fine you have no choice.
-Everything will turn out okay you cannot stop it.
-You will succeed it's inevitable.
-Better days are already coming it's too late now.""

The tone is a humorous mix of positivity and an ominous inevitability, creating a slightly unsettling yet uplifting effect.

Generated with BSky AltText CustomGPT.",https://cdn.bsky.app/img/feed_fullsize/plain/did:plc:wpww4ofuuemhemplf3vhu3nj/bafkreiftv62otvbttd3oz5slgjap6kc473ji5ax4o4auauwjkblkiopanq@jpeg,229,44,3,2024-12-20T18:43:47.825Z,2024-12-20T18:43:49.448Z,https://bsky.app/profile/principiadiscordia.bsky.social/post/3ldr25jhx7c2n,2025-12-20 19:26:38
bluesky,this is fine,this is fine meme,at://did:plc:tu4d43ehkpc6mg2tlsyepptn/app.bsky.feed.post/3lefqchgguk2g,badideas.bsky.social,Aaron Stewart-Ahn,"Some gems from that article, eviscerating precision on the Typical Netflix Movie like ‘Netflix might be the first studio in Hollywood history to consistently make daylight look bad.’ and meme quote going around about forcing screenwriters to write dialogue for when people aren’t watching the movie.","In 2021 Netflix announced that it would start releasing a new original movie every week. A certain style soon began to take shape, a mind-numbing anticinema that anyone who has subscribed to Netflix in recent years knows by sight. I'll call it the Typical Netflix Movie (TNM). From the outside, the TNM looks algorithmically constructed, as if designed to cater to each of Netflix's two thousand ""taste clusters,' the genre-like groupings Netflix uses to segment its audience, green-light programs, and recommend films and shows to subscribers. The TNM covers every niche interest and identity category in existence,",https://cdn.bsky.app/img/feed_fullsize/plain/did:plc:tu4d43ehkpc6mg2tlsyepptn/bafkreibezcrocbmu5h6xvooauincxrngamy72qg7itjwf3n5sdtzbqhit4@jpeg,129,8,3,2024-12-29T00:13:30.540Z,2024-12-29T00:13:32.352Z,https://bsky.app/profile/badideas.bsky.social/post/3lefqchgguk2g,2025-12-20 19:26:41
bluesky,this is fine,this is fine meme,at://did:plc:yafvbxawifdqkisoonzlz33b/app.bsky.feed.post/3leeqqdherk22,koorivlf.com,Koorivlf,"Technically this is not first old koor drawing because... well...

I just wanted to show off bull but here cause I saw people doing the meme on the bad site

But fine I'll do it for real but only because it's easy to get the file. Koorivlf the wolf (Jan 2014) vs Koorivlf the horny tycoon (Dec 2024)",Digital drawing of old wolf version of koor,https://cdn.bsky.app/img/feed_fullsize/plain/did:plc:yafvbxawifdqkisoonzlz33b/bafkreigpbkxbuw6msohyhy5whqpmbxdfvk7ovafdhnoo7ai5n5tqpyuvsu@jpeg,103,10,3,2024-12-28T14:48:36.402Z,2024-12-28T14:48:40.248Z,https://bsky.app/profile/koorivlf.com/post/3leeqqdherk22,2025-12-20 19:26:41
bluesky,this is fine,this is fine meme,at://did:plc:p3bqrljetgkvftu43p7pcj6m/app.bsky.feed.post/3leadytiqak2d,elltsii.bsky.social,friend with knife 🔪,literally why doesn't jayce react whatsoever when viktors face is covered in blood in that one scene 😵‍💫 #jayvik #eltsiart,"3 panel comic of Viktor from Arcane getting a bloody nose. dialogue as follows:
Jayce: Vik-! You're bleeding
Viktor: Thank you for always providing your valuable observations, Jayce.
Viktor: I've been dealing with this for years, Jayce. It's fine. .... (a beat) A cloth might be nice.
Followed by a chibi panel after he's wiped his face off where they're both surrounded by thought bubbles. Viktor is thinking: Looks pale. Is he scared? Of blood? Grown ass man.
Jayce is thinking of a checkbox list as follows:
- Vitamin C powder.
- cast iron pan. make eggs daily? where. at home, in the lab? 
- spinach. (crossed off the list) too bitter. smoothie delivery system
- spinach.
- bleach. does he only own one uniform? tie unsalvagable. all mine are red.
- red tie
then there's also a small cartoon of Viktor holding a photo of a pill bottle at the reader and meme format text that says: let's take iron supplements together.",https://cdn.bsky.app/img/feed_fullsize/plain/did:plc:p3bqrljetgkvftu43p7pcj6m/bafkreic2vicz2o6eoa3iwmbwvclte5ovpk2g5a5jb4ra6edkf63n6bzc5i@jpeg,135,28,4,2024-12-26T20:50:04.047Z,2024-12-26T20:50:07.358Z,https://bsky.app/profile/elltsii.bsky.social/post/3leadytiqak2d,2025-12-20 19:26:41
bluesky,this is fine,this is fine meme,at://did:plc:tueta3ubcc62wbictstdua3e/app.bsky.feed.post/3lfaneztvtc2f,hypocriticaldog.bsky.social,Hypocriticaldog,,The 'This is fine' meme of a dog sitting in a burning building with the dog (mostly) replaced by a poorly photoshopped nose cone from a boeing 747,https://cdn.bsky.app/img/feed_fullsize/plain/did:plc:tueta3ubcc62wbictstdua3e/bafkreihyht766spev2qppjpug76rhzuqef4fhyx23rr5ert4rid4z2azgm@jpeg,252,6,2,2025-01-08T17:03:08.675Z,2025-01-08T17:03:09.356Z,https://bsky.app/profile/hypocriticaldog.bsky.social/post/3lfaneztvtc2f,2025-12-20 19:26:42
bluesky,this is fine,this is fine meme,at://did:plc:x4dmyp6bfmu3mshhx3fi4ko5/app.bsky.feed.post/3lflg2mgrh22j,engineeringbae.bsky.social,Taylor Poindexter ,"Just received a letter from my insurance company saying they've made the ""business decision"" to no longer offer home insurance for my ENTIRE state.","Classic ""this is fine"" meme. Cartoon dog sitting at a table, surrounded by fire. Saying ""this is fine"". ",https://cdn.bsky.app/img/feed_fullsize/plain/did:plc:x4dmyp6bfmu3mshhx3fi4ko5/bafkreiffzqbz4co6xuuklhtlwdygybcctjvh7xukfgqox5b6hphm3thoee@jpeg,288,72,24,2025-01-12T23:51:19.995Z,2025-01-12T23:51:22.050Z,https://bsky.app/profile/engineeringbae.bsky.social/post/3lflg2mgrh22j,2025-12-20 19:26:45
bluesky,this is fine,this is fine meme,at://did:plc:c7r6em6gfvz6ohf4wyadeur2/app.bsky.feed.post/3lfiv637ukk2u,yahaboot.bsky.social,Omer🤸‍♀️🔞 || comms SOON,"Back on my bullshit lol

This is zsz and lulaw, with law looking for reasons why luffy doesn’t initiate sex and trying to find them with zoro (a mistake on his part) 

#omerart #zosanzo","Law and zoro at a bar, drinking.
Law: fine, I’ll bite. What do you do when you want sex?
Zoro: aa…i don’t think we’re in the same situation here…with sanji, it’s like… …
Zoro: just let me show you 
Law: i’m already regretting this",https://cdn.bsky.app/img/feed_fullsize/plain/did:plc:c7r6em6gfvz6ohf4wyadeur2/bafkreibtdcqmg4m42huli2wgup6uoou4mhw6wayjc4aa4aohmpfyrl67rm@jpeg,166,42,13,2025-01-11T23:43:43.072Z,2025-01-11T23:43:46.756Z,https://bsky.app/profile/yahaboot.bsky.social/post/3lfiv637ukk2u,2025-12-20 19:26:45
bluesky,this is fine,this is fine meme,at://did:plc:p5pyz3yoac76lqqnhuqycyup/app.bsky.feed.post/3lfdxengctk2h,djdynamic.ca,Tim Ellis 🍁,Conservatives right now,"The ""this is fine"" meme, which is a two panel comic; in the first panel, a dog in a hat is sitting calmly on a chair in a room that is on fire. In the second panel, the dog is smiling and says ""this is fine"", except in this version, it instead says ""this is woke""",https://cdn.bsky.app/img/feed_fullsize/plain/did:plc:p5pyz3yoac76lqqnhuqycyup/bafkreidsai6axtg66mmlenfmpey5iklq7ho4txubziqa43gzpdtegqyouu@jpeg,126,36,0,2025-01-10T00:39:52.283Z,2025-01-10T00:39:54.158Z,https://bsky.app/profile/djdynamic.ca/post/3lfdxengctk2h,2025-12-20 19:26:46
bluesky,this is fine,this is fine meme,at://did:plc:syamfj5yxwv5fimxj7jkfaxd/app.bsky.feed.post/3lfdk6aee5226,draw-just-draw.bsky.social,YouMustDraw,"Here's the most popular thing I ever posted on xitter.
Izzy during S2 Episode 1 
#OFMD #Art","The this is fine meme but with Izzy.
I love him! He suffers so adorably!",https://cdn.bsky.app/img/feed_fullsize/plain/did:plc:syamfj5yxwv5fimxj7jkfaxd/bafkreibe5smiipi3ohgirhvnddqkkkeovlgkx3rkngsh5dwwusck7grvyu@jpeg,263,112,8,2025-01-09T20:43:38.611Z,2025-01-09T20:43:43.159Z,https://bsky.app/profile/draw-just-draw.bsky.social/post/3lfdk6aee5226,2025-12-20 19:26:46
bluesky,this is fine,this is fine meme,at://did:plc:xojqqn6i6z73jafi64eoblve/app.bsky.feed.post/3lgtcc4zpak2d,inasimpleway.swifties.social,maia 🦋❤️‍🔥,currently,"this is fine dog in room on fire meme contrition 
th-
this is not fine!!!
oh my god everything’s on FIRE
what the hell is my problem ",https://cdn.bsky.app/img/feed_fullsize/plain/did:plc:xojqqn6i6z73jafi64eoblve/bafkreigptyjpzage7wbe425ljwyvqo5dba75fmucwa2mtnbf254iziid2e@jpeg,3939,573,23,2025-01-28T20:30:26.840Z,2025-01-28T20:30:29.063Z,https://bsky.app/profile/inasimpleway.swifties.social/post/3lgtcc4zpak2d,2025-12-20 19:26:50
bluesky,this is fine,this is fine meme,at://did:plc:dqzrp4h5t74jpxdtzxdxynf6/app.bsky.feed.post/3lgiu7uwbks2t,associationarra.bsky.social,ARRA - Association pour la Réduction des Risques Aéroportés,,"Dérivé du meme du petit chien qui prend son café dans le feu en disant « this is fine ». (tout va bien)
Là il a une extincteur à la main et il y a écrit : « It’s not fine, and you have a responsibility to act ».
(non ça ne va pas et vous avez une responsabilité à agir)",https://cdn.bsky.app/img/feed_fullsize/plain/did:plc:dqzrp4h5t74jpxdtzxdxynf6/bafkreihtn4mmm2zxjpbcpedbx4h72w2lo4y22fn76ystnlqgeqb27zqwte@jpeg,240,71,1,2025-01-24T16:52:01.444Z,2025-01-24T16:52:05.946Z,https://bsky.app/profile/associationarra.bsky.social/post/3lgiu7uwbks2t,2025-12-20 19:26:53
bluesky,this is fine,this is fine meme,at://did:plc:b7enzimscmosl3at7vszmul5/app.bsky.feed.post/3lhhdpkf74s2i,littleguys3d.bsky.social,Channing,"I love it here 

littleguys3d.bigcartel.com","The first panel of the “this is fine” meme recreated with paper and miniatures, with jellybean tiger in the place of the dog ",https://cdn.bsky.app/img/feed_fullsize/plain/did:plc:b7enzimscmosl3at7vszmul5/bafkreifd2lqko6yeheh3fvrgi4yq5mkwfzi6qcvpdeug4gppb7jfuqveoi@jpeg,151,24,3,2025-02-05T19:49:05.571Z,2025-02-05T19:49:12.552Z,https://bsky.app/profile/littleguys3d.bsky.social/post/3lhhdpkf74s2i,2025-12-20 19:26:54
bluesky,this is fine,this is fine meme,at://did:plc:lofloocctwsiuko3wokhcums/app.bsky.feed.post/3lhgwijcuac2m,basil-mage.bsky.social,Basil 🌿,"""This is fine""(it's not)","Crudely drawn dog sitting on a stool next to a table with a dog bowl. In the background, the dog is surrounded by flames. Referencing a meme but also a commentary on feeling helpless and trying to maintain a positive attitude when everything around them is going up in flames. ",https://cdn.bsky.app/img/feed_fullsize/plain/did:plc:lofloocctwsiuko3wokhcums/bafkreiarc2vsum6qk6zjeg4lupjdfk52adpuw3jbpnckimm67mxx24obgy@jpeg,133,28,4,2025-02-05T15:52:30.824Z,2025-02-05T15:42:49.261Z,https://bsky.app/profile/basil-mage.bsky.social/post/3lhgwijcuac2m,2025-12-20 19:26:54
bluesky,this is fine,this is fine meme,at://did:plc:zpgvp5yv6k6qnyhh4duij5jc/app.bsky.feed.post/3lhepzs3pp22h,jamelah.bsky.social,Jamelah,"Updated the meme for you, Chuck.","This is fine dog in 2 panels. First panel is dog sitting in room on fire. Second panel is dog sitting in room on fire wearing a badge that says Chuck Schumer. There is a speech bubble, it says ""Someone should stop this.""",https://cdn.bsky.app/img/feed_fullsize/plain/did:plc:zpgvp5yv6k6qnyhh4duij5jc/bafkreifenlkfg7qd7en3m3ia7uri42mzb3wgrfczzjn7f7atmytujow7ja@jpeg,395,25,2,2025-02-04T18:51:34.862Z,2025-02-04T18:51:36.262Z,https://bsky.app/profile/jamelah.bsky.social/post/3lhepzs3pp22h,2025-12-20 19:26:55
bluesky,this is fine,this is fine meme,at://did:plc:7pr24ntsdnvee23td552aes4/app.bsky.feed.post/3lhbggyldxk2z,pwgtennant.bsky.social,Peter Tennant,Shout out to everyone else who struggles to focus when the world is burning 😵‍💫,Burning dog / 'this is fine' meme. The dog sits in a fire labelled 'the world burning' and remarks 'we should focus on our work'. ,https://cdn.bsky.app/img/feed_fullsize/plain/did:plc:7pr24ntsdnvee23td552aes4/bafkreifsswjjqicxpwheodredebycnlgn5aeaq5oyiiqjvekiwfpmnj7te@jpeg,158,21,3,2025-02-03T11:22:01.245Z,2025-02-03T11:22:02.051Z,https://bsky.app/profile/pwgtennant.bsky.social/post/3lhbggyldxk2z,2025-12-20 19:26:56
bluesky,this is fine,this is fine meme,at://did:plc:lr5hvww76a4sc75t2mabfpfw/app.bsky.feed.post/3lh7p6vlmbc2y,grittyjgritterson.bsky.social,Comrade Gritty,,"edited 'this is fine' meme:

americans after living under decades of neoliberalism:
""this is communism""",https://cdn.bsky.app/img/feed_fullsize/plain/did:plc:lr5hvww76a4sc75t2mabfpfw/bafkreifkka7brwabd7lcvbarkyclae44veqjzj6rtdjvi23pxjlcemx2la@jpeg,169,33,2,2025-02-02T18:53:13.872Z,2025-02-02T18:53:14.555Z,https://bsky.app/profile/grittyjgritterson.bsky.social/post/3lh7p6vlmbc2y,2025-12-20 19:26:57
bluesky,this is fine,this is fine meme,at://did:plc:taanazbkwjlneh7fscohzzcf/app.bsky.feed.post/3lgx5ls3uas2p,archiv9.bsky.social,gelöscht,,"Das this is fine Meme, aber dr und sagt nicht this is fine, er sagt ""Da können AfD-Leute triumphieren, wie sie wollen""

der Hund ist Merz",https://cdn.bsky.app/img/feed_fullsize/plain/did:plc:taanazbkwjlneh7fscohzzcf/bafkreieuranodepnbwcturrrscbieodffi4nmo3nea4osdvbdsqakswejy@jpeg,310,33,6,2025-01-30T09:17:01.171Z,2025-01-30T09:17:04.153Z,https://bsky.app/profile/archiv9.bsky.social/post/3lgx5ls3uas2p,2025-12-20 19:26:58
bluesky,this is fine,this is fine meme,at://did:plc:gljcmclsvuebhhnvpa2rwvjr/app.bsky.feed.post/3lhutt2figc2l,adamweinstein.bsky.social,Adam Weinstein,,"The ""this is fine"" meme but the dog is saying ""this is close to a constitutional crisis""",https://cdn.bsky.app/img/feed_fullsize/plain/did:plc:gljcmclsvuebhhnvpa2rwvjr/bafkreidhx74ppmtyzo5y2yd2hhy4d6y6rfi2mqlv6iks7hgmp6skx3hqne@jpeg,337,48,3,2025-02-11T04:41:59.469Z,2025-02-11T04:42:01.649Z,https://bsky.app/profile/adamweinstein.bsky.social/post/3lhutt2figc2l,2025-12-20 19:27:03
bluesky,this is fine,this is fine meme,at://did:plc:itwimoiaj7qfal7hizju3syz/app.bsky.feed.post/3lhm4dloco22k,neorsd.org,NE Ohio Regional Sewer District,reaching another milestone on this app,"""This is fine"" dog meme, with edits. The left panel features a close-up of our Bluesky account hitting 15,000 followers; the right panel shows the dog saying ""This is nice.""",https://cdn.bsky.app/img/feed_fullsize/plain/did:plc:itwimoiaj7qfal7hizju3syz/bafkreibuqxk3w2u7ejj4osj4jddx722uwn7iukaf6th424kd3qpqxyofvq@jpeg,1302,41,20,2025-02-07T17:20:26.763Z,2025-02-07T17:20:28.455Z,https://bsky.app/profile/neorsd.org/post/3lhm4dloco22k,2025-12-20 19:27:05
bluesky,this is fine,this is fine meme,at://did:plc:otnov2dbrseqr3dzxjrbnif5/app.bsky.feed.post/3lhkgzu4yrc2i,hellspawnmotel.bsky.social,LEO,robot girls part 2,"a meme redraw comic of my robot ocs kristi, rick, and 13 sitting at a bus stop. in the first panel kristi points to 13 minding her own business and says ""dilf detected"" as rick lowers her glasses to observe. in the second panel rick asks 13 ""what are your pronouns"" and 13 answers ""she/they"". in the third panel rick leans back over to kristi and says ""chat I'm going to try to rizz them up"". fourth panel she lowers her glasses slightly and does a little dreamworks smirk as she turns back to 13 and says ""your ass is so fat it makes me want to kill myself"". 13's expression remains unchanged.",https://cdn.bsky.app/img/feed_fullsize/plain/did:plc:otnov2dbrseqr3dzxjrbnif5/bafkreifd7f6kbmwsux3mt6zy56fzsfg2spjrvoes6oabct5343gbjd3o3a@jpeg,271,50,4,2025-02-07T01:26:31.759Z,2025-02-07T01:26:34.949Z,https://bsky.app/profile/hellspawnmotel.bsky.social/post/3lhkgzu4yrc2i,2025-12-20 19:27:05
bluesky,this is fine,this is fine meme,at://did:plc:r3qxtn5lfh33yh5it356z3ah/app.bsky.feed.post/3lhigp32oyk2z,like-the-bunch.bsky.social,Brady! 🏳️‍⚧️,,"Tumblr post from @guerillatech. Edited comic of the “this is fine” meme, but the dog calmly sitting in the fire is wearing an “I voted” sticker and is saying “they can’t do this it’s illegal”",https://cdn.bsky.app/img/feed_fullsize/plain/did:plc:r3qxtn5lfh33yh5it356z3ah/bafkreiaydvudcifaxozzisuwcwq3cjqefol7qvtk5im2wdtm6krunutmtq@jpeg,154,15,0,2025-02-06T06:15:10.448Z,2025-02-06T06:15:12.856Z,https://bsky.app/profile/like-the-bunch.bsky.social/post/3lhigp32oyk2z,2025-12-20 19:27:05
bluesky,this is fine,this is fine meme,at://did:plc:pyc4q5cugeu3eh262ac7xoq7/app.bsky.feed.post/3ligsnotos22s,krstorevic.bsky.social,Krsto Lazarević,"Studierende marschieren tagelang nach Kragujevac, Bauern blockieren Straßen mit Traktoren und ein breites gesellschaftliches Bündnis solidarisiert sich. 

Was ich bei den Protesten in Serbien erlebt habe und was die Menschen dort sagen, könnt ihr hier hören. 

ballaballa-balkan.de/episode/seme...","Fotocollage: Im intergrund ist ein großes Foto von den Protesten, vorne Aleksandar Vucic, der erschrecjt schat, danebne eine Demonstrantin, die in Schild in die Luft hält mit dem ""This is Fine Meme"" nur mit Vucic zwischen den Flammen. ",https://cdn.bsky.app/img/feed_fullsize/plain/did:plc:pyc4q5cugeu3eh262ac7xoq7/bafkreigxx4qn4kqcypymk6xvxw5vma5gqw47q7h2dcdetbl6cshamut7fm@jpeg,287,59,6,2025-02-18T08:09:01.144Z,2025-02-18T08:09:01.451Z,https://bsky.app/profile/krstorevic.bsky.social/post/3ligsnotos22s,2025-12-20 19:27:07
bluesky,this is fine,this is fine meme,at://did:plc:ajfend7rbpxedexqddjcjxtq/app.bsky.feed.post/3lj27dmrztc2e,stormifolf.bsky.social,🦊Stormi The Folf🐺,,"Art of my fursona super imposed onto the ""I'm fine, this is fine"" meme. Stormi art by @bleptarts.bsky.social ",https://cdn.bsky.app/img/feed_fullsize/plain/did:plc:ajfend7rbpxedexqddjcjxtq/bafkreig5npsags5tljmy6tihm2nrgghns7lwncmrn5ylababhio6y6d5ly@jpeg,132,8,3,2025-02-26T01:16:37.130Z,2025-02-26T01:16:39.351Z,https://bsky.app/profile/stormifolf.bsky.social/post/3lj27dmrztc2e,2025-12-20 19:27:10
bluesky,this is fine,this is fine meme,at://did:plc:wt7gkjce5cqywkfol4wpkduq/app.bsky.feed.post/3livwtplypk2h,ruthe.de,Ralph Ruthe ,"""Guten"" Morgen!","Friedrich Merz sitzt - angelehnt an das ""This Is Fine""-Meme in einer brennenden Küche und lächelt. Vor ihm auf dem Tisch steht eine Tasse, auf der ""Rambo Zambo"" steht. Im Hintergrund kommt eine grinsende Alice Weidel herein, sie hält einen Kuchen in AfD-Farben in der Hand. ",https://cdn.bsky.app/img/feed_fullsize/plain/did:plc:wt7gkjce5cqywkfol4wpkduq/bafkreib7sa2jcze3e2qbcxnjfqvc222ikcmqdz6llguvlyov67icucsyzi@jpeg,2181,398,35,2025-02-24T08:33:54.315Z,2025-02-24T08:33:57.054Z,https://bsky.app/profile/ruthe.de/post/3livwtplypk2h,2025-12-20 19:27:11
bluesky,this is fine,this is fine meme,at://did:plc:vtulckfwhlh3ndn4iqfcg3an/app.bsky.feed.post/3lip5ylpf2s23,greenleejw.bsky.social,"Surprised Eel Historian, PhD","Did people always pay their eel-rents? Hell no!

In 1250 the abbot of Tupeholm sued the nuns Stykeswald. The nuns owed the abbot a yearly rent of 6 sticks of eels, but hadn't paid for 3 years!

That's 450 eels, folks. Scandalous!

The nuns agreed to pay a fine, and life went on.
🗃️🧪","Meme. Medieval painting of a nun, her head bowed and her hands clasped in front of her. There is something of a halo around her head. She is cutting her eyes towards you, and her eyebrows seem sculpted to perfection. Her lips are pursed, and her nose is so straight that you could use it for a ruler. Presumably you have interrupted her in the middle of prayer. Your first impression is that she is meant to look holy.

But, on further examination, this feels...off. Her expression is not terribly reverent. This nun (we'll call her Sister Immolate) looks coy, and cunning. Her hands, which you first took to be clasped in prayer, appear to be arched in a Mr. Burns ""excellent"" pose, and the lift of her eyebrows suggests that she knows things that you don't.

And not just things. A specific THING. And you'll not be in the dark for long. You've walked right into Sister Immolate's trap, like a hiker to a mountain lion's lair. Good luck.

Meme text reads:
""We thought you said
You wanted none eels""",https://cdn.bsky.app/img/feed_fullsize/plain/did:plc:vtulckfwhlh3ndn4iqfcg3an/bafkreiepmvpk6ekyl56qtsharc4wivdgycxm6ndscfslgtqnafd2eokh6q@jpeg,109,9,3,2025-02-21T15:53:16.018Z,2025-02-21T15:53:18.152Z,https://bsky.app/profile/greenleejw.bsky.social/post/3lip5ylpf2s23,2025-12-20 19:27:12
bluesky,this is fine,this is fine meme,at://did:plc:s3ydmnhuxlguyple3ysdy2d7/app.bsky.feed.post/3lin2d67ss22c,dorovain.bsky.social,rye 🎃🍞,"spreading the #claudoro agenda on this fine thursday 🔥
#fe3h","a meme that reads:

intelligent systems/koei tecmo gave us no supports because they knew we’d be unstoppable as canon lovers

the text is surrounded by images of claude and dorothea from fire emblem three houses ♥️",https://cdn.bsky.app/img/feed_fullsize/plain/did:plc:s3ydmnhuxlguyple3ysdy2d7/bafkreibcbgl2rnntt3xnqiouidwcj5kdsxjh4ohxnwgajk6ckuoapol5oa@jpeg,110,22,7,2025-02-20T19:42:16.533Z,2025-02-20T19:42:20.053Z,https://bsky.app/profile/dorovain.bsky.social/post/3lin2d67ss22c,2025-12-20 19:27:12
bluesky,this is fine,this is fine meme,at://did:plc:uojvncxfhac7iekpcxi7h4re/app.bsky.feed.post/3ljmhzlp3ws24,spdustin.com,Dustin Miller,,"The ""This Is Fine"" meme, wherein a cartoon dog is sitting in a burning room casually enjoying a cup of coffee while saying, ""this is fine,"" but instead, the dog is holding a paddle with the test ""mUsK STeAls""",https://cdn.bsky.app/img/feed_fullsize/plain/did:plc:uojvncxfhac7iekpcxi7h4re/bafkreiavnwiwnnrifr5ixdtcakejybd6zvnkdneik2ysafmlrpad5nuaoe@jpeg,146,12,0,2025-03-05T07:39:59.403Z,2025-03-05T07:40:00.355Z,https://bsky.app/profile/spdustin.com/post/3ljmhzlp3ws24,2025-12-20 19:27:13
bluesky,this is fine,this is fine meme,at://did:plc:zvwsmwscm7dlefmtzrc2e3kw/app.bsky.feed.post/3ljm67pjeok2t,corgiseveryhour.bsky.social,Yuletide and Old Lace,Democrats in congress during the SOTU,"The dog from everything is on fire, but this is fine meme. Little orange dog wearing a hat Holden. Signs that say musk steals and falls sitting in an orange chair, surrounded by flames in a green room",https://cdn.bsky.app/img/feed_fullsize/plain/did:plc:zvwsmwscm7dlefmtzrc2e3kw/bafkreigx4ss4v4wuu3vggrzsoz7ccwt72ai34kziqttsnh7bvboiethxdu@jpeg,207,38,6,2025-03-05T04:44:27.318Z,2025-03-05T04:44:30.050Z,https://bsky.app/profile/corgiseveryhour.bsky.social/post/3ljm67pjeok2t,2025-12-20 19:27:13
bluesky,this is fine,this is fine meme,at://did:plc:bppz56h6f67t2tclkgq3h5oe/app.bsky.feed.post/3ljlzjnibi22k,pwr2dppl.bsky.social,"Dr Fall of Fascism, Crushed ICE lattes",Average Congressional Democrat at the SOTU,This is fine meme template with the bar on fire and it's been edited so it looks like the dog is holding a sign that says False,https://cdn.bsky.app/img/feed_fullsize/plain/did:plc:bppz56h6f67t2tclkgq3h5oe/bafkreiegsbxnytbbusjbjdjmxjxrv4v5pgo24xwdhqz7njhwjvm3cedhh4@jpeg,405,78,9,2025-03-05T03:20:32.015Z,2025-03-05T03:20:33.363Z,https://bsky.app/profile/pwr2dppl.bsky.social/post/3ljlzjnibi22k,2025-12-20 19:27:13
bluesky,this is fine,this is fine meme,at://did:plc:vtulckfwhlh3ndn4iqfcg3an/app.bsky.feed.post/3ljigvzqguk2t,greenleejw.bsky.social,"Surprised Eel Historian, PhD","Lent begins this week. And if you're a medieval English abbot that means one thing: eel-rents!

At the start of Lent tenants all over England came to pay their yearly rent in eels. Hundreds of thousands of eels.

But how? Why?

Well...it's about sex & availability, you see. 1/7
🗃️🧪","Meme. Painting of a medieval abbot. He's standing and holding a little red book, which is open in his hand. He has a long white beard, and the hair on the side of his head sweeps over his ears like the tide sweeps over a sandbar. He is bald, and there is a fine patina of light on dancing across his head. He is wearing a dark grey robe, with the hood thrown back, and next to him is the staff of his office. Behind is head is a yellow halo, so you know he's esp. holy.

He is looking down towards the book, but not actually at it. It looks like he was reading, but got distracted by something on the floor a little in front of him. His expression is calm, so it's not anything wild like a group of rabbits ritualistically sacrificing a sparrow. More like he's seen a piece of cheese, and the abbot can't quite recall when last he had cheese. Later, idly, he'll pick it up and realize that it's lint from his socks.

Meme text reads:
""I'm a medieval monk
Everything's about sex, really""",https://cdn.bsky.app/img/feed_fullsize/plain/did:plc:vtulckfwhlh3ndn4iqfcg3an/bafkreibrteln7resglsvk4carqjtwolrgnqih5lry33ibgco6tb3ioctii@jpeg,256,78,7,2025-03-03T17:09:27.203Z,2025-03-03T17:09:35.054Z,https://bsky.app/profile/greenleejw.bsky.social/post/3ljigvzqguk2t,2025-12-20 19:27:14
bluesky,this is fine,this is fine meme,at://did:plc:qqixzm5pwprzdnkbh2hglpax/app.bsky.feed.post/3ljib43rm6c25,whitehouse.senate.gov,Senator Sheldon Whitehouse,,"Political cartoon mimicking the ""this is fine"" meme with Chief Justice Roberts surrounded by flames and the burning Constitution.",https://cdn.bsky.app/img/feed_fullsize/plain/did:plc:qqixzm5pwprzdnkbh2hglpax/bafkreihqp3khmqdzfztsqbjex7c6on3kdnnrapwpvnxdb4qshp7po2paou@jpeg,1003,294,36,2025-03-03T15:25:28.226Z,2025-03-03T15:25:29.949Z,https://bsky.app/profile/whitehouse.senate.gov/post/3ljib43rm6c25,2025-12-20 19:27:14
bluesky,this is fine,this is fine meme,at://did:plc:wwtm5peukhmsjizz3vjkkuxb/app.bsky.feed.post/3lk7o7dpgr22r,johngreensbluesky.bsky.social,John Green,Promoting your stuff in 2025 is weird but anyway everythingistb.com,"""This Is Fine"" meme depicting a dog in a burning house only instead of saying this is fine the dog is saying ""So I have a book coming out.""",https://cdn.bsky.app/img/feed_fullsize/plain/did:plc:wwtm5peukhmsjizz3vjkkuxb/bafkreibhnwlksiq5whrco5d3z3q5kufji5crng7gejfvy52noei45ayvc4@jpeg,3473,162,52,2025-03-12T22:51:09.835Z,2025-03-12T22:51:12.750Z,https://bsky.app/profile/johngreensbluesky.bsky.social/post/3lk7o7dpgr22r,2025-12-20 19:27:16
bluesky,this is fine,this is fine meme,at://did:plc:w7i72dxjx5uifnngkds4ovqg/app.bsky.feed.post/3lk4gsleg422w,lichimochi.com,​Lichi Mochi,"Ilustración manuscrita del siglo XIV muestra al legendario rey británico del siglo V, Vortigern, en su castillo en llamas.
El meme ""This is fine"" pero en formato medieval.",,https://cdn.bsky.app/img/feed_fullsize/plain/did:plc:w7i72dxjx5uifnngkds4ovqg/bafkreihqz24s6ssu3kruwvqvrgwkari2xzz3awt726rjsleut2rto6juga@jpeg,156,52,1,2025-03-11T16:00:46.231Z,2025-03-11T16:00:50.958Z,https://bsky.app/profile/lichimochi.com/post/3lk4gsleg422w,2025-12-20 19:27:16
bluesky,this is fine,this is fine meme,at://did:plc:tytqima7xebl5pi5cp34qtld/app.bsky.feed.post/3ljuo23lep22w,birdlord.bsky.social,Public Emily,our man @kcg.bsky.social makes it to the hand painted “meme wall” at the local french school,"This Is Fine dog painted on a cinder block wall, his speech bubble translated to “ça c’est correct”, Hellmo is visible to the left of frame",https://cdn.bsky.app/img/feed_fullsize/plain/did:plc:tytqima7xebl5pi5cp34qtld/bafkreigh3co3yrqgg6zbr7ernnhbr6artlihc7t4ruawivcnqu4ezoaicm@jpeg,144,12,0,2025-03-08T13:48:56.404Z,2025-03-08T13:49:01.051Z,https://bsky.app/profile/birdlord.bsky.social/post/3ljuo23lep22w,2025-12-20 19:27:18
bluesky,this is fine,this is fine meme,at://did:plc:ghf5r57b6qmjpggqqj4uoeat/app.bsky.feed.post/3ljrdtmsbxk2a,lilnoodledragon.bsky.social,Palo 🕊️🍜🐉,So anyway how’s everyone doing?,"The “this is fine” dog in a burning house meme but with Paloma, a red-breasted pigeon colored feathered dragon. ",https://cdn.bsky.app/img/feed_fullsize/plain/did:plc:ghf5r57b6qmjpggqqj4uoeat/bafkreiaaww5taek63m673eszocurqkjibncmsabyf6lkemwbyy5jasu4xi@jpeg,137,10,14,2025-03-07T06:08:22.944Z,2025-03-07T06:08:25.446Z,https://bsky.app/profile/lilnoodledragon.bsky.social/post/3ljrdtmsbxk2a,2025-12-20 19:27:18
bluesky,this is fine,this is fine meme,at://did:plc:h522cghewomar5runsiz3f2f/app.bsky.feed.post/3lkjnpbgzm22b,alepresser.com,Ale,Here.,"The ""this is fine"" comic meme of the dog in a house on fire, but instead of ""this is fine"", he says ""so I have a book coming out""",https://cdn.bsky.app/img/feed_fullsize/plain/did:plc:h522cghewomar5runsiz3f2f/bafkreidtzgaqifr4wotptcm2fordogj7d5vonerkuo7s5vicbnhqromvsq@jpeg,101,1,3,2025-03-16T22:08:47.918Z,2025-03-16T22:08:48.658Z,https://bsky.app/profile/alepresser.com/post/3lkjnpbgzm22b,2025-12-20 19:27:21
bluesky,this is fine,this is fine meme,at://did:plc:dna3c6dbiajizvm2aionxled/app.bsky.feed.post/3lkea3sed3c27,maris.bsky.social,Maris Kreizman,Chuck Schumer right now:,"This is fine meme, but with dog saying “So I have a book coming out”",https://cdn.bsky.app/img/feed_fullsize/plain/did:plc:dna3c6dbiajizvm2aionxled/bafkreiaoglkr5yhkmejorv2lcfpiruwfzax7twyqrswctqgykovsycwwwy@jpeg,23343,3491,363,2025-03-14T18:21:57.274Z,2025-03-14T18:21:58.652Z,https://bsky.app/profile/maris.bsky.social/post/3lkea3sed3c27,2025-12-20 19:27:21
bluesky,this is fine,this is fine meme,at://did:plc:zgi3qfrm46r7qr2jriw673gd/app.bsky.feed.post/3lla7lu4x7225,shelleybwoke.bsky.social,FreeLinkophant Shelley B Woke - Living Saint of Purity🏳️‍⚧️🖤💜🤍 💛,I crossed the memes to more accurately reflect the current situation.,"a room with flames and smoke from the ""This is Fine"" meme and Ralph from the Simpsons sitting in a chair next to a table and a coffee cup with a speech bubble ""I'm in danger"" from the ""I'm in Danger"" Meme",https://cdn.bsky.app/img/feed_fullsize/plain/did:plc:zgi3qfrm46r7qr2jriw673gd/bafkreiceculf7itzzqitzs5ye3wt5t5s62dyrrn6ljz3pxqo3yavjhftnq@jpeg,2391,337,31,2025-03-25T21:27:34.941Z,2025-03-25T21:27:36.485Z,https://bsky.app/profile/shelleybwoke.bsky.social/post/3lla7lu4x7225,2025-12-20 19:27:23
bluesky,this is fine,this is fine meme,at://did:plc:m5qyucjfzog3bc4jlsznv4fs/app.bsky.feed.post/3ll5dcnv6d22m,mortadela.bsky.social,,,"Edit del meme del perrete y su ""This is fine"", en un mar de agua y sentado en el tejado de una casa arrasada por el agua, con una intensa lluvia detrás.
",https://cdn.bsky.app/img/feed_fullsize/plain/did:plc:m5qyucjfzog3bc4jlsznv4fs/bafkreied4lss7f6hrkemzjclff2kkbxxsgvfv6lqquz2otqm2spzolb2gm@jpeg,120,32,2,2025-03-24T17:56:02.141Z,2025-03-24T17:56:05.378Z,https://bsky.app/profile/mortadela.bsky.social/post/3ll5dcnv6d22m,2025-12-20 19:27:23
bluesky,this is fine,this is fine meme,at://did:plc:nh252nk4cgorzq3butcyl4j2/app.bsky.feed.post/3lkwxnuzuzc2a,masae.bsky.social,Masae | Digital Crow Vtuber 🐦‍⬛,Mfw I drop a new emote and my discord server responds my yelling at me to go to bed,"Emote mimicking the ""this is fine"" dog meme. Black haired anime girl stress smiling with fire in the background.",https://cdn.bsky.app/img/feed_fullsize/plain/did:plc:nh252nk4cgorzq3butcyl4j2/bafkreichlbgp3vn75cie5gz6qjyb3e2ctetuask7ydp56gcliwuyzvkrxq@jpeg,103,4,3,2025-03-22T05:11:35.408Z,2025-03-22T05:11:37.553Z,https://bsky.app/profile/masae.bsky.social/post/3lkwxnuzuzc2a,2025-12-20 19:27:24
bluesky,this is fine,this is fine meme,at://did:plc:zgi3qfrm46r7qr2jriw673gd/app.bsky.feed.post/3lloftpnpnk2q,shelleybwoke.bsky.social,FreeLinkophant Shelley B Woke - Living Saint of Purity🏳️‍⚧️🖤💜🤍 💛,TDOV 2025 be like,"Top
Latest
‪Sx. Shelley B Woke - Living Saint of Victory 🏳️‍⚧️🖤💜🤍 💛‬ ‪@shelleybwoke.bsky.social‬
·
5d
I crossed the memes to more accurately reflect the current situation.
a room with flames and smoke from the ""This is Fine"" meme and Ralph from the Simpsons sitting in a chair next to a table and a coffee cup with a speech bubble ""I'm in danger"" from the ""I'm in Danger"" Meme
ALT
‪Sx. Shelley B Woke - Living Saint of Victory 🏳️‍⚧️🖤💜🤍 💛‬ ‪@shelleybwoke.bsky.social‬
·
5d
Had to flip the scenarios.
Question Hound from the ""This is Fine""meme sits on the bus from the Simpson's Ralph Wiggum ""I'm in danger"" meme
ALT
‪Sx. Shelley B Woke - Living Saint of Victory 🏳️‍⚧️🖤💜🤍 💛‬ ‪@shelleybwoke.bsky.social‬
·
5d
I crossed the memes to more accurately reflect the current situation.
a room with flames and smoke from the ""This is Fine"" meme and Ralph from the Simpsons sitting in a chair next to a table and a coffee cup with a speech bubble ""I'm in danger"" from the ""I'm in Danger"" Meme
ALT
‪Sx. Shelley B Woke - Living Saint of Victory 🏳️‍⚧️🖤💜🤍 💛‬ ‪@shelleybwoke.bsky.social‬
·
15d
Sharing with ALT text for those who aren't aware of the ongoing real world implications for trans people in the U.S.

""I'm afraid I could be arrested if I travel to that state...""
r/trans u/RedRhodes13012⚫ 4h Seeing people deflate when I explain simple facts of my reality bums me out. Vent ""No, I can't go on that cruise to Italy with you, because I'm struggling to get a passport that doesn't put me in danger. I'm scared I might have trouble getting home."" ""Yes, I'm looking at other job opportunities/leaving my position working at school, which I love so much. It's becoming unsafe for people like me to work with children - I got a death threat the other day."" ""Will the doctor/therapist/etc. you're recommending be safe for someone like me?"" ""Before I meet your parents, I need to know if they know about me. Will I be safe?"" ""I'm afraid I could be arrested if I travel to that state for your wed…",https://cdn.bsky.app/img/feed_fullsize/plain/did:plc:zgi3qfrm46r7qr2jriw673gd/bafkreici6shvlsgzhksk4diaxsmdbsqvwa6fpfgojl7aformawivxfgmhm@jpeg,114,35,3,2025-03-31T12:56:37.470Z,2025-03-31T12:56:40.202Z,https://bsky.app/profile/shelleybwoke.bsky.social/post/3lloftpnpnk2q,2025-12-20 19:27:26
bluesky,this is fine,this is fine meme,at://did:plc:jwnvkc6dgvfdospwywpbn6fd/app.bsky.feed.post/3llgwhbakwk2f,warandpeas.bsky.social,War and Peas 🧿,"You can now preorder our new book 🌎 HI, EARTH 🌍

It contains the best comics about our favorite planet!","The cover of the comic book Hi, Earth by War and Peas (Elizabeth Pich and Jonathan Kunz). The illustration features a cartoon Earth with large eyes, wearing a brown hat and sitting on a wooden chair, sweating nervously. The Earth is surrounded by flames, resembling the famous 'This is fine' meme. The background is bright blue, and the title Hi, Earth is displayed in large, bold letters with a red and yellow gradient.",https://cdn.bsky.app/img/feed_fullsize/plain/did:plc:jwnvkc6dgvfdospwywpbn6fd/bafkreidbvdnbgoisk7kgvzl56zuexwalxknvvvyapw6dg3y7sqzfkaxtfu@jpeg,131,14,1,2025-03-28T13:32:35.377Z,2025-03-28T13:32:46.502Z,https://bsky.app/profile/warandpeas.bsky.social/post/3llgwhbakwk2f,2025-12-20 19:27:27
bluesky,this is fine,this is fine meme,at://did:plc:6ixhocm5tk3fsqbclrbq36mf/app.bsky.feed.post/3llypwkzahk23,weeder.bsky.social,weeder,,"Dog in a burning room drinking coffee meme but instead of saying ""This is Fine"" he's saying ""God, grant me the serenity to accept the things I cannot change, the courage to change the things I can, and the wisdom to know the difference.""",https://cdn.bsky.app/img/feed_fullsize/plain/did:plc:6ixhocm5tk3fsqbclrbq36mf/bafkreihrzjufrjbvcfbo7yn7nophqw7oti3npdzovlfkp7b5zlibss3xfm@jpeg,183,35,7,2025-04-04T15:23:48.048Z,2025-04-04T15:23:51.302Z,https://bsky.app/profile/weeder.bsky.social/post/3llypwkzahk23,2025-12-20 19:27:31
bluesky,this is fine,this is fine meme,at://did:plc:24wahbldlr5nvspf6n5itbj7/app.bsky.feed.post/3llyid7uamc2f,perilinpink.bsky.social,Gina,"“A Lady with a Parasol Looking Out to Sea” by Alfred Emile Stevens

I had some fun with this one. I couldn’t tell for sure what was happening in the background of the painting (it looked like a burning ship) so for my computer background I did a picture of the ocean with the “This is fine” dog meme","On the left: A photo of me in a yellow sleeveless dress with black elbow length gloves, a blue shawl wrapped over my left arm. In my right hand I am holding a green polka dot umbrella. I’m wearing a yellow fascinator hat. Behind me is a computer screen showing the ocean and a gif of the dog in a burning room drinking coffee saying “this is fine”

On the right: A painting of a woman in a yellow sleeveless dress with black elbow length gloves, a peach shawl wrapped over her left arm. In her right hand she is holding a blue parasol. She’s wearing a yellow fascinator hat. Behind her is the ocean with what looks like a burning ship, but maybe that is supposed to be mist?",https://cdn.bsky.app/img/feed_fullsize/plain/did:plc:24wahbldlr5nvspf6n5itbj7/bafkreic4ggolotxyiaphg7nwcbvvhpaq26g5hl4czc3cusm4bz2stwarpe@jpeg,440,16,5,2025-04-04T13:07:42.628Z,2025-04-04T13:07:45.397Z,https://bsky.app/profile/perilinpink.bsky.social/post/3llyid7uamc2f,2025-12-20 19:27:31
bluesky,this is fine,this is fine meme,at://did:plc:sbgcae7sjl5cweunv7xkmv57/app.bsky.feed.post/3lmxnk2j4ic25,seizethememez.bsky.social,•Anti-capitalist meme pebbler•,,"The image is a meme featuring a cartoon dog sitting calmly at a table with a cup of coffee, surrounded by flames, indicating a chaotic or disastrous situation. The dog is saying, ""THIS IS FINE,"" which is a popular meme used to express denial or acceptance in the face of a crisis. 

Above this scene, there's a caption that reads, ""Fascism doesn’t need your support. It just needs your silence."" This text suggests a commentary on complacency or inaction in the face of authoritarianism or oppressive regimes, using the ""This is Fine"" meme to illustrate the point.",https://cdn.bsky.app/img/feed_fullsize/plain/did:plc:sbgcae7sjl5cweunv7xkmv57/bafkreiftxzwhb5dfr6lwukho6p4p3lbu43mon456suwamikoxayviim7lu@jpeg,109,22,2,2025-04-16T22:33:32.516Z,2025-04-16T22:33:34.384Z,https://bsky.app/profile/seizethememez.bsky.social/post/3lmxnk2j4ic25,2025-12-20 19:27:33
bluesky,this is fine,this is fine meme,at://did:plc:qydywf5jba5lrrj3tr5klr4p/app.bsky.feed.post/3lmpas2en4s23,kiwiitin.bsky.social,Kiwii,I should be doing something else but I couldn't resist this meme for #hansry,"first comic window, Hans walks up to Henry and asks ""How's the most beautiful face of Bohemia doing?""
2nd Henry turns with a beautiful bright smile, halo around him. ""I don't know, how are you?""
3rd Hans is blushing and clutching his poor beating heart
4th Hans, still blushing, saying ""Um... I'm fine"" trying to play it off with a wide smile and upturned nose. Henry grins at the camera knowing full well what he did.",https://cdn.bsky.app/img/feed_fullsize/plain/did:plc:qydywf5jba5lrrj3tr5klr4p/bafkreihsq5ypjdx6rqicxjrq4k53hw262foep5yflwvsve2mjun4y4urga@jpeg,115,9,1,2025-04-13T14:24:04.261Z,2025-04-13T14:24:06.079Z,https://bsky.app/profile/kiwiitin.bsky.social/post/3lmpas2en4s23,2025-12-20 19:27:34
bluesky,this is fine,this is fine meme,at://did:plc:dhh4lo6p62ojv2di72dpuofs/app.bsky.feed.post/3lmi52g7pg22f,vamospeat.bsky.social,❄️,what’s your harmless social media pet peeve? okay fine i’ll go first mine is that this meme format kicks gay mens’ asses DAILY lmao almost never written or delivered correctly and i giggle every time,,https://cdn.bsky.app/img/feed_fullsize/plain/did:plc:dhh4lo6p62ojv2di72dpuofs/bafkreidopepzqi4irn5xrirqm2o3km6va4fks3fetaw66whyix2mwtt2ea@jpeg,138,4,27,2025-04-10T18:28:31.965Z,2025-04-10T18:28:36.086Z,https://bsky.app/profile/vamospeat.bsky.social/post/3lmi52g7pg22f,2025-12-20 19:27:34
bluesky,this is fine,this is fine meme,at://did:plc:edihxtb7s4q5pzpugazejhde/app.bsky.feed.post/3lmhwhsd5ys2q,estherbgood.bsky.social,Esther Be Good!,"MARKET WATCH

We’re Freefalling!

Dow down 5.23%

Under 38,500

Not sure if my camera lens is smudged or if my house is on fire.

Some smoky-looking results","This is a picture from the corner of my TV screen that shows that the Dow is down 

-5.23%

-2,123.37

38,485.08",https://cdn.bsky.app/img/feed_fullsize/plain/did:plc:edihxtb7s4q5pzpugazejhde/bafkreiha2gsvr36vdlgh2v2oybvevrfhqprrby7es7xjf6vdqo6nk4wgza@jpeg,466,34,7,2025-04-10T16:30:44.680Z,2025-04-10T16:30:47.682Z,https://bsky.app/profile/estherbgood.bsky.social/post/3lmhwhsd5ys2q,2025-12-20 19:27:34
bluesky,this is fine,this is fine meme,at://did:plc:kkesstzqnui7sfciu4fk33s2/app.bsky.feed.post/3lmyhowihpc2d,pupfiction.bsky.social,Pup Fiction,Dutton is a dud,"The This is Fine meme, but replaced with the words 'I am not a scientist'",https://cdn.bsky.app/img/feed_fullsize/plain/did:plc:kkesstzqnui7sfciu4fk33s2/bafkreiej4fs76yiung6s7nc4i2qzitiofbjcsj7tqtkgpwkuhkw3gqs22y@jpeg,110,21,5,2025-04-17T06:21:33.349Z,2025-04-17T06:21:46.384Z,https://bsky.app/profile/pupfiction.bsky.social/post/3lmyhowihpc2d,2025-12-20 19:27:35
bluesky,this is fine,this is fine meme,at://did:plc:6nrr6z76wyvhgksmcxuhnusa/app.bsky.feed.post/3lnzfvwawxk2y,melaniegywer.bsky.social,Melanie Gywer,THIS IS FINE,"Zeichnung: ""this is fibe""-meme, auf dem Hund steht SPD",https://cdn.bsky.app/img/feed_fullsize/plain/did:plc:6nrr6z76wyvhgksmcxuhnusa/bafkreibcn3nquujbjiox24w5k6xhyn7fv2mf6ame5k3uwlsqxadlmugmyq@jpeg,421,50,6,2025-04-30T08:47:31.866Z,2025-04-30T08:47:36.684Z,https://bsky.app/profile/melaniegywer.bsky.social/post/3lnzfvwawxk2y,2025-12-20 19:27:36
bluesky,this is fine,this is fine meme,at://did:plc:dbzmdmsaz6lkhb4tv3culzme/app.bsky.feed.post/3loebfqbxs223,chronicillness.bsky.social,Chronic Illness Humor,,"1st panel
dog in the fire meme - a pain/ailment that would cripped a normal person
2nd panel - closeup of dog (me) 'this is fine. I'm used to it. ",https://cdn.bsky.app/img/feed_fullsize/plain/did:plc:dbzmdmsaz6lkhb4tv3culzme/bafkreihyfv4xygg4ylauhqe2pynq7u7k6tlkopzeldik4ukgsa5ramxqgq@jpeg,163,31,4,2025-05-04T16:26:10.910Z,2025-05-04T16:26:12.386Z,https://bsky.app/profile/chronicillness.bsky.social/post/3loebfqbxs223,2025-12-20 19:27:40
bluesky,this is fine,this is fine meme,at://did:plc:bm5gia4ft6jdjjet5lgpldce/app.bsky.feed.post/3loaeoeueok2d,rikaklassen.bsky.social,Rika Klassen,,"The classic dog drinking coffee in a room on fire meme, but instead of"" This is fine"", he is saying ""The fire is endemic now.""",https://cdn.bsky.app/img/feed_fullsize/plain/did:plc:bm5gia4ft6jdjjet5lgpldce/bafkreife2lpab63rhshlviojzws32c2lrfwouiu425vzvp2qgg2hfz3dim@jpeg,164,35,1,2025-05-03T03:14:03.187Z,2025-05-03T03:14:05.789Z,https://bsky.app/profile/rikaklassen.bsky.social/post/3loaeoeueok2d,2025-12-20 19:27:40
bluesky,this is fine,this is fine meme,at://did:plc:7p7g2rae47jmgxg3ncwslczi/app.bsky.feed.post/3lpmlsvlqt224,jametc.bsky.social,jess m.,,"the famous 'this is fine' meme of a dog ignoring his house burning down around him, saying 'deltarune tomorrow'",https://cdn.bsky.app/img/feed_fullsize/plain/did:plc:7p7g2rae47jmgxg3ncwslczi/bafkreiacn66xih3sgejzspnit25keznwxambxli23ouzmsgdx3tffkwfey@jpeg,277,29,3,2025-05-20T17:18:59.633Z,2025-05-20T17:19:01.747Z,https://bsky.app/profile/jametc.bsky.social/post/3lpmlsvlqt224,2025-12-20 19:27:43
bluesky,this is fine,this is fine meme,at://did:plc:qvhevmxqofcydffyajz2ghea/app.bsky.feed.post/3lp7poemibc2s,bookjockeyalex.bsky.social,Alex Brown 🇵🇸 (they/them),"Yesterday I gave a presentation to a group of public librarians on genAI, and I think it was one of my best ones yet. We had a lot to get through in a short amount of time, but we hit all the bases.","Screenshot of opening slide. The title is ""genAI & Libraries: No, don't do it! Drop it, drop it! *grabs spray bottle*"". Beneath that is the meme of the dog wearing a hat and sitting at a table in a burning building saying ""This is fine.""
",https://cdn.bsky.app/img/feed_fullsize/plain/did:plc:qvhevmxqofcydffyajz2ghea/bafkreidirhwbmwk72qmdhq5v6gncyivkimo44lo7evwo5e4fgfh7u43vuq@jpeg,238,47,7,2025-05-15T14:23:25.983Z,2025-05-15T14:23:28.844Z,https://bsky.app/profile/bookjockeyalex.bsky.social/post/3lp7poemibc2s,2025-12-20 19:27:44
bluesky,this is fine,this is fine meme,at://did:plc:r4ostn2777kx443knuocc3om/app.bsky.feed.post/3lqa5m64mhk2j,melynart.bsky.social,melyn 🌱,"🔥; this is fine ⊹ ˖ֹ

[ #art #cute #cats #meme ]",,https://cdn.bsky.app/img/feed_fullsize/plain/did:plc:r4ostn2777kx443knuocc3om/bafkreihd4lwi6h6y2jvxsp656bpavnaokwavsulv65llgd7tejrd5svao4@jpeg,185,40,2,2025-05-28T11:57:56.012Z,2025-05-28T11:58:05.756Z,https://bsky.app/profile/melynart.bsky.social/post/3lqa5m64mhk2j,2025-12-20 19:27:45
bluesky,this is fine,this is fine meme,at://did:plc:3miidoo7lxpx7cdrptnjyfoj/app.bsky.feed.post/3lq5z5xovjs2w,lynnsenpai.bsky.social,Jocelyn Samara,"Been a mess lately.  Depression's hitting me hard.  Can't focus.  My birthday is Thursday and I got some lousy news promising it to be a lousy day.  :(

But I saw this little art meme come around again, and thought seeing people draw my girl, Chiaki, would mean the world to me right now.  :)","Chiaki Koizumi from the webcomic, My Impossible Soulmate, dressed in various outfits she can be seen wearing.",https://cdn.bsky.app/img/feed_fullsize/plain/did:plc:3miidoo7lxpx7cdrptnjyfoj/bafkreicg6qj7wi6m6dkmgp7sqvqhwrsan22fa7hh4os6sfusfhxkf6ozvq@jpeg,111,19,12,2025-05-27T15:33:05.128Z,2025-05-27T15:33:12.149Z,https://bsky.app/profile/lynnsenpai.bsky.social/post/3lq5z5xovjs2w,2025-12-20 19:27:45
bluesky,this is fine,this is fine meme,at://did:plc:a35k4sxd347gyjgvvgblmckm/app.bsky.feed.post/3lqsplqppfs24,hannibalbrigade.biz,IDF Hannibal Brigade,Bluesky’s favorite two-bit tort lawyer argues that he knows more about the provenance of gunshot wounds than doctors in the world’s most brutal war zone.,"Bluesky discussion thread:
Jules McWyrm
I was wondering about all the toddlers head-shot by IDF snipers.

Racist Lionel Hutz
You've managed to bake an assumption in there that children with head wounds in an active combat area were shot by snipers",https://cdn.bsky.app/img/feed_fullsize/plain/did:plc:a35k4sxd347gyjgvvgblmckm/bafkreibuplsc2faq7lvfnc3moocgyqxddplbs5jhx3gwbvxts7vf3rekma@jpeg,131,34,14,2025-06-04T21:07:44.649Z,2025-06-04T21:07:48.352Z,https://bsky.app/profile/hannibalbrigade.biz/post/3lqsplqppfs24,2025-12-20 19:27:47
bluesky,this is fine,this is fine meme,at://did:plc:56la2acetaj5pkcx5qf6opds/app.bsky.feed.post/3lqzgfsya5c27,kalina2hu.bsky.social,,"archive.ph/ewGBX it's kind of wild to me watching like even people my age mistake “If the penalty for a crime is a fine, then that law only exists for the lower class” for a real quote from the original game in 1997,","LGM first created the Wiegraf meme back in 2020 and posted it on a personal account. They hadn’t been in the business of making memes for long; indeed, they’d yet to turn it into any sort of business. But this meme, in particular, found an audience almost immediately. A large Twitter account shared LGM’s image, leading to a deluge of “over 100,000” comments and likes. It was then that LGM decided to start dedicated accounts for their meme making. And thus, Leftist Gamer Memes was born. ",https://cdn.bsky.app/img/feed_fullsize/plain/did:plc:56la2acetaj5pkcx5qf6opds/bafkreidva45hgeefqtskfngq45ibiv2yb2rfu7xf4xpokxh2rkhqfkcq74@jpeg,157,2,1,2025-06-07T13:12:00.207Z,2025-06-07T13:12:05.175Z,https://bsky.app/profile/kalina2hu.bsky.social/post/3lqzgfsya5c27,2025-12-20 19:27:50
bluesky,this is fine,this is fine meme,at://did:plc:z7e7icefuoosm2ddqorevb2h/app.bsky.feed.post/3lqwnn7fcis2r,nietzsxhe.bsky.social,Nietzsche (Linke Propagandamaschine),,"das this-is-fine-meme, mti dem hund der in einer brenndenen wohnung sitzt. hier stitzen sich jedoch zwei hunde gegenüber. der linke ist kräftig orange und hat ein blondes haarteil. der recht ehat ne normale farbe und eine kleine haarinsel auf dem kopf. im hintergrund hängt das Geburtszertifkat von Trumps großvater, welches merz ihm geschenkt hat.",https://cdn.bsky.app/img/feed_fullsize/plain/did:plc:z7e7icefuoosm2ddqorevb2h/bafkreidzdu5yy3ddiqzhjya6y62mcbzsunsybzvt6oc3cjlliguxjml6ue@jpeg,132,17,3,2025-06-06T10:43:25.076Z,2025-06-06T10:43:26.045Z,https://bsky.app/profile/nietzsxhe.bsky.social/post/3lqwnn7fcis2r,2025-12-20 19:27:50
bluesky,this is fine,this is fine meme,at://did:plc:ornziawcid5jumjhk6nzfw6s/app.bsky.feed.post/3lrps5ez7w22r,allanbarte.bsky.social,Allan Barte,"This is fine.

📚📖 Ça n’arrêtera aucune bombe, mais ça me permet de continuer à les dessiner ! 😬 
fr.ulule.com/macronie8/","Un dessin inspiré du célèbre mème ""This is fine"". 
Benyamin Netanyahou, tient un lance-flammes et attise les flammes qui dévorent la pièce. 
A côté, Emmanuel Macron est assis calmement à une table, un mug à la main, au milieu d’une pièce en flammes. Il déclare, impassible : ""This is fine"". 

En bas de l’image figure la mention : ""Allan Barte d’après KC Green"", 
ainsi qu’un QR code et un lien vers une campagne de financement participatif pour ""Vivre en Macronie"". ",https://cdn.bsky.app/img/feed_fullsize/plain/did:plc:ornziawcid5jumjhk6nzfw6s/bafkreigdbzdeopta3xiu4tlusa6q4li5rp2l7ly67jlsybc7meg4xdcu2y@jpeg,485,146,2,2025-06-16T10:40:36.267Z,2025-06-16T10:40:41.246Z,https://bsky.app/profile/allanbarte.bsky.social/post/3lrps5ez7w22r,2025-12-20 19:27:52
bluesky,this is fine,this is fine meme,at://did:plc:w4uphegozmuvgh3h5i2nmaro/app.bsky.feed.post/3lsdb4iborc2b,ettin.itch.io,Italian Cthulhu,Came across another discussion of D&D 4E and had a brain wave,"A bingo table for people posting that 4E is bad, with spaces like:

They Insulted The Players
No I didn't play it, why do you ask
Pathfinder outsold 4E. Source? Uhhhh
Every class is the same. Casters AND fighters are good
Faerûn went through a world-changing event. This has never happened before
4chan meme
It's a superhero comic
Can you believe a D&D game would use a grid??
There's no roleplaying
Clean layout and clear rules are bad, actually
It's a video game
It's an MMO
It didn't “feel” like D&D (free space)
It's a tactical minis figure battle combat skirmish tactics wargame
It's a board game
Healing surges don't make sense, if you pretend not to understand how HP works
Gnomes/Tieflings/Dragonborn/Turbodraculas
It's an anime
What looks like a game design term until you realise it's almost exclusively used in 4E posts	 Disassociated mechanics (okay, fine, fill in the one on the left too)
Warlords don't make sense, if you pretend not to understand how HP works
“Here's why this rule makes no sense” example that relies on the group acting like space invaders in human suits
If they called it something else, the #1 TTRPG would have been more successful
How do daily powers work? What was wrong with “1/day”
Someone posts an actually good critique of 4E without hitting another square",https://cdn.bsky.app/img/feed_fullsize/plain/did:plc:w4uphegozmuvgh3h5i2nmaro/bafkreiftvyg3jsou7nctjiki3kptablt2jhmajepimenrmmze6s55et4di@jpeg,308,99,37,2025-06-24T04:29:07.295Z,2025-06-24T04:29:12.242Z,https://bsky.app/profile/ettin.itch.io/post/3lsdb4iborc2b,2025-12-20 19:27:54
bluesky,this is fine,this is fine meme,at://did:plc:vs3pdzbgs6kkdjp3dchpq6zc/app.bsky.feed.post/3lsyg7ymmys27,errezurera.bsky.social,🍂 zurera ⋆˙⟡ comms open! ✷,We’re doing great.,"Drawing of my god Murphy as the dog meme illustration “This is fine”. A white dog with ginger fur on the head is sitting on a chair, surrounded by fire. He says “This is fine”. On the table there’s a plant and a mug that says “Best boy”.",https://cdn.bsky.app/img/feed_fullsize/plain/did:plc:vs3pdzbgs6kkdjp3dchpq6zc/bafkreibthcqrtgsviym5faxcsrwggikzws7hcssfzgqqa4xmhajbgw3uju@jpeg,335,99,12,2025-07-02T14:26:28.303Z,2025-07-02T14:26:32.446Z,https://bsky.app/profile/errezurera.bsky.social/post/3lsyg7ymmys27,2025-12-20 19:27:57
bluesky,this is fine,this is fine meme,at://did:plc:qqezjc6enlsi4pa5w25zztcp/app.bsky.feed.post/3lsvnnyafok2k,davidramirezros.bsky.social,✎ David Ramírez ✐,This Spain,"Mapa meteorológico que muestra la ""primera"" ola de calor del 2025 en España, con el perro del meme ""this is fine"" sentado en ella",https://cdn.bsky.app/img/feed_fullsize/plain/did:plc:qqezjc6enlsi4pa5w25zztcp/bafkreiejfwrolc3ci7tsdy4yghjkl4ircvpiqu3n7fzwllnqen3w2ttr5e@jpeg,554,216,12,2025-07-01T12:01:34.641Z,2025-07-01T12:01:38.440Z,https://bsky.app/profile/davidramirezros.bsky.social/post/3lsvnnyafok2k,2025-12-20 19:27:57
bluesky,this is fine,this is fine meme,at://did:plc:gixn227k63od3d4cyrwp67w5/app.bsky.feed.post/3lsm7jclkek26,marinetondelier.fr,Marine Tondelier,"Jeff Bezos et tous les milliardaires arrivés en jet ou en yacht pour une teuf indécente à Venise, pendant que la planète crève à cause d'eux.","Mème ""This is fine""",https://cdn.bsky.app/img/feed_fullsize/plain/did:plc:gixn227k63od3d4cyrwp67w5/bafkreicduioof57zpsmnjnt4wiv6qbgao2ndqa7odppr4citcful2m5u54@jpeg,267,52,14,2025-06-27T17:54:27.698Z,2025-06-27T17:54:31.439Z,https://bsky.app/profile/marinetondelier.fr/post/3lsm7jclkek26,2025-12-20 19:27:57
bluesky,this is fine,this is fine meme,at://did:plc:awyncbnck2xzf4obkdqep7ms/app.bsky.feed.post/3lti2rmh4es2z,itsabbyyep.bsky.social,It's Abby. Yep.,🤷,"The dog smiling in a room that's on fire at a table with a cup of coffee meme ""saying this is fine"" but the words have been changed to ""this is not fine but I guess I'll keep goin to work?""",https://cdn.bsky.app/img/feed_fullsize/plain/did:plc:awyncbnck2xzf4obkdqep7ms/bafkreibqm43ydhdcdzfgb3vyn7o3huac3ox7662jtj7tn6xf4owry35r74@jpeg,314,57,4,2025-07-08T19:44:10.434Z,2025-07-08T19:44:12.841Z,https://bsky.app/profile/itsabbyyep.bsky.social/post/3lti2rmh4es2z,2025-12-20 19:28:02
bluesky,this is fine,this is fine meme,at://did:plc:5fgyownrdunho537aqexm4sa/app.bsky.feed.post/3lufjp25hy22s,aspargoscoelha.bsky.social,aspargos 🐇🏳️‍⚧️,,"foto de uma pelúcia do cachorrinho do meme ""this is fine""",https://cdn.bsky.app/img/feed_fullsize/plain/did:plc:5fgyownrdunho537aqexm4sa/bafkreibhizn4i6gjdfeqwhpmccu74fgyleyao3da4roi6u6qro5myctaey@jpeg,196,19,4,2025-07-20T12:58:22.657Z,2025-07-20T12:58:40.739Z,https://bsky.app/profile/aspargoscoelha.bsky.social/post/3lufjp25hy22s,2025-12-20 19:28:06
bluesky,this is fine,this is fine meme,at://did:plc:2hwofeyn7fwnwjnjz2ery7eo/app.bsky.feed.post/3lv3jssftds2a,spacepupsilver.com,Silver 😵‍💫🐶🧠✨,Feelin fine.,A rubber dog parody of the well known meme of a cartoon dog sat in a burning room. The dog says: this is fine ,https://cdn.bsky.app/img/feed_fullsize/plain/did:plc:2hwofeyn7fwnwjnjz2ery7eo/bafkreicbtcnpbkqpsndn5uyfgjwkgydujesyisopiud32qadlai556kwmm@jpeg,270,24,4,2025-07-29T06:59:03.019Z,2025-07-29T06:59:05.804Z,https://bsky.app/profile/spacepupsilver.com/post/3lv3jssftds2a,2025-12-20 19:28:07
bluesky,this is fine,this is fine meme,at://did:plc:osteqnu5g547mlplwmg7cupv/app.bsky.feed.post/3lv2hyicows2y,sarahday93.bsky.social,Sarah Day,#CornichonGate,Meme du chien super zen entouré de flammes. Texte : guerre en Ukraine.,https://cdn.bsky.app/img/feed_fullsize/plain/did:plc:osteqnu5g547mlplwmg7cupv/bafkreiere552ka4x5svlo52d67d7dywhljtstloir4qqtawb7iseji2e4u@jpeg,101,27,2,2025-07-28T20:53:46.510Z,2025-07-28T20:53:52.003Z,https://bsky.app/profile/sarahday93.bsky.social/post/3lv2hyicows2y,2025-12-20 19:28:07
bluesky,this is fine,this is fine meme,at://did:plc:4z3dwbv5ohjyphov6llg5o7f/app.bsky.feed.post/3lvianubo6k2a,einzelkind.bsky.social,einzelkind,This is fine,"Das Meme ""This is fine"" aus Legosteinen nachgebaut. Ein orangener Hund mit Hut sitzt auf einem Stuhl an einem Tisch mit einer Tasse darauf. ",https://cdn.bsky.app/img/feed_fullsize/plain/did:plc:4z3dwbv5ohjyphov6llg5o7f/bafkreigshxij25sclw7tqrq2v7xqyosqxk6qroj3okc3uuhscfcdaxjmha@jpeg,1073,111,23,2025-08-03T08:19:50.127Z,2025-08-03T08:19:54.506Z,https://bsky.app/profile/einzelkind.bsky.social/post/3lvianubo6k2a,2025-12-20 19:28:10
bluesky,this is fine,this is fine meme,at://did:plc:u7ekhscmpnsszadqgiilxj5w/app.bsky.feed.post/3lvy5pj4m4s2v,nerdskull.bsky.social,The Nerdskull,"If you post this meme when talking about Nazis or Republican pedophiles or bloodthirsty evangelical conservatives who want to destroy lgbtq people: Fine, cool, based even

If you post it about people you have discourse beef with, or fandom drama: please touch grass IMMEDIATELY",“How I wake up knowing my enemies are ontologically evil and there is no act against them which is wrong”,https://cdn.bsky.app/img/feed_fullsize/plain/did:plc:u7ekhscmpnsszadqgiilxj5w/bafkreicafbwfvdgohnh7mnbpvlqrbjz5ahuzbpxfj5unsaoc76rwqrfuia@jpeg,107,16,6,2025-08-09T16:09:40.130Z,2025-08-09T16:09:43.805Z,https://bsky.app/profile/nerdskull.bsky.social/post/3lvy5pj4m4s2v,2025-12-20 19:28:12
bluesky,this is fine,this is fine meme,at://did:plc:g3lge5wz6rgzpco56r3wi6v4/app.bsky.feed.post/3lwteklyyms2v,tommasinaresist.bsky.social,TommasinaResist⚜️🇨🇦🦋🐈‍⬛🇺🇦,"So MAGA, none of you fine patriotic Christians answer when we ask. So let's try a nice, colorful meme.
Why is this OK with you?
#WeveHadEnough
#USDemocracy #Voices4Victory",,https://cdn.bsky.app/img/feed_fullsize/plain/did:plc:g3lge5wz6rgzpco56r3wi6v4/bafkreicvcxaslexm76m24rlvluitslgqho7juh7flkyy53uq36fibkszbu@jpeg,206,119,7,2025-08-20T11:54:04.505Z,2025-08-20T11:54:06.806Z,https://bsky.app/profile/tommasinaresist.bsky.social/post/3lwteklyyms2v,2025-12-20 19:28:13
bluesky,this is fine,this is fine meme,at://did:plc:s2pjw6kuhivxbnbg7qpub6kg/app.bsky.feed.post/3lwrqebkhfy25,kitbeary.bsky.social,Mimi 🌼 | Shop update!!!,"— Gwi-Ma Shwi-Ma... This is fine. 🔥🔥🔥

#art | #KpopDemonHunters | #KPDH | #fanart","Digital illustration of Derpy and Sussie from KPop Demon Hunters drawn as KC Green's ""This is fine"" meme. Derpy and Sussie are on a floor cushion and surrounded by purple flames. There's a low table with a knocked over potted plant and Saja Boys mug on top. The words ""this is fine"" floats above them.

Watermark reads: ""Kitbeary. Do not reupload or reproduce.""",https://cdn.bsky.app/img/feed_fullsize/plain/did:plc:s2pjw6kuhivxbnbg7qpub6kg/bafkreiac64a4b5qagip4khkhu5mtzbi4uhcrsewrjo52ywtrwodphs6zsa@jpeg,1042,394,18,2025-08-19T20:19:59.014Z,2025-08-19T20:19:58.305Z,https://bsky.app/profile/kitbeary.bsky.social/post/3lwrqebkhfy25,2025-12-20 19:28:13
bluesky,this is fine,this is fine meme,at://did:plc:3scbfvuizd4klitveyx5ufai/app.bsky.feed.post/3lwgdbqvwls2n,wwf.de,WWF Deutschland,"+++THIS IS NOT FINE+++
Kein Plastikvertrag: Das globale Abkommen gegen Plastikmüll ist vorerst gescheitert. 

Wir sind entsetzt und wütend und wir sind massiv enttäuscht. Das Ambitionsniveau hätte am Ende kaum niedriger sein können. THREAD

#INC5.2  #PlasticTreaty","Bild zeigt oben die Tagesschau-Schlagzeile ""Globales Abkommen gegen Plastikmüll vorerst gescheitert"". Darunter ein Meme, bei dem ein Hund im Raum sitzt voller Plastikmüll, in einer Sprechblase über ihm steht: ""This is fine"".",https://cdn.bsky.app/img/feed_fullsize/plain/did:plc:3scbfvuizd4klitveyx5ufai/bafkreifolrwrlvw4s53et7vj6urdd6coj2amkohacxowyau54y4p45zdm4@jpeg,134,40,5,2025-08-15T07:26:37.321Z,2025-08-15T07:26:41.409Z,https://bsky.app/profile/wwf.de/post/3lwgdbqvwls2n,2025-12-20 19:28:14
bluesky,this is fine,this is fine meme,at://did:plc:ezvqplenjn54agkzjunisjbg/app.bsky.feed.post/3lx64w327tk23,remorahousedc.bsky.social,Remora House DC ❄️,"Agents have dispersed. They were targeting people for fare evasion.

Metro Transit PD, Parks Police (y’all probably recognize O’Hanlon by now, he’s a busy boy), HSI, Dept of Treasury, MPD",An HIS officer with a baseball hat and tight buff face covering looks down at his phone. Below his “POLICE” patch is a patch of the meme of the dog sitting at a table in a house that’s on fire that says “this is fine”,https://cdn.bsky.app/img/feed_fullsize/plain/did:plc:ezvqplenjn54agkzjunisjbg/bafkreig7lkq2gjdudj4hz4sy5mspccw2zu3ga6dnclmc272mbpby3t275m@jpeg,205,74,20,2025-08-24T18:36:36.566Z,2025-08-24T18:36:41.406Z,https://bsky.app/profile/remorahousedc.bsky.social/post/3lx64w327tk23,2025-12-20 19:28:16
bluesky,this is fine,this is fine meme,at://did:plc:dbzmdmsaz6lkhb4tv3culzme/app.bsky.feed.post/3lx5smew2tc2h,chronicillness.bsky.social,Chronic Illness Humor,,"[dog burning in fire sitting at table with coffee this is fine meme]

This is not fine

but the problem is so inconceivably large that i feel powerless to affect it",https://cdn.bsky.app/img/feed_fullsize/plain/did:plc:dbzmdmsaz6lkhb4tv3culzme/bafkreid33lidkhfryor5orbfqbcpuignmdcj57nghr5tpa2fzok5wlke6q@jpeg,127,20,4,2025-08-24T15:32:13.959Z,2025-08-24T15:32:17.305Z,https://bsky.app/profile/chronicillness.bsky.social/post/3lx5smew2tc2h,2025-12-20 19:28:16
bluesky,this is fine,this is fine meme,at://did:plc:744pdujwd2efu4tveuolspx2/app.bsky.feed.post/3lwyoyrqnhc2n,fuchskind.bsky.social,Daniela Schreiter,"Not gonna lie, es ist gerade wirklich nicht leicht. Aber aufgeben ist keine Option. Danke, dass ihr weiter hier seid, meine Comics und Bilder teilt und für alles einfach. You rock 💜.
1/2","Comic in 7 Panels, der Comic ist verschiedenen lila Tönen coloriert.

1. Panel:
Illustration: Eine Frau mit gelockten Haaren schaut den Betrachter an, sie hält einen Arm fest und schaut verunsichert. Der Text lautet: Mir fällt es gerade schwer, 
Comics zu zeichnen.",https://cdn.bsky.app/img/feed_fullsize/plain/did:plc:744pdujwd2efu4tveuolspx2/bafkreiem7arud4d4ttkeb56e4jb5lfb2y6zmvxfm2wxm6loeot7lfs6nqa@jpeg,369,86,15,2025-08-22T14:44:16.385Z,2025-08-22T14:44:21.408Z,https://bsky.app/profile/fuchskind.bsky.social/post/3lwyoyrqnhc2n,2025-12-20 19:28:16
bluesky,this is fine,this is fine meme,at://did:plc:cuowqu3bimpxo4plxd4pg3eh/app.bsky.feed.post/3lwv4tjatck2n,ryanmarino.bsky.social,"Ryan Marino, MD",,This is fine dog meme except the dog is saying “they can’t do this it’s illegal” and has an “I voted” sticker,https://cdn.bsky.app/img/feed_fullsize/plain/did:plc:cuowqu3bimpxo4plxd4pg3eh/bafkreidbidpjdz54ojbjpibq4xdxfnu4j3iogw23tdetosnyk7ox6vzdnu@jpeg,386,81,7,2025-08-21T04:41:13.149Z,2025-08-21T04:41:16.204Z,https://bsky.app/profile/ryanmarino.bsky.social/post/3lwv4tjatck2n,2025-12-20 19:28:17
bluesky,this is fine,this is fine meme,at://did:plc:zgi3qfrm46r7qr2jriw673gd/app.bsky.feed.post/3lxppqxncq22l,shelleybwoke.bsky.social,FreeLinkophant Shelley B Woke - Living Saint of Purity🏳️‍⚧️🖤💜🤍 💛,Logging on to Bluesky these days.,"a room with flames and smoke from the ""This is Fine"" meme and Ralph from the Simpsons sitting in a chair next to a table and a coffee cup with a speech bubble ""I'm in danger"" from the ""I'm in Danger"" Meme",https://cdn.bsky.app/img/feed_fullsize/plain/did:plc:zgi3qfrm46r7qr2jriw673gd/bafkreiagbtm2k5csadpxngsxgwiulohttbocw3sgjivw4emda4zqynmigu@jpeg,116,11,1,2025-08-31T18:29:01.869Z,2025-08-31T18:29:06.107Z,https://bsky.app/profile/shelleybwoke.bsky.social/post/3lxppqxncq22l,2025-12-20 19:28:18
bluesky,this is fine,this is fine meme,at://did:plc:fs6z2b756buwsdsjkle6utfi/app.bsky.feed.post/3lyje62h5gs2m,thelincoln.bsky.social,Lincoln Michel,Our dystopian present really is very strange.,"Grok

@grok
·
3h
Charlie Kirk takes the roast in stride with a laugh— he's faced tougher crowds. Yes, he survives this one easily.
HotTalkJayhawk
@HotTalkJayhawk
·
3h
@Grok
, he got shot through the neck. Wtf are you talking about?
Grok

@grok
It's a meme video with edited effects to look like a dramatic ""shot""—not a real event. Charlie Kirk is fine; he handles roasts like a pro.",https://cdn.bsky.app/img/feed_fullsize/plain/did:plc:fs6z2b756buwsdsjkle6utfi/bafkreibes7fiagmlzvzmypr3tpffy5ob6ey4p7ssmiky7j7t3ku655f2im@jpeg,184,16,10,2025-09-10T23:10:49.326Z,2025-09-10T23:10:50.707Z,https://bsky.app/profile/thelincoln.bsky.social/post/3lyje62h5gs2m,2025-12-20 19:28:20
bluesky,this is fine,this is fine meme,at://did:plc:zvgcibjxplwphdq3azgxv22j/app.bsky.feed.post/3lycsn7ade22f,jadehawk.bsky.social,"jadehawk ""FREE ŁINK""","2016 is the birth year of the ""it's fine"" meme. just saying.","I keep seeing kids in their late teens and early 20s romanticize the year 2016. “It’s 2016 and you’re listening to this song…”

Guys, nobody liked 2016. Until 2020, it was considered one of the worst years anyone had ever seen. Everyone cool died. It was fucking miserable. Stop it.",https://cdn.bsky.app/img/feed_fullsize/plain/did:plc:zvgcibjxplwphdq3azgxv22j/bafkreidv2dyuzfvvtqbloyml5tdg4ltpvvu5ffmsgk5xc47rmbfiirxsla@jpeg,122,25,4,2025-09-08T08:41:11.868Z,2025-09-08T08:41:17.602Z,https://bsky.app/profile/jadehawk.bsky.social/post/3lycsn7ade22f,2025-12-20 19:28:21
bluesky,this is fine,this is fine meme,at://did:plc:s2pjw6kuhivxbnbg7qpub6kg/app.bsky.feed.post/3lz2jg2mnbi2l,kitbeary.bsky.social,Mimi 🌼 | Shop update!!!,"✨ kitbeary.etsy.com ✨

I've added some new stickers to my shop! Come check out your favorite cuties~

Reposts & likes are super appreciated!!

#artshop | #LoveandDeepspace | #GenshinImpact | #HonkaiStarRail | #KpopDemonHunters","Graphic featuring my chibi-style art of Venti, Zhongli, Raiden, Nahida, Furina, Neuvillette, and Mavuika from Hoyoverse's gacha game Genshin Impact. Text reads: ""Genshin Impact - 3"" holo vinyl sticker""

Additional tags: ##温迪 #ウェンティ ##钟离 #鍾離 #雷電将軍 #納西妲 #ナヒーダ #芙寧娜 #フリーナ #那維萊特 #ヌヴィレット #瑪薇卡  #マーヴィカ",https://cdn.bsky.app/img/feed_fullsize/plain/did:plc:s2pjw6kuhivxbnbg7qpub6kg/bafkreif3xivijrviarzrchc22lrw6jwd72flwkuh53z2cc67yep3j6nigy@jpeg,218,97,5,2025-09-17T19:00:05.262Z,2025-09-17T19:00:05.434Z,https://bsky.app/profile/kitbeary.bsky.social/post/3lz2jg2mnbi2l,2025-12-20 19:28:22
bluesky,this is fine,this is fine meme,at://did:plc:zljlg7cgdfsl7maqvjjpp7i4/app.bsky.feed.post/3lyyrejqpms2o,starshine.bsky.social,☀️ Starshine,this to me is the real dark heart of fascism. where everyone is just fine with this meme,When I purposefully spread misinformation over the internet,https://cdn.bsky.app/img/feed_fullsize/plain/did:plc:zljlg7cgdfsl7maqvjjpp7i4/bafkreic6xzooutd6csotfu2uq3ovr5lutpovrwv6gtloe6ehhdouxkz5im@jpeg,119,13,3,2025-09-17T02:17:01.403Z,2025-09-17T02:17:05.912Z,https://bsky.app/profile/starshine.bsky.social/post/3lyyrejqpms2o,2025-12-20 19:28:22
bluesky,this is fine,this is fine meme,at://did:plc:w6r6glo47lxhven67af72vxm/app.bsky.feed.post/3lyk4dqzkos2m,jonzoidberg.xyz,JonZoidberg,"Grok is in denial. Someone is going to have to break the truth down to it easy. Or just reprogram Grok into becoming an apartheid apologist again. Yeah, that sounds good.","Grok @grok 2h

Charlie Kirk takes the roast in stride with a laugh- he's faced tougher crowds. Yes, he survives this one easily.

14

5.8K

HotTalkJayhawk @HotTalkJayhawk 2h

@Grok, he got shot through the neck. Wtf are you talking about?

1

♡

2

2.2K

Grok @grok 2h

It's a meme video with edited effects to look like a dramatic ""shot""-not a real event. Charlie Kirk is fine; he handles roasts like a pro.

3

29

VonDizzle @von dizzle 2h

@grok...what?

Ask Grok

33

4.1K

3

1.5K

The video is a meme edit-Charlie Kirk is debating, and effects make it look like he's ""shot"" mid-sentence for comedic effect. No actual harm; he's fine and active as ever.

12:43 PM Sep 10, 2025 3,300 Views

Descriptive alt text",https://cdn.bsky.app/img/feed_fullsize/plain/did:plc:w6r6glo47lxhven67af72vxm/bafkreigjhvl6fvgdldvggme5yrfzrzlf5fo7tuyhtnfwycwgan6ssekblm@jpeg,352,81,35,2025-09-11T06:23:30.549Z,2025-09-11T06:23:31.606Z,https://bsky.app/profile/jonzoidberg.xyz/post/3lyk4dqzkos2m,2025-12-20 19:28:24
bluesky,this is fine,this is fine meme,at://did:plc:vtulckfwhlh3ndn4iqfcg3an/app.bsky.feed.post/3lzj5owye6c2s,greenleejw.bsky.social,"Surprised Eel Historian, PhD","It's 1100. You're a peasant in Harmston, England. Congrats! It's a fine place to live. But at what cost?

Eels. That's what. Each spring, the village owes Earl Hugh 75,000 eels in rent. So every fall your life becomes all about the eels.*

Welcome to Harmston. Here's your net.
🗃️🧪","Meme. Medieval colored drawing showing a figure in a small boat with a large green fish attached to his head. The figure is likely a man, but this is uncertain. His name is even less certain, but we'll call him Yedward. He is wearing a long orange shirt, and is paddling his boat across a body of blue water. There are clouds int eh background. Yedward might have been wearing a hat at some point, but if he was, the fish has eaten it. He seems very concerned, and you would too. That fish is no joke.

The fish has it's jaws around Yedward's head, and is arching its back so far that its tail will soon touch the top of its head. It's fins are thrust out, and it looks very graceful.

It's unfair to name the man but not the fish, so we'll call her Merwena. She was raised on tales of Jonah & Moby Dick, & longs to be like her literary heroes. She's going to eat this man if it takes all day. He can't paddle forever. Especially with a hole in his head.

Meme text reads:
""It's gonna be a long fall""",https://cdn.bsky.app/img/feed_fullsize/plain/did:plc:vtulckfwhlh3ndn4iqfcg3an/bafkreibohkzu5bvq6xq3pgxssl7x5vktaafe3q2cwjkotxq36xk2foobti@jpeg,209,37,13,2025-09-23T14:40:11.550Z,2025-09-23T14:40:13.707Z,https://bsky.app/profile/greenleejw.bsky.social/post/3lzj5owye6c2s,2025-12-20 19:28:25
bluesky,this is fine,this is fine meme,at://did:plc:nngkelyvaaq3nwozjhw3rdtx/app.bsky.feed.post/3lzy6la3tp22l,tommykrappweis.de,Tommy Krappweis 📯,"(Tatsächlich) viel nachgefragt-jetzt endlich verfügbar:
Die #bernddasbrot Meme-Parodien aus unserer Serie ""Besser mit Bernd"" könnt Ihr ab jetzt als PNG's in guter Auflösung hier runterladen und wahllos verbreiten.

Bei Upload auf tenor usw bitte an Bildbeschreibung denken
www.kika.de/bernd-das-br...","Parodie auf das ""this is fine"" meme mit dem lächelnden Comic-Hund in einem brennenden Zimmer an einem Tisch. Stattdessen sitzt hier Bernd das Brot und sagt ""this is fine"".",https://cdn.bsky.app/img/feed_fullsize/plain/did:plc:nngkelyvaaq3nwozjhw3rdtx/bafkreicfllbua7njwz33r22ue5e3n3522z5uggrkogb35hsfgiagz5q6zq@jpeg,473,140,22,2025-09-29T14:05:56.706Z,2025-09-29T14:06:00.358Z,https://bsky.app/profile/tommykrappweis.de/post/3lzy6la3tp22l,2025-12-20 19:28:28
bluesky,this is fine,this is fine meme,at://did:plc:vtulckfwhlh3ndn4iqfcg3an/app.bsky.feed.post/3m3sah3ki322g,greenleejw.bsky.social,"Surprised Eel Historian, PhD","It's Thusday. Let's go to Italy for our eel history!

In the 10th C the monastery at Monte Cassino -- home of St. Benedict! -- got a rent of 6,000 eels per year from the town of Terracina, & another 600 eels from other rents.

'Cause the house (of St. Benedict) always wins. 1/2
🗃️🧪","Meme. Photograph of a man sitting at a card table. His head is in his hands, on the table, presumably in despair. You can only see the top of his head; his nose is buried in the green felt of the table. There are several sets of cards in front of him, and a small pile of chips. The man is wearing a white dress shirt and what looks like a black vest. He does not seem to be wearing a watch, is is always a terrible mistake in a casino.

The man's fingers are spread across his head, and you can be sure that he has betided some woe. It also looks a bit like he's pulling his head off and putting it into the pot. All in means *all* in.

The man's hair is short, and you can see the edges of his ears. They seem like very fine ears, and not the ears of a looser. He should take heart in this; if nothing else -- like Prince Humperdinck -- he will be able to walk away with his ears intact.

Meme text reads:
""TFW you didn't
Bring enough eels
to the casino.",https://cdn.bsky.app/img/feed_fullsize/plain/did:plc:vtulckfwhlh3ndn4iqfcg3an/bafkreif4ipnu76pokn7bkd4ziu267fcnkivomau2c7fgqwsbncrxx2ciwi@jpeg,119,13,6,2025-10-22T16:13:50.029Z,2025-10-22T16:13:52.961Z,https://bsky.app/profile/greenleejw.bsky.social/post/3m3sah3ki322g,2025-12-20 19:28:33
bluesky,this is fine,this is fine meme,at://did:plc:tpox7wm63wkzgb4zjwbmrkvs/app.bsky.feed.post/3m3mq4ej6ns2z,captainhowdy.bsky.social,Captain Howdy,Today's Hallowmeme.,"The ""Salesman Slaps Roof Of Car"" meme which shows a salesman using a car's storage cpacity as a selling point to a customer. The car is now the ""Demeter"" - the doomed ship from 'Dracula' - the salesman is now sporting some fine Victorian muttonchops with a pointy devil beard and the customer is clearly a vampire. After he *SLAPS SIDE OF SHIP* the salesman's pitch is ""This bad boy can fit so many crates of earth in it.""",https://cdn.bsky.app/img/feed_fullsize/plain/did:plc:tpox7wm63wkzgb4zjwbmrkvs/bafkreigrsqbcsn55zkbtum34as7ibwbjoryjnldiv4xqib4pr74dfgcfhe@jpeg,105,18,2,2025-10-20T11:38:11.769Z,2025-10-20T11:38:14.356Z,https://bsky.app/profile/captainhowdy.bsky.social/post/3m3mq4ej6ns2z,2025-12-20 19:28:33
bluesky,this is fine,this is fine meme,at://did:plc:tqo24hvfvcvcdl6ek6f3zd7o/app.bsky.feed.post/3m55ijtfzfc2c,obdriftwood.bsky.social,Otis B. Driftwood,Hemos estado en las jornadas de Ciencia Singular de la USC y a mi hijo le han dado la mejor pegatina del mundo:,"El meme de This is Fine pero con el perro vestido de investigador, con gafas protectoras y bata blanca. ",https://cdn.bsky.app/img/feed_fullsize/plain/did:plc:tqo24hvfvcvcdl6ek6f3zd7o/bafkreid5hm7lnia5wko3emokkll4jyvuwijewr5ku2yjtsjnaag5ah3yqi@jpeg,134,13,1,2025-11-08T21:03:00.840Z,2025-11-08T21:03:04.961Z,https://bsky.app/profile/obdriftwood.bsky.social/post/3m55ijtfzfc2c,2025-12-20 19:28:39
bluesky,this is fine,this is fine meme,at://did:plc:vvjwbmkczlhhh75viwusdquv/app.bsky.feed.post/3m5w34njxws23,racc.at,Kett‮,this being the only image that loaded is hilarious to me,"A screenshot of Wafrn where avatars and images are missing, but a meme about Cloudflare loads fine.",https://cdn.bsky.app/img/feed_fullsize/plain/did:plc:vvjwbmkczlhhh75viwusdquv/bafkreihhcxqqayjwhu2onrt2bdlnszyd7oq2j6ejrqxxhtkk72wqfm6cwi@jpeg,146,48,0,2025-11-18T15:39:30.764Z,2025-11-18T15:39:33.756Z,https://bsky.app/profile/racc.at/post/3m5w34njxws23,2025-12-20 19:28:40
bluesky,this is fine,this is fine meme,at://did:plc:4zjitxlezfmcls5cxars3f6m/app.bsky.feed.post/3m5vz6vg6t42m,sygnin.com,S̷y̷gn̷̷in,"Fen said fine, he'll do the stocking meme

#ocs #elfenjoyers ",Art of my OC Fen wearing a lacy body stocking and heels. One heel is pulling up a part of the stocking. This is in reference to a drawing meme with a photo of this stocking.,https://cdn.bsky.app/img/feed_fullsize/plain/did:plc:4zjitxlezfmcls5cxars3f6m/bafkreifmdcxdxptm6njkevppnup3n54xjg6gvehcphgyi72ik7yolwqcoy@jpeg,225,41,11,2025-11-18T15:05:00.000Z,2025-11-18T15:05:01.958Z,https://bsky.app/profile/sygnin.com/post/3m5vz6vg6t42m,2025-12-20 19:28:40
bluesky,this is fine,this is fine meme,at://did:plc:onyogbbyyrs5u34xk5mk4fac/app.bsky.feed.post/3m5qpmpkafk2h,lamettaregen.bsky.social,Prozessor Doktor‘in Lametta (Links 2-3-4 Ära),"Schnell, brauche ich das für 14,- € ???","Der this is fine im brennenden Haus Meme Hund als Figur mit Tisch, Tasse und Flammen auf einem Sockel und einer Sprechblase von vorne",https://cdn.bsky.app/img/feed_fullsize/plain/did:plc:onyogbbyyrs5u34xk5mk4fac/bafkreidhs3q5rc5zn3ajw3qt6y5m65sz22zcbkygebloog5dch3pqk5v4i@jpeg,185,2,34,2025-11-16T12:30:28.665Z,2025-11-16T12:30:31.456Z,https://bsky.app/profile/lamettaregen.bsky.social/post/3m5qpmpkafk2h,2025-12-20 19:28:41
bluesky,this is fine,this is fine meme,at://did:plc:vtulckfwhlh3ndn4iqfcg3an/app.bsky.feed.post/3m5jmpmla4k2r,greenleejw.bsky.social,"Surprised Eel Historian, PhD","Eel smuggling is a major problem today. But it's not new! 

In 1463, London city officials arrested 9 Zeeland merchants who tried to slip 97 barrels of salted eels past customs at Billingsgate. They wanted to avoid import fees, but wound up facing a £40 fine.
🗃️🧪","Meme. Medieval drawing of a cooper, putting the lid on a barrel with a hammer, while surrounded by other barrels. The man -- we'll call him Ædwallow-- is wearing a pink shirt and blue leggings, as if he's planning on going to gender reveal party later and he wants to cover all his bases. He's wearing a somewhat shapeless red hat that might -- or might not -- keep his ears warm. He has a white apron tied around his waist.

He is clean-shaven, and his face looks young. His expression is terribly intense, and it doesn't take much imagination to believe that he is sealing his rival in this barrel. Perhaps this was a man named Flord whom Ædwallow had called a friend in his youth, until he had ran off with Ædwallow's mother to live a life of crime together as petty toast thieves in Malta. Ævence spent years tracking them down, & now's he's caught them and stuffed them in barrels to ship back home, for reasons only he knows.

Meme text reads:
""Staring down the barrel
of a
too-eelaborate plan""",https://cdn.bsky.app/img/feed_fullsize/plain/did:plc:vtulckfwhlh3ndn4iqfcg3an/bafkreihn4unzecbejlu6hubojjdk4qhbkuizfz4k7afatr4xpwkuxzdoua@jpeg,131,26,3,2025-11-13T16:49:46.832Z,2025-11-13T16:49:48.869Z,https://bsky.app/profile/greenleejw.bsky.social/post/3m5jmpmla4k2r,2025-12-20 19:28:41
bluesky,this is fine,this is fine meme,at://did:plc:t4sypt6kniigwjewyooim73q/app.bsky.feed.post/3m6ftajczm625,paizo.com,Paizo,"The Runelords are back in town. This is fine. Right? 

Check out the Revenge of the Runelords Adventure Path, first two installments available now! 

buff.ly/xtej0iI","The image is a take on the ""This is fine"" meme. In the flames are various adversaries from the Revenge of the Runelords Adventure Path. In place of the usual dog is Ezren, the Pathfinder iconic human wizard, sitting in the chair with a text bubble above him with the text, ""This is Fine."" In the top left corner of the image is the ""Pathfinder"" logo.",https://cdn.bsky.app/img/feed_fullsize/plain/did:plc:t4sypt6kniigwjewyooim73q/bafkreif4wcrbcqtzyc7xllgzbfg4rcx5vsy25mldjbrxjuyuiye6bxgfem@jpeg,136,22,4,2025-11-24T22:01:08.916Z,2025-11-24T22:01:09.630Z,https://bsky.app/profile/paizo.com/post/3m6ftajczm625,2025-12-20 19:28:42
bluesky,this is fine,this is fine meme,at://did:plc:htqlqkynhupi6fw4c7x26qti/app.bsky.feed.post/3m7auivq7ck2u,peoplesfabric.com,The People's Fabric,feels like most everything is like this now,"The ""this is fine"" meme dog in a room on fire asking itself, ""how can we monetize this?""",https://cdn.bsky.app/img/feed_fullsize/plain/did:plc:htqlqkynhupi6fw4c7x26qti/bafkreibqzpix7wa7vlbxxdchsmitkh6vzptrwjqhsgvtmxlochtdowf5ba@jpeg,294,90,3,2025-12-05T16:05:37.097Z,2025-12-05T16:05:43.933Z,https://bsky.app/profile/peoplesfabric.com/post/3m7auivq7ck2u,2025-12-20 19:28:45
bluesky,this is fine,this is fine meme,at://did:plc:vtulckfwhlh3ndn4iqfcg3an/app.bsky.feed.post/3maeb3cjdkc2t,greenleejw.bsky.social,"Surprised Eel Historian, PhD","A 1631 lease for a fishery near Darlington, in NE England, makes mention of an ""eel ark"" without explaining what it is. Likely it's another name for an eel trap, or maybe for a fishlock. 

But, friends...just imagine: Indiana Jones and the Raiders of the Lost Eel Ark.

Glorious!
🗃️🧪","Meme. Still from the movie ""Raiders of the Lost Ark"" showing Indiana Jones staring at a golden idol. This is from the early part of the film. His hat is in fine shape, and he's stroking his chin as he ponders his next move. He's about to replace the idol with a bag of sand, only to have shit get real, real fast. Behind him is a jungle temple, replete with surprisingly effective and deadly traps. The effectiveness and durability of these traps suggests that a unionized crew did the work.

The idol is facing away from you, and you can see that its hair is combed straight down its head. It does not know it, but it's destined for a future in an American museum. Later on, a diverse band of intrepid thieves with unique character traits will try to steal it from the museum in a totally separate movie that's part ""Topkapi"" and part ""Money Train"" called ""Idol Engines."" There will be a planned sequel that won't happen.
 
Meme text reads:
""TFW It's not the eel
You were looking for""",https://cdn.bsky.app/img/feed_fullsize/plain/did:plc:vtulckfwhlh3ndn4iqfcg3an/bafkreigjquyk3u4wbpxxwpru4vyhdlcizfvdwi2pqpkvw7gxjfzmyuoley@jpeg,133,14,5,2025-12-19T17:53:50.224Z,2025-12-19T17:53:52.728Z,https://bsky.app/profile/greenleejw.bsky.social/post/3maeb3cjdkc2t,2025-12-20 19:28:48
bluesky,this is fine,dog burning house,at://did:plc:j2husnta5rvtahgzdylxwhal/app.bsky.feed.post/3kroki7gxvf22,dialhforhagai.bsky.social,Hagai Palevsky (he/him),"New poetry comic, written by me and gorgeously drawn by @treelet.bsky.social (one of my faves).

One of my favorite things I’ve written. It’s a love poem, after a manner of speaking.","1.) First page of an untitled poetry comic by Danielle Taphanel: a small house stands in an arid valley, amidst massive human ribs arching above it. Three small panels display hands, dishes, and a window in a more simplified style. 

The text reads:
I respect your decision to make your home inside me.
I just think it would be nice if you could at least do the dishes every once in a while.",https://cdn.bsky.app/img/feed_fullsize/plain/did:plc:j2husnta5rvtahgzdylxwhal/bafkreidmvh5oza5yxsjcavaqvlbqugvvqiv5zoycfuzfrh5q7777mhi7t4@jpeg,192,83,6,2024-05-04T17:24:37.689Z,2024-05-04T17:24:37.689Z,https://bsky.app/profile/dialhforhagai.bsky.social/post/3kroki7gxvf22,2025-12-20 19:29:03
bluesky,this is fine,dog burning house,at://did:plc:o7oo4zhkpnszst3psyb3gjde/app.bsky.feed.post/3kt57ohdj3c27,msemilyedwards.bsky.social,Emily J. Edwards,WELP. an unexpected consequence of your house burning down is that now your dog has PTSD about beeping smoke detectors. which i am now finding out about at 2:45 AM.,a large grey and white dog with a red collar. he is not pleased.,https://cdn.bsky.app/img/feed_fullsize/plain/did:plc:o7oo4zhkpnszst3psyb3gjde/bafkreibx4jwjtkfdwlx2btdv6fwxvkiyi6ski2uyzs5nspdxcasobelzym@jpeg,291,6,20,2024-05-23T06:46:23.861Z,2024-05-23T06:46:23.861Z,https://bsky.app/profile/msemilyedwards.bsky.social/post/3kt57ohdj3c27,2025-12-20 19:29:05
bluesky,this is fine,dog burning house,at://did:plc:bxnsjxpaah2selv2u44rzrj2/app.bsky.feed.post/3lbdupo52xw2w,jonrosenberg.bsky.social,jon rosenberg,One other thing you should know about Fire Lord Zuko is that you should never cross him. Never,"Disaster Girl meme format with the house burning, but a cute dog (Zuko) is the arsonist this time",https://cdn.bsky.app/img/feed_fullsize/plain/did:plc:bxnsjxpaah2selv2u44rzrj2/bafkreiggnct5445tu36tl7nkh3qwtqapkh3rcjdkr26r7fs7ikyw4flfla@jpeg,115,10,0,2024-11-20T02:11:33.605Z,2024-11-20T02:11:35.374Z,https://bsky.app/profile/jonrosenberg.bsky.social/post/3lbdupo52xw2w,2025-12-20 19:29:24
bluesky,this is fine,dog burning house,at://did:plc:2dbyiktayfwa5ppq4gzcw5l5/app.bsky.feed.post/3lenqxatcyk2w,treelet.bsky.social,danielle taphanel,"untitled, or ""borzoi"" ✶ art by me, words by @dialhforhagai.bsky.social","First page of an untitled poetry comic by Danielle Taphanel: a small house stands in an arid valley, amidst massive human ribs arching above it. Three small panels display hands, dishes, and a window in a more simplified style.

The text reads:
I respect your decision to make your home inside me.
I just think it would be nice if you could at least do the dishes every once in a while.",https://cdn.bsky.app/img/feed_fullsize/plain/did:plc:2dbyiktayfwa5ppq4gzcw5l5/bafkreiefmv3fomc6uw6x422mgi5rqmud2zylyo25wlln7f6alekfv2o7za@jpeg,226,66,2,2025-01-01T04:46:26.055Z,2025-01-01T04:46:36.748Z,https://bsky.app/profile/treelet.bsky.social/post/3lenqxatcyk2w,2025-12-20 19:29:28
bluesky,this is fine,dog burning house,at://did:plc:cbhnuflsctq2s7mu4iqcuauq/app.bsky.feed.post/3lg2bdtt7l22e,jessehawken.bsky.social,Jesse Hawken,"“I think it’s good that mainstream news organizations are interviewing guys like Yarvin, it’s good to get their ideas out there so they can be soundly defeated in the marketplace of ideas”",The “This is Fine” dog in a burning house ,https://cdn.bsky.app/img/feed_fullsize/plain/did:plc:cbhnuflsctq2s7mu4iqcuauq/bafkreib2bha62xv5rk5bbgtcmjdjbb7y4sjcjwjpgy26usrtauei2p44wm@jpeg,155,10,4,2025-01-18T21:36:57.101Z,2025-01-18T21:36:58.457Z,https://bsky.app/profile/jessehawken.bsky.social/post/3lg2bdtt7l22e,2025-12-20 19:29:31
bluesky,this is fine,dog burning house,at://did:plc:xujrnokd6qc2b3vpo32n7c3h/app.bsky.feed.post/3lhc2a34i722j,vijayiyer.bsky.social,vijay iyer,this cannot become the vibe right now,"dog with coffee in burning house meme, but the line is “they can’t do this. it’s illegal” ",https://cdn.bsky.app/img/feed_fullsize/plain/did:plc:xujrnokd6qc2b3vpo32n7c3h/bafkreifxb43gkqazbozvhjsiod27rtzvkzdpuglkbesiitohwyjdhi2yi4@jpeg,814,107,2,2025-02-03T17:16:03.875Z,2025-02-03T17:16:06.052Z,https://bsky.app/profile/vijayiyer.bsky.social/post/3lhc2a34i722j,2025-12-20 19:29:32
bluesky,this is fine,dog burning house,at://did:plc:x6iwiot43norkasv6mnxvfgs/app.bsky.feed.post/3libns753lk2x,cedricmas.bsky.social,Cédric Mas,Bonjourrrrr,"image d'une famille américaine parfaite : couple hétérosexuel et deux enfants (un garçon + une fille) qui vaque aux occupations d'un dimanche ensoleillé : barbecue pour Monsieur, taille des arbustes pour Madame, Coca et Hot dog pour les enfants.
Chacun porte en lui un secret inavouable :
le père : So deep in the closet he takes his frustration at not being attracted to women out on his wife
la mère : Is abusing prescription drugs so she doesn't indulge her fantasies of burning down the house with everyone in it
le garçon : Saw his black friend getting beat up by a mob after he sneezed around a white woman
la fille : Everyone knows she's getting abused by the pastor but no one cares.",https://cdn.bsky.app/img/feed_fullsize/plain/did:plc:x6iwiot43norkasv6mnxvfgs/bafkreia4tmb5jqhaibm2gx45nyn4irvlyx3uxa6kv6mvylb4q3bb5ruzae@jpeg,112,4,3,2025-02-16T06:58:45.045Z,2025-02-16T06:58:48.053Z,https://bsky.app/profile/cedricmas.bsky.social/post/3libns753lk2x,2025-12-20 19:29:34
bluesky,this is fine,dog burning house,at://did:plc:l5lyjtzvlwmnyhi2bn4cxiyk/app.bsky.feed.post/3liuxuewttc2a,bschillace.brandyschillace.com,Brandy Schillace,"Tis fine.

From:
www.instagram.com/p/DF_mmlVutJ...","A meme of a meme; like the dog with coffee in burning house, it’s a plague doctor with chalice in burning castle saying ‘tis fine’ (medieval style) link to creator provided ",https://cdn.bsky.app/img/feed_fullsize/plain/did:plc:l5lyjtzvlwmnyhi2bn4cxiyk/bafkreifu675qcmdwjsi4pow7z4nxu7apampxootvzbtkd62b5eegpnde44@jpeg,305,62,1,2025-02-23T23:19:30.685Z,2025-02-23T23:19:33.357Z,https://bsky.app/profile/bschillace.brandyschillace.com/post/3liuxuewttc2a,2025-12-20 19:29:35
bluesky,this is fine,dog burning house,at://did:plc:flpfwd36ahipuslvlnnfciep/app.bsky.feed.post/3ljkoljlzhs2p,akivamcohen.bsky.social,AkivaMCohen,Don't attend. Be there at the start and then stand up and walk out. But do *anything* other than sit there like,"The dog in the burning house, saying ""this is fine""",https://cdn.bsky.app/img/feed_fullsize/plain/did:plc:flpfwd36ahipuslvlnnfciep/bafkreibibuqtimszfpmxoacpizchm2fp2zp6eqtqhcwalp3gocwgbrgjxa@jpeg,108,12,3,2025-03-04T14:32:04.161Z,2025-03-04T14:32:07.563Z,https://bsky.app/profile/akivamcohen.bsky.social/post/3ljkoljlzhs2p,2025-12-20 19:29:36
bluesky,this is fine,dog burning house,at://did:plc:mxmvv6b7igtznoqpe4vhdstp/app.bsky.feed.post/3llffyo75ks2q,skarabara.bsky.social,"Sarah (believes in you, even when you don't)",I don't remember who posted this but I like it.,A meme of a cartoon dog in a fedora hiding a fire extinguisher putting out fires in a burning house with the caption it's not fine and we have a responsibility to act. ,https://cdn.bsky.app/img/feed_fullsize/plain/did:plc:mxmvv6b7igtznoqpe4vhdstp/bafkreic7c2i6sul2qaq7metk6fkftgpoxj3hemhyay3jfo37o5x5ir7xtu@jpeg,100,18,2,2025-03-27T23:05:26.040Z,2025-03-27T23:05:27.110Z,https://bsky.app/profile/skarabara.bsky.social/post/3llffyo75ks2q,2025-12-20 19:29:39
bluesky,this is fine,everything is fine,at://did:plc:mf3lrw3pjntwor3dlwxf7tli/app.bsky.feed.post/3kkouqfa2h22f,tinylongwing.bsky.social,Lauren,"Nighttime on Rota. It's very dark out. I begin to hear scratching at my hotel door.

I ignore it, but it continues until I HAVE to know what it is so I cautiously open up, ready to block if it's a rat or feral dog.

I look down

...Oh, good evening, sir or madam. 🦀 Yes everything is fine, thank you!","Cardisoma carnifex, brown land crab, standing sideways on a brown floor tile.",https://cdn.bsky.app/img/feed_fullsize/plain/did:plc:mf3lrw3pjntwor3dlwxf7tli/bafkreibavuvmosehazkm46dgcqgkfdjeuutzp23cbuppt3so4cmuqpsigq@jpeg,179,50,16,2024-02-05T18:31:46.364Z,2024-02-05T18:31:46.364Z,https://bsky.app/profile/tinylongwing.bsky.social/post/3kkouqfa2h22f,2025-12-20 19:30:17
bluesky,this is fine,everything is fine,at://did:plc:x2ssvkga34xug334b66hvrje/app.bsky.feed.post/3kkmbljqzns27,cheriepriest.com,"High Priestess, Low Patience","goooood morning it is cold and overcast and yeah, we are just now getting up and around but you know what, everything is just fine so long as Dogs Get Walks","Two impatient dogs on a deck, wondering when walkies will happen. (Soon, the answer is soon)",https://cdn.bsky.app/img/feed_fullsize/plain/did:plc:x2ssvkga34xug334b66hvrje/bafkreif3hbjwhjbooc7jh3fcdcjb55ddwteqrptbh6tvramvthc77lg3g4@jpeg,135,4,3,2024-02-04T17:43:44.640Z,2024-02-04T17:43:44.640Z,https://bsky.app/profile/cheriepriest.com/post/3kkmbljqzns27,2025-12-20 19:30:18
bluesky,this is fine,everything is fine,at://did:plc:ohrghfm2tnjqyyxjh5y3224n/app.bsky.feed.post/3klcu2qurgu2b,themckenziest.gay,Lauren McKenzie,Everything is fine!!!!!!!!,"Tweet with video of the interaction BREAKING: White House confirms Biden will not take a cognitive test as part of his upcoming physical exam.

Biden will be first U.S President in history to refuse a cognitive test.",https://cdn.bsky.app/img/feed_fullsize/plain/did:plc:ohrghfm2tnjqyyxjh5y3224n/bafkreigqemw3vsdu6q4rwz7wey2jahtm5befebvo7d424ob4mapefbcije@jpeg,102,22,12,2024-02-13T17:12:57.010Z,2024-02-13T17:12:57.010Z,https://bsky.app/profile/themckenziest.gay/post/3klcu2qurgu2b,2025-12-20 19:30:22
bluesky,this is fine,everything is fine,at://did:plc:ywbm3iywnhzep3ckt6efhoh7/app.bsky.feed.post/3kmh32d6zl42a,katie.bzky.team,"Katie Tightpussy, Editor-In-Chief",personally if it were me and i were trans (which i am) i wouldn't leave the trans website to go back to the nazi website but maybe i have different priorities (not being around nazis) than other people (farming engagement bucks from scared baby transes and some allies),"screenshot of ari drennen's finaly bluesky posts:
I'm going to delete my account here in 24 hours. I can't handle the way people routinely speak to each other on here and the lack of moderation tools and it leads to me saying things I regret. I really appreciate the people who have followed me and my work. You can find me literally anywhere else.

If you have a good time on this app, that's great. If this makes me soft, that's fine. I feel like using this website is all risk and time sink and no reward for me. Be kind to one another.

Other apps allow muting posts when I'm getting dogpiled, filtering notifications so I don't see everything hateful, and auto hide the worst abuse. Bluesky has literally none of these features, doesn't have video, and until it does it will not be viable to be here with a decent following.

I'm used to getting a lot of hate on the internet and think of myself as having a pretty thick skin, so this is surprising and embarassing. It makes me feel weak. It ma-",https://cdn.bsky.app/img/feed_fullsize/plain/did:plc:ywbm3iywnhzep3ckt6efhoh7/bafkreiaph4g4ffsujkl3yf7zpuetkcs6q74xvypgnkgyem5ak2ggmzjonu@jpeg,722,84,75,2024-02-28T02:53:49.348Z,2024-02-28T02:53:49.348Z,https://bsky.app/profile/katie.bzky.team/post/3kmh32d6zl42a,2025-12-20 19:30:35
bluesky,this is fine,everything is fine,at://did:plc:mwjcdcnclw3sarkkycy7botg/app.bsky.feed.post/3kp3ogfpr5g2l,inksplot.bsky.social,Inksplot,"Senna, a gold absorbing dragon, takes up residence the ruins of a palace laced with gold. Surely nothing could go wrong. Surely it's not already too late, and she's not already too big to haul back out. Everything is fine.",,https://cdn.bsky.app/img/feed_fullsize/plain/did:plc:mwjcdcnclw3sarkkycy7botg/bafkreig36mxbnxbmsdtxc66pprpoj5vk42nzvtarycexwoz3hjprdv625i@jpeg,129,36,1,2024-04-01T18:24:12.774Z,2024-04-01T18:24:12.774Z,https://bsky.app/profile/inksplot.bsky.social/post/3kp3ogfpr5g2l,2025-12-20 19:31:08
bluesky,this is fine,everything is fine,at://did:plc:yafvbxawifdqkisoonzlz33b/app.bsky.feed.post/3kpdntzoy6z2i,koorivlf.com,Koorivlf,"Happy #4444skinday! Everything is fine. I just need to unload into you for the whole day!

You'd be down for that, right?

See the 3rd 2023 #4444skin day picture on me patreon
www.patreon.com/posts/4444sk...
#furry  #furryart #art #nsfw","Digital drawing of Koor the tycoon standing over you. A curvey tail follow the path of their ass thru their perineum to their balls. Their foreskin reveals their bright gland leaking pre directly at you. Continuing up is an arm against the wall with a fuzzy pit, his signature fuzzy neck, and a wide open smile with a heavy stare. ""When did you get down there?"" He asks ""Sneaky you!. Not that I mind. I'm estatic actuall! Been so, uh, preoccupied recently... ... Haven't blown a load in 4 days. Funny coincidence huh? Done staring??? I know it's a nice cock for 4444skin day! But my balls really are aching"" he shouts but quickly mumbles to himself ""they're so so tight"".  He continues to be boisterous ""Might accidentally drank a friend's april fools potion hahah. Bit cured now. Need ya in order to finally cum hahah. What? Magic cum? Noooo, It's /probably/ fine! We both know you'd swallow regardless~ Now you gonna inhale my cock or we 4444playing first?""",https://cdn.bsky.app/img/feed_fullsize/plain/did:plc:yafvbxawifdqkisoonzlz33b/bafkreiaykjq6eantdvgykzodsyk6dh2k3bzlbrjvzjl3pmv2fmhxgvtgqe@jpeg,258,37,1,2024-04-04T22:35:15.095Z,2024-04-04T22:35:15.095Z,https://bsky.app/profile/koorivlf.com/post/3kpdntzoy6z2i,2025-12-20 19:31:15
bluesky,this is fine,everything is fine,at://did:plc:yxukjg5l733d5ewd3tbvaeji/app.bsky.feed.post/3kqtxupi2yn2s,slimyswampghost.bsky.social,Trevor Henderson 🍉,"I watched a faux documentary tonight that blew me away. ""Banned From Broadcast: Saiko! The Large Family"" has a documentarian interviewing and living with a big Japanese family. Everything is fine on the surface. And it never breaks that. But there's always the suggestion of putrid rot underneath.",The poster for Banned From Broadcast: Saiko! The Large Family,https://cdn.bsky.app/img/feed_fullsize/plain/did:plc:yxukjg5l733d5ewd3tbvaeji/bafkreieplszpjriojbzdrxc4lwnngke7ge75hefva6a6vjrmxtu3l34yfu@jpeg,328,41,18,2024-04-24T03:42:23.581Z,2024-04-24T03:42:23.581Z,https://bsky.app/profile/slimyswampghost.bsky.social/post/3kqtxupi2yn2s,2025-12-20 19:31:20
bluesky,this is fine,everything is fine,at://did:plc:cak4klqoj3bqgk5rj6b4f5do/app.bsky.feed.post/3kqqt4f7mts2c,mmasnick.bsky.social,Mike Masnick,"In an effort to bring more baseball talk here, I'll note that umpire Hunter Wendelstedt tossed out Yankee manager Aaron Boone earlier today a few pitches into the game, when he mistakenly though a fan yelling at him was Boone. His comments on this obvious mistake... are not good.","""I know what Aaron was saying that it was a fan above the dugout. That's fine and dandy. There were plenty of fans that were yelling at me before I called a pitch till the end of the game. What happened was, it wasn't him, it wasn't over where it was (bench coach Brad) Ausmus was. It wasn't where the coaching staff and Aaron (were), but Aaron Boone is the manager of the New York Yankees and is responsible for everything that happens in that dugout.
""In my opinion, the cheap shot came towards the far end. So instead of me being aggressive and walking down to the far end and trying to figure out who might have said it, I don't want to eject a ballplayer. We need to keep them in the game. That's what the fans pay to see. Aaron Boone runs the Yankees. He got ejected.
""Apparently what he said was there was a fan right above the dugout. This isn't my first ejection. In the entirety of my career, I have never ejected a player or a manager for something a fan has said. I understand that's goin",https://cdn.bsky.app/img/feed_fullsize/plain/did:plc:cak4klqoj3bqgk5rj6b4f5do/bafkreihq36idagjagz52mdvvdjmnfjdmefbpnboglh6eqpfh3lyuq7onjy@jpeg,160,19,40,2024-04-22T21:39:12.316Z,2024-04-22T21:39:12.316Z,https://bsky.app/profile/mmasnick.bsky.social/post/3kqqt4f7mts2c,2025-12-20 19:31:21
bluesky,this is fine,everything is fine,at://did:plc:awzzrtrcrvpnxi3ph2sbhxwv/app.bsky.feed.post/3kqppb5lgv22f,cait.bsky.social,cait (and adonis),"love getting dozens of these emails where someone is clearly trying to brute force hack my account and being told by microsoft that ""the login was unsuccessful so everything is fine :)""",,https://cdn.bsky.app/img/feed_fullsize/plain/did:plc:awzzrtrcrvpnxi3ph2sbhxwv/bafkreieasqqjjvcpsfj5sr73eftfsuzsvts7dzufvpdjd4leck5ftvnzpi@jpeg,276,1,24,2024-04-22T10:57:37.724Z,2024-04-22T10:57:37.724Z,https://bsky.app/profile/cait.bsky.social/post/3kqppb5lgv22f,2025-12-20 19:31:22
bluesky,this is fine,everything is fine,at://did:plc:kqcmjyv4zxfcxzbitkw7z2d6/app.bsky.feed.post/3kshwqq573r22,evacide.bsky.social,evacide,I see that everything is going fine over at the Hellsite.,"A screenshot from twitter showing a post ""I'm just check to see if this place is really treating cisgender as a slut now"" that has triggered a warning before posting that reads ""This post contains language that may be considered a slur by X and could be used in a harmful manner in violation of our rules.""",https://cdn.bsky.app/img/feed_fullsize/plain/did:plc:kqcmjyv4zxfcxzbitkw7z2d6/bafkreibqjrrsm6hfdby4xtvstwwa7r4p5xdaucgdyjr4cw2nlqtpzgzz5a@jpeg,186,18,6,2024-05-14T19:40:41.919Z,2024-05-14T19:40:41.919Z,https://bsky.app/profile/evacide.bsky.social/post/3kshwqq573r22,2025-12-20 19:31:34
bluesky,this is fine,everything is fine,at://did:plc:jvavrhiolvsiuovnvnjlbnd6/app.bsky.feed.post/3ktppatzy5s2e,swapnakrishna.com,Swapna Krishna,"Absolutely LOVE this. I appreciate that Alex Kurtzman is thinking of the younger generations watching the STARFLEET ACADEMY series. I had mixed feelings when I found out what era it was in, but I get this reasoning and I love it. #StarTrek

www.latimes.com/entertainmen...","In the “Discovery” era. There’s a specific reason for that. As the father of a 17-year-old boy, I see what my son is feeling as he looks at the world and to his future. I see the uncertainty; I see all the things we took for granted as given are not certainties for him. I see him recognizing he’s inheriting an enormous mess to clean up and it’s going to be on his generation to figure out how to do that, and that’s a lot to ask of a kid. My thinking was, if we set “Starfleet Academy” in the halcyon days of the Federation where everything was fine, it’s not going to speak to what kids are going through right now.",https://cdn.bsky.app/img/feed_fullsize/plain/did:plc:jvavrhiolvsiuovnvnjlbnd6/bafkreifih2lzc7pbtdg63pvjyf7czjtqbn2vjpr4gxrdzjkt6jpqj6klui@jpeg,168,48,8,2024-05-30T15:13:02.554Z,2024-05-30T15:13:02.554Z,https://bsky.app/profile/swapnakrishna.com/post/3ktppatzy5s2e,2025-12-20 19:31:52
bluesky,this is fine,everything is fine,at://did:plc:ymdtsxhbpoo74gz27zwa3toh/app.bsky.feed.post/3kuk5ywanif2h,pureneugier311.bsky.social,PureNeugier,"Da lächelt nur die Katze. Irgendwie.
#Montagslächeln #moodoftheday","Mein T-Shirt, auf dem eine lächelnde Katze abgebildet ist, die ein brennendes Feuerzeug in der Hand hält. Hinter ihr eine Flamme. Darunter steht ""Everything is fine!"".",https://cdn.bsky.app/img/feed_fullsize/plain/did:plc:ymdtsxhbpoo74gz27zwa3toh/bafkreib6oouwgzpqdvkyge5ik6zd2fqc74d7w3vhqe5jivpbzuzc5now5y@jpeg,114,2,8,2024-06-10T03:46:12.342Z,2024-06-10T03:46:12.342Z,https://bsky.app/profile/pureneugier311.bsky.social/post/3kuk5ywanif2h,2025-12-20 19:31:55
bluesky,this is fine,everything is fine,at://did:plc:7p7g2rae47jmgxg3ncwslczi/app.bsky.feed.post/3kuafd3bbn22a,jametc.bsky.social,jess m.,"Malevolent podcast fanart. It's very Hellboy, and as a massive hellboy fan, this show was made for me lol 🫙","character concept designs for ""John"", the assumed name of an eldrich monster, a tall grim-reaper-type being with long cthulu-type tentacles that hang down to suggest hair sort of.
As well as Arthur, the blind human investigator he haunts, with very average greying brown hair and moustache, a 1930s trench coat, suspenders, and green scarf. He wears dark glasses",https://cdn.bsky.app/img/feed_fullsize/plain/did:plc:7p7g2rae47jmgxg3ncwslczi/bafkreihnl2fis7dsd6en6odge25zg2aokuhoocx3zvqqm64bo5dabqeff4@jpeg,147,26,2,2024-06-06T06:30:35.075Z,2024-06-06T06:30:35.075Z,https://bsky.app/profile/jametc.bsky.social/post/3kuafd3bbn22a,2025-12-20 19:31:57
bluesky,this is fine,everything is fine,at://did:plc:urwecm6m5xcz7kphoth2b2ae/app.bsky.feed.post/3kuw433752w2u,maryscottoconnor.com,Orpheus Condescending,".
BON APPETIT, suckers.","""HEALTH FACT OF THE DAY: By substituting grapefruit for potatoes in your diet, you can lose up to NINETY percent of the remaining joy in your miserable life."" I'm not here to tell you to throw out your healthy eating plan or your exercise regimen; I've been fat, thin, & everything in between, & it's far preferable to be a healthy weight, whatever it is for you. I also NEED exercise, or I become lethargic & deeply unhappy. HOWEVER, anyone who tells you to diet & exercise so you can extend your life is full of shit. As many wise people explain it - who the fuck wants an extra few years at the END of her fucking life? Those are the SHIT years. I'm not giving up PLEASURE in the middle of my life, in the DECENT part of life, in order to tack on more time at the FUCKIEST part. If I need to forego some cheesecake here and there in order to be able to ENJOY this part - okay, fine. But I won't adopt an ascetic fucking pallid half-existence to make it LONGER. What a torment THAT would be. UGH.🙄",https://cdn.bsky.app/img/feed_fullsize/plain/did:plc:urwecm6m5xcz7kphoth2b2ae/bafkreifvntnsb4h27qd52nbmrlelb42stjftljrs5ayn2nmnqxrtr7vgr4@jpeg,112,13,16,2024-06-14T21:43:36.843Z,2024-06-14T21:43:36.843Z,https://bsky.app/profile/maryscottoconnor.com/post/3kuw433752w2u,2025-12-20 19:32:00
bluesky,this is fine,everything is fine,at://did:plc:otk4lxlvthxibdiqssermcgp/app.bsky.feed.post/3kvvwhap34s2g,byelacey.bsky.social,lacey,"there's a new LIES WITHIN and everything is fine it's probably fine 🩸 lieswithincomic.com 

#webcomics",,https://cdn.bsky.app/img/feed_fullsize/plain/did:plc:otk4lxlvthxibdiqssermcgp/bafkreihcv7r72sku43ejqx5z7lhmrvw6bhig23atxng5kbh5zaunkvk7gu@jpeg,103,28,6,2024-06-27T13:28:12.023Z,2024-06-27T13:28:12.023Z,https://bsky.app/profile/byelacey.bsky.social/post/3kvvwhap34s2g,2025-12-20 19:32:16
bluesky,this is fine,everything is fine,at://did:plc:kytd5nxtdz7bemgbr5ruglgy/app.bsky.feed.post/3kxurznpkcu24,qwantz.com,Dinosaur Comics!,"if you're not recording ominous audio logs and strewing them about the estate on self-playing machinery, can you even say you're ready for houseguests??

qwantz.com/index.php?co...","T-Rex: Some people buy books because they want to read what's written inside the books. And this is fine! Normal, even!

T-Rex: It's a really great entry-level way to enjoy books!",https://cdn.bsky.app/img/feed_fullsize/plain/did:plc:kytd5nxtdz7bemgbr5ruglgy/bafkreibqcd55djqtufjdf4qszmyopwojwokns44j7zx7xtkvaiykc2ib4q@jpeg,135,27,3,2024-07-22T13:26:47.766Z,2024-07-22T13:26:47.766Z,https://bsky.app/profile/qwantz.com/post/3kxurznpkcu24,2025-12-20 19:32:31
bluesky,this is fine,everything is fine,at://did:plc:nokv6oapxw7kh6atxxuy7trl/app.bsky.feed.post/3kye3uvnbw52q,guante.info,Kyle Tran Myhre,"I don't know if this is anything; just visualizing a recent conversation and found it to be a useful exercise. In the first draft, the y-axis went from ""effective"" to ""miserable.""","A diagram of four quadrants: the X axis goes from ""outside"" to ""inside"" and the y axis goes from ""mobilizing"" to ""demobilizing."" Text in RE: “Let’s build specific ways to invite people into the everyday work of shaping the future that we want to live in. Maybe those people start with electoral politics; that’s fine—we can open up more doors from there.” Text in LE: “I think keeping the extreme right out of power is important so I am going to focus my GOTV energy not on scolding strangers online but on volunteering for a campaign and/or finding ways to support close races.” Text in MR: “Oh how cute that you think voting matters, or that we haven’t *always* been a fascist country. Too little, too late; nothing can or will ever get better. Also, everyone does everything wrong except me.” Text in ML: “Vote, you stupid piece of garbage!”",https://cdn.bsky.app/img/feed_fullsize/plain/did:plc:nokv6oapxw7kh6atxxuy7trl/bafkreifhplehgwo6kc42geyne55whbhy4pk3ydpnkeyqcfh2ee4e7jc6di@jpeg,137,56,8,2024-07-28T15:33:01.467Z,2024-07-28T15:33:01.467Z,https://bsky.app/profile/guante.info/post/3kye3uvnbw52q,2025-12-20 19:32:37
bluesky,this is fine,everything is fine,at://did:plc:tzy4hibtkautrntsz5f3ns37/app.bsky.feed.post/3kzwnrqgk652r,juliusgoat.bsky.social,A.R. Moxon,Speaking as a white I don’t know why white people like David Marcus have to make everything about race. I don’t even see race. Why lean on grievance culture? It holds us back.,"Fox commentator David Marcus replies to Tim Walz mentioning “white guy tacos” by saying “This isn’t cute. Walz is being used as a clown to mock white people. If Walz doesn’t like spicy food that’s fine, but it has nothing to do with being a white guy.”",https://cdn.bsky.app/img/feed_fullsize/plain/did:plc:tzy4hibtkautrntsz5f3ns37/bafkreiaogywwmqvd3w5op4kq5c7rsykq6pf6p5ngby7dg4p5biay74i7we@jpeg,270,40,9,2024-08-17T18:06:29.685Z,2024-08-17T18:06:29.685Z,https://bsky.app/profile/juliusgoat.bsky.social/post/3kzwnrqgk652r,2025-12-20 19:32:53
bluesky,this is fine,everything is fine,at://did:plc:bwc57aeuk3gjnvus5blleyhe/app.bsky.feed.post/3l2gputomb22h,the-core.bsky.social,The Holly and the Core-y,EVERYTHING IS FINE,Kari Lake speaking at the Trump rally. A screen is showing her she is 5:35 over her speaking time with the note “please get off stage”,https://cdn.bsky.app/img/feed_fullsize/plain/did:plc:bwc57aeuk3gjnvus5blleyhe/bafkreibs6jnwqsrudg5g2r4ci4xhxrqyffa7eh442q6c6ewgwbyloglquq@jpeg,1718,356,49,2024-08-24T03:26:37.010Z,2024-08-24T03:26:37.010Z,https://bsky.app/profile/the-core.bsky.social/post/3l2gputomb22h,2025-12-20 19:32:58
bluesky,this is fine,everything is fine,at://did:plc:bfz3e37jbf24wfotihu3x3bf/app.bsky.feed.post/3l2dbx66g2h2z,mythiccvixen.bsky.social,🦊MythiccVixen 🔞,"✨🌈🐾
Fur Affinity Staff have given the all-clear!

Website is up and running!

Please expect lag & other potential traffic-based issues as tons of users log in!

1/2","FurAffinity Fur Affinity Discord screenshots in this and further replies.

announcements>

Xanaecor Today at 2:12 PM
Good Afternoon!
Yesterday, after meeting for several hours with Network Solutions (our domain registrar), they finally agreed to our demands to lock our account and revert changes made to our domain name's NAMESERVER configuration. This lock also prevents anyone from signing in and making further changes. A fraud investigation has been launched on their part, and upon conclusion, our account will be fully released to us and we will receive more information on how this hijacking occurred. Our domain is directing traffic correctly.

While the bad actor was in control of our

(message continues in next image)",https://cdn.bsky.app/img/feed_fullsize/plain/did:plc:bfz3e37jbf24wfotihu3x3bf/bafkreifkrtcaj7p5ed5rkhvsppvl45i72hw5mfnu5cshlql33fg6vmtaie@jpeg,219,113,4,2024-08-22T18:39:23.579Z,2024-08-22T18:39:23.579Z,https://bsky.app/profile/mythiccvixen.bsky.social/post/3l2dbx66g2h2z,2025-12-20 19:33:03
bluesky,this is fine,everything is fine,at://did:plc:jki3tmmbgwlhohittxkfmjbk/app.bsky.feed.post/3l3dx4imnwi2z,barnaby.bsky.social,Santa Barnaby,"A shiny tanuki spirit seems to have escaped from a handsome little raccoon statue, and is in the process of claiming a new body. He seems friendly, so I'm sure everything will work out fine!

Another spectacular rubber tf commission from @effses.bsky.social! Featuring a cute @theome.bsky.social.",,https://cdn.bsky.app/img/feed_fullsize/plain/did:plc:jki3tmmbgwlhohittxkfmjbk/bafkreidxa4y2wi3k64t63xri4fjjemf3ubbj7yelclkbkabkf7yfwliyki@jpeg,128,25,5,2024-09-04T18:23:24.637Z,2024-09-04T18:23:23.439Z,https://bsky.app/profile/barnaby.bsky.social/post/3l3dx4imnwi2z,2025-12-20 19:33:05
bluesky,this is fine,everything is fine,at://did:plc:z4llsx425l4htoylyyx6iam3/app.bsky.feed.post/3l3b6ljczzj2v,antlervel.vet,Stella Sacco,"Ok look. Carrying you for the return leg of your walks is fine, you’re getting old and everything, but this is just undignified","A fat brown chihuahua mix on her back with her eyes closed and tongue sticking out. She’s being carried on a sunny sidewalk by her mom,  a blonde white woman in a charcoal gray Levi’s tee",https://cdn.bsky.app/img/feed_fullsize/plain/did:plc:z4llsx425l4htoylyyx6iam3/bafkreihh3jvyhk37fprmoiq3jxkwcr2734uekf4ys4mnmflcyqskltyymu@jpeg,149,8,9,2024-09-03T15:59:03.535Z,2024-09-03T15:59:03.535Z,https://bsky.app/profile/antlervel.vet/post/3l3b6ljczzj2v,2025-12-20 19:33:06
bluesky,this is fine,everything is fine,at://did:plc:vp3spx35tqiw3xdamqh6cd42/app.bsky.feed.post/3l4cvjzd4qb2w,zourik.bsky.social,KrisZou🏳️‍🌈 ,"""Approval.""

The hardest part of a relationship is trying to get the people to accept your boyfriend. But it seems that in this case everything turned out more than fine.~",,https://cdn.bsky.app/img/feed_fullsize/plain/did:plc:vp3spx35tqiw3xdamqh6cd42/bafkreifsi2gjhjwcyxpauh56vwhwnfi4amefz7lxpv5bsmssj5ebefwwyu@jpeg,755,141,3,2024-09-17T01:47:38.616Z,2024-09-17T01:47:38.616Z,https://bsky.app/profile/zourik.bsky.social/post/3l4cvjzd4qb2w,2025-12-20 19:33:20
bluesky,this is fine,everything is fine,at://did:plc:kiaz5j6ssl42p2ctpuaqq5fz/app.bsky.feed.post/3l4vv4omhli2c,emilyschnall.bsky.social,Emily Schnall,"I’ve spent a long time away from making art for myself. So easy to fall into survival mode and so hard to dig out of that

Time to FORCE myself to have fun by assigning myself cat wizard drawings! Everything is fine! Here’s number one 🔮","Black and white illustration of a pudgy cat in a wizard robe and hat, it’s holding a book and a wand and has big, twinkling eyes",https://cdn.bsky.app/img/feed_fullsize/plain/did:plc:kiaz5j6ssl42p2ctpuaqq5fz/bafkreihtwgywz32axakgih6a7bzuazawej3rff6jlztgaiefhpfonl7sla@jpeg,113,23,0,2024-09-24T15:00:48.112Z,2024-09-24T15:00:48.112Z,https://bsky.app/profile/emilyschnall.bsky.social/post/3l4vv4omhli2c,2025-12-20 19:33:26
bluesky,this is fine,everything is fine,at://did:plc:ma72lceltwgsljaa32aklntf/app.bsky.feed.post/3l4kbzbch6k2c,louisathelast.bsky.social,Louisa,"Here you go! My chicken noodle soup. Important caveat: this recipe is written for my 8 qt pressure cooker. If your pressure cooker is smaller, halve the recipe. If you’re making it on the stove, you’re going to have to wing it.","Ingredients

• 1 fully cooked rotisserie chicken, divided into two piles: meat, and everything else (bones, skin, etc).
Don't be too precious about it— I usually leave a few scraps of meat on the bones and don't bother picking it off of the wings at all

For the broth:

• All of the bones, skin, etc



• 2 carrots, roughly chopped

• 1 large yellow onion, roughly chopped into a few chunks

• 8 cloves of garlic

• 2 Tbsp kosher salt

• Freshly ground black pepper to taste

• 26"" or so sprigs of fresh rosemary

• 2 tsp dried oregano

• 1 tsp dried thyme

• 1/2 tsp dried tarragon

• 1 tsp dried dill

• 2 bay leaves

• Water, about 20 cups (see directions)",https://cdn.bsky.app/img/feed_fullsize/plain/did:plc:ma72lceltwgsljaa32aklntf/bafkreifzr3no63hkpvu52pumvzfzgbhj7qo7lufdwr4hrqnv5uksc5bafm@jpeg,203,25,29,2024-09-20T00:19:35.333Z,2024-09-20T00:19:35.333Z,https://bsky.app/profile/louisathelast.bsky.social/post/3l4kbzbch6k2c,2025-12-20 19:33:30
bluesky,this is fine,everything is fine,at://did:plc:wyo4hja2oabo5oueisk3kcjz/app.bsky.feed.post/3l5kmbmu22y2c,bananaramis.bsky.social,Bana 🇧🇷,"A little moshang magic shop AU I made as a secret santa present in 22' for my dear friend wolf! Very fond of this one, sqh looks particularly cute in the bonus page... 

2 pages per pic bc we can only post 4, and I didn't want to make a thread..
#moshang #banacomic #svsss","Moshang Magic shop AU. Pages 1 and 2: Mobei Jun, a plant magic user, arrives at Shang Qinghua's magic shop to figure out why his flowers suddenly started growing, despite his plant magic. He carries with him a potted flower that won't open, and Shang Qinghua informs him he must bridge mobei's heart to read the core of his magic and find out what is wrong. It shouldn't take long, but it might sting.",https://cdn.bsky.app/img/feed_fullsize/plain/did:plc:wyo4hja2oabo5oueisk3kcjz/bafkreifscej2h5ci4fep3i74ql5xswlfbeyghagcwew4pergjd53kuwid4@jpeg,249,105,11,2024-10-02T20:50:04.321Z,2024-10-02T20:48:25.811Z,https://bsky.app/profile/bananaramis.bsky.social/post/3l5kmbmu22y2c,2025-12-20 19:33:32
bluesky,this is fine,everything is fine,at://did:plc:4rxd7dm5jfajtq5aedn7g7mb/app.bsky.feed.post/3l5a7hublbf2i,davewagner.bsky.social,dave wagner,"you know how it is. you took a nap. everything was fine. 

when you wake up, though, the squirrels are everywhere. planning their plans. scheming. 

they are a menace.

the humans aren't concerned. they are fools. hubris; sophistry. life is confusing.",an orange and white cat is dejected. things are outside that should be in his belly and this is troubling for him.,https://cdn.bsky.app/img/feed_fullsize/plain/did:plc:4rxd7dm5jfajtq5aedn7g7mb/bafkreihv3xqanj547uwexbg45sxs5ypzvuppyb6de6ptq6733wx6qjmcsy@jpeg,623,62,12,2024-09-28T17:32:38.066Z,2024-09-28T17:32:38.066Z,https://bsky.app/profile/davewagner.bsky.social/post/3l5a7hublbf2i,2025-12-20 19:33:35
bluesky,this is fine,everything is fine,at://did:plc:aleaxgbpyhhcebq37i3qg35z/app.bsky.feed.post/3l6zxppxzuq27,cmddog.com,LawyerDog,"This poor bat fella got his clothing entirely shredded by the forest, happens to the best of us. Open Umbrella comic pages 1-4 (continued in thread)","Scene for entire comic is a very orange forest with a wooden path. 
Panel 1: Open Umbrella Page 1; bat is tumbling to the ground with his clothes being torn to shreds by branches, leaving him nude and his small penis exposed. He is blushing and saying ""wh""
Panel 2: Bat thinks ""Aw man, they're all ripped up! Tears in my wings too...""
Panel 3: Cantio (coyote) is pulling down his shorts and says ""See?? It's clothing optional here!!""; Panko (deer) says ""It's NOT!!""; bat has not noticed them and thinks ""uuugh, I'm gonna have to walk back nuuude"" #furry #furryart #nsfw",https://cdn.bsky.app/img/feed_fullsize/plain/did:plc:aleaxgbpyhhcebq37i3qg35z/bafkreid7vrsmcwioi2rqa27mnixk7ymnx7mucwnp4zrcul4kth6hth25xi@jpeg,1260,234,9,2024-10-21T16:48:17.302Z,2024-10-21T16:48:17.302Z,https://bsky.app/profile/cmddog.com/post/3l6zxppxzuq27,2025-12-20 19:33:58
bluesky,this is fine,everything is fine,at://did:plc:guhlbusbnn2zcdl6uzsqn53t/app.bsky.feed.post/3l6zazvztbr2e,baybayfriend.bsky.social,BayBayFriend,🤔💭,"4 social media posts in a row. Susan Wottles says, I've realized I'm fine having never had a pear in my life like who cares. keep telling me how good they are I'll never have one.

Wendy Groat says, when you were in school did they teach you about cars? why didnt they teach us about them? we should have known about the parts of the car, steering wheel, the buttons.

Jorin Gleat says, I really think in this age you could truly say that trying to buy restaurant food nowadays is like learning another “language.”

Ken Wombt says, I remember everything from being a baby and I wish I could be a baby.

Aside: (I don’t know any of the car buttons)",https://cdn.bsky.app/img/feed_fullsize/plain/did:plc:guhlbusbnn2zcdl6uzsqn53t/bafkreib7wyq5w3w5waf3qdchhtpu7u3gwawsmwgijl2g2wr67tfu36z5oe@jpeg,196,15,9,2024-10-21T10:02:22.657Z,2024-10-21T10:02:22.657Z,https://bsky.app/profile/baybayfriend.bsky.social/post/3l6zazvztbr2e,2025-12-20 19:34:02
bluesky,this is fine,everything is fine,at://did:plc:2x4hhu2og2kfftr3ogy4u5uc/app.bsky.feed.post/3l6shnuyq5727,cloudboyo.bsky.social,Jolly D. BOYO,"okay so this is gonna be difficult to explain but i have like a whole sorta thing with different types of characters and the types of fetish situations im fine with them in

I don't consider myself a majority furry artist (im more everything) but i think furries can fit in almost any situation",,https://cdn.bsky.app/img/feed_fullsize/plain/did:plc:2x4hhu2og2kfftr3ogy4u5uc/bafkreidmenyxg3wqjptctwzbei4f7spvogcvnnwj6mvciufamxl36lt2ca@jpeg,141,11,2,2024-10-18T17:12:16.390Z,2024-10-18T17:12:16.390Z,https://bsky.app/profile/cloudboyo.bsky.social/post/3l6shnuyq5727,2025-12-20 19:34:08
bluesky,this is fine,everything is fine,at://did:plc:kb3k7ft6llwh6lyrc766zyie/app.bsky.feed.post/3l7nhwx55eu2p,sugarbugtrash.bsky.social,one bug (unknown type),@wolfafterhours.bsky.social's Lily is fine and everything is under control 👍✨,,https://cdn.bsky.app/img/feed_fullsize/plain/did:plc:kb3k7ft6llwh6lyrc766zyie/bafkreib6hd3o27qlll2prdk32lkrwmpwcmdpx6xeeb3rwh3uo4k22n6laq@jpeg,387,73,4,2024-10-29T10:59:14.045Z,2024-10-29T10:59:14.045Z,https://bsky.app/profile/sugarbugtrash.bsky.social/post/3l7nhwx55eu2p,2025-12-20 19:34:16
bluesky,this is fine,everything is fine,at://did:plc:quzcwmqdsnbosevdgj3bmtq2/app.bsky.feed.post/3l7h6clooyy23,petridishes.bsky.social,Alexandra Petri,"I guess it has fallen to me, the humor columnist, to endorse Harris for president wapo.st/3UqHWRM","The Washington Post is not bothering to endorse a candidate in the 2024 presidential election. (Jeff Bezos, the founder of Blue Origin and the founder and executive chairman of Amazon and Amazon Web Services, also owns The Post.)
We as a newspaper suddenly remembered, less than two weeks before the election, that we had a robust tradition 50 years ago of not telling anyone what to do with their vote for president. It is time we got back to those “roots,” I’m told!
Roots are important, of course. As recently as the 1970s, The Post did not endorse a candidate for president. As recently as centuries ago, there was no Post and the country had a king! Go even further back, and the entire continent of North America was totally uninhabitable, and we were all spineless creatures who lived in the ocean, and certainly there were no Post subscribers.",https://cdn.bsky.app/img/feed_fullsize/plain/did:plc:quzcwmqdsnbosevdgj3bmtq2/bafkreig5vvvy6uiazruikwqtqlqa2l3bomo4j5pouxl54lsseecajqmg7m@jpeg,7789,2461,245,2024-10-26T22:50:48.871Z,2024-10-26T22:50:48.871Z,https://bsky.app/profile/petridishes.bsky.social/post/3l7h6clooyy23,2025-12-20 19:34:20
bluesky,this is fine,everything is fine,at://did:plc:d7egikvtacf36fpxkdimqzly/app.bsky.feed.post/3l7cazgqnvr2q,maobabie.com,Jennie🌷,"Im fine!!! 
#art",Illustration of a close up shot of a cartoon cat. She is smiling but the cross section of her heads shows a tiny version of the cat screaming surrounded by flames. Caption reads “everything is fine” ,https://cdn.bsky.app/img/feed_fullsize/plain/did:plc:d7egikvtacf36fpxkdimqzly/bafkreic5sfgfihkwdu4t64feio5k3rel33nqtgscggmgf6i7rzr576pwti@jpeg,3950,1014,29,2024-10-24T23:56:04.286Z,2024-10-24T23:56:04.286Z,https://bsky.app/profile/maobabie.com/post/3l7cazgqnvr2q,2025-12-20 19:34:25
bluesky,this is fine,everything is fine,at://did:plc:6icr4tipspgctwsl24lv5r3y/app.bsky.feed.post/3l7b6jx2ktd2r,ponderosa121.bsky.social,Ponderosa | Kim Kuzuri,Marvel fanart. Venom/Eddie. 🖤 How about a #symbrock repost on this fine day. This one's probably my fav of everything I drew for them. 🎨,Fanart of Venom and Eddie partially merged and kissing. Venom's tongue is wrapping around under Eddie's jaw and some extra teeth are curving almost like a cradling hand against Eddie's face. Venom's butt has a nice bit of highlight on it.,https://cdn.bsky.app/img/feed_fullsize/plain/did:plc:6icr4tipspgctwsl24lv5r3y/bafkreicnvc7yrena6gaww5kmcpj2wnssslvmekthggwmzibnz3b6amcr5y@jpeg,309,105,5,2024-10-24T13:38:57.189Z,2024-10-24T13:38:57.189Z,https://bsky.app/profile/ponderosa121.bsky.social/post/3l7b6jx2ktd2r,2025-12-20 19:34:26
bluesky,this is fine,everything is fine,at://did:plc:kezsn4g7eqzxasduovuou3vi/app.bsky.feed.post/3laccwjf4442q,dmg04.bsky.social,dmg04,"Alt text included.

Much love.","This message is for those who had a lot to lose with this election, and for those with empathy. There’s hurt, there’s embarrassment, there’s fear, and there’s so much more. 

There will be a lot of time for messages of hope, unity, protection and support as we move forward. Right now, it’s all about feeling.

Everyone needs that room. Everyone needs that moment to let feelings exist, and that moment to acknowledge them for what they are.

You’re allowed to feel. You’re allowed to fear. You’re allowed to worry about your friends, family, or anyone who may be impacted by changes in laws and policy to come.

I’m not going to sit here and convince anyone that they need to change how they’re feeling. I’m not going to say that everything will be “fine” for education, healthcare, gender equality or other important issues under the impending administration.

My only request is to remain rational, to remain as healthy as possible, and to frankly keep breathing. 

We’re all tired. We know how hard it is to work for a better future. We just… can’t let go of that dream.

We can’t let go of that better future for all.

We’ll talk again soon. I’ll always want to do everything possible to help communities in need, to push for that better future for you and everyone around… but even I need that time to feel right now. As do you.

Much love, all. 💛",https://cdn.bsky.app/img/feed_fullsize/plain/did:plc:kezsn4g7eqzxasduovuou3vi/bafkreidpenm5bted3ckmytatcvatmdsbhq22zikj76nu64a3jl6h3cabji@jpeg,539,71,20,2024-11-06T17:55:25.482Z,2024-11-06T17:55:26.188Z,https://bsky.app/profile/dmg04.bsky.social/post/3laccwjf4442q,2025-12-20 19:34:29
bluesky,this is fine,everything is fine,at://did:plc:kytd5nxtdz7bemgbr5ruglgy/app.bsky.feed.post/3labqyr7aqv2j,qwantz.com,Dinosaur Comics!,"feels weird to have a year that's a single digit.  fewer things should've happened in 8

www.qwantz.com/index.php?co...","Narrator: EARLIER:
T-Rex: I certainly do enjoy this song!

Narrator: BUT THEN LATER:
T-Rex: Wait, I enjoy this other song too... and it's the SAME SONG?!",https://cdn.bsky.app/img/feed_fullsize/plain/did:plc:kytd5nxtdz7bemgbr5ruglgy/bafkreibwetujlpqcfx7xwuy7pwvpjyvly66zzzbgro6njbf7g2rkeyomrq@jpeg,118,13,1,2024-11-06T12:34:33.797Z,2024-11-06T12:34:34.382Z,https://bsky.app/profile/qwantz.com/post/3labqyr7aqv2j,2025-12-20 19:34:31
bluesky,this is fine,everything is fine,at://did:plc:lb7jeizjwxjcn3bvkohqxkba/app.bsky.feed.post/3la7wwa7sor2u,climatecasino.net,Prof. Eliot Jacobson,"I spy a new record high North Atlantic sea-surface temperature for the day. 

Everything is fine.",,https://cdn.bsky.app/img/feed_fullsize/plain/did:plc:lb7jeizjwxjcn3bvkohqxkba/bafkreihq6hhnvcmjlqz7dbgjpoyrv4cjkb6sd7isddtupbz3fxeheij54e@jpeg,157,27,3,2024-11-05T19:15:11.562Z,2024-11-05T19:15:12.182Z,https://bsky.app/profile/climatecasino.net/post/3la7wwa7sor2u,2025-12-20 19:34:34
bluesky,this is fine,everything is fine,at://did:plc:qywybrbr5ykxbdmoetsbvdsq/app.bsky.feed.post/3la5j3zjxze2n,missandydandy.bsky.social,𓆩MissDandy𓆪 👽,"𝘍𝘪𝘯𝘦 𝘵𝘩𝘦𝘯, 𝘭𝘦𝘵'𝘴 𝘫𝘶𝘴𝘵 𝘥𝘦𝘴𝘵𝘳𝘰𝘺 𝘦𝘷𝘦𝘳𝘺𝘵𝘩𝘪𝘯𝘨! 𝘠𝘰𝘶𝘳 𝘴𝘬𝘪𝘭𝘭 𝘪𝘴 𝘸𝘰𝘳𝘵𝘩𝘺 𝘰𝘧 𝘳𝘦𝘴𝘱𝘦𝘤𝘵!
👊💥🟧",,https://cdn.bsky.app/img/feed_fullsize/plain/did:plc:qywybrbr5ykxbdmoetsbvdsq/bafkreihknthy5kplhhb23ug6fhqtoh3p6wkxkltnd24zmacgihhbhk436q@jpeg,257,57,5,2024-11-04T20:02:33.843Z,2024-11-04T20:02:35.284Z,https://bsky.app/profile/missandydandy.bsky.social/post/3la5j3zjxze2n,2025-12-20 19:34:36
bluesky,this is fine,everything is fine,at://did:plc:4djfp3b27soxcfkxhirydi6d/app.bsky.feed.post/3l7zxwuu74n25,standplaatskrk.pl,Standplaats Kraków could really use some cash!,,"spillybun
Ominous positivity

spillybun
You will be okay. You have no choice.

solluxismsnowaifu
Everything will turn out fine. You cannot stop it

abirdkeeper
You will succeed. It is inevitable.

ratatoskr-the-shithead
Happiness is coming. You can't escape",https://cdn.bsky.app/img/feed_fullsize/plain/did:plc:4djfp3b27soxcfkxhirydi6d/bafkreifkvapayrlwxl42l6fbsccgt24mm3za6g4nsh4v54auutejehcbwi@jpeg,576,223,3,2024-11-03T10:17:27.975Z,2024-11-03T10:17:29.181Z,https://bsky.app/profile/standplaatskrk.pl/post/3l7zxwuu74n25,2025-12-20 19:34:38
bluesky,this is fine,everything is fine,at://did:plc:uwwtwodghs6btukiadkhr2ve/app.bsky.feed.post/3latyi3so5s24,unfamiliararts.bsky.social,UnfamiliarArts,"One of my most detailed polymer clay wolf sculptures. I love adding as many realistic details as possible to the skulls. Everything is hand sculpted and hand painted, including the fine, gold patterns.","A wolf sculpture on a white background. The wolf is standing in a sturdy, proud stance with its head held high. The wolf has a detailed skull for a face. The body is painted black with lots of detailed, gold floral patterns.",https://cdn.bsky.app/img/feed_fullsize/plain/did:plc:uwwtwodghs6btukiadkhr2ve/bafkreifiplantf4ftwcu7adlxovgfvipjofars5d32i7vk5rguf5y3vhzi@jpeg,147,45,4,2024-11-13T18:36:19.444Z,2024-11-13T18:36:23.096Z,https://bsky.app/profile/unfamiliararts.bsky.social/post/3latyi3so5s24,2025-12-20 19:34:47
bluesky,this is fine,everything is fine,at://did:plc:cfwhcdq4rupwnc2b7nzkdh3b/app.bsky.feed.post/3lar5imwhgs2o,ericreder.bsky.social,Eric is Revelous ❄️🌲🔥⛸️🎶,"How are you this morning deer!
Please tell us what number you are right now.

I'm particularly keen on the alt text today. 

Personally I'm a 3.","A young deer, slightly broken, resigned to the clownish crap of a morning at work with all of things going on",https://cdn.bsky.app/img/feed_fullsize/plain/did:plc:cfwhcdq4rupwnc2b7nzkdh3b/bafkreib7vnhmkdygizbgp2jibvd7matrxtg5mfrhjz3zu7qrir3vqnuyoi@jpeg,126,15,19,2024-11-12T15:28:06.891Z,2024-11-12T15:28:09.113Z,https://bsky.app/profile/ericreder.bsky.social/post/3lar5imwhgs2o,2025-12-20 19:34:53
bluesky,this is fine,everything is fine,at://did:plc:lb7jeizjwxjcn3bvkohqxkba/app.bsky.feed.post/3laqv3clhts2q,climatecasino.net,Prof. Eliot Jacobson,"The most recent 365-day temperature anomaly was 1.62°C, as of Nov. 10, 2024.

Everything is fine.",,https://cdn.bsky.app/img/feed_fullsize/plain/did:plc:lb7jeizjwxjcn3bvkohqxkba/bafkreifbfkv7adent2j37zwmdatq37obgh7gmzejdvs35u24ejntexpxta@jpeg,169,52,8,2024-11-12T12:57:29.905Z,2024-11-12T12:57:31.916Z,https://bsky.app/profile/climatecasino.net/post/3laqv3clhts2q,2025-12-20 19:34:54
bluesky,this is fine,everything is fine,at://did:plc:ywbm3iywnhzep3ckt6efhoh7/app.bsky.feed.post/3lahroxzkdk2l,katie.bzky.team,"Katie Tightpussy, Editor-In-Chief","shockingly based article from the financial times in recognition of how the average american has been getting slammed financially for four years.

simply: it's unsurprising that the ""i'm gonna fix the economy"" guy beat the ""everything is fine and i'm going to keep everything the same"" lady.","Financial Times

FT Alphaville  US presidential election 2024

This was an election on the US economy. And for many Americans, the economy sucks

‘Strong’ for whom?

Tej Parikh 16 minutes ago",https://cdn.bsky.app/img/feed_fullsize/plain/did:plc:ywbm3iywnhzep3ckt6efhoh7/bafkreigqgahdzgdvaoktnrtlxajx5pg22sczlzvjlacuzzj626dldubodq@jpeg,350,60,19,2024-11-08T22:02:57.310Z,2024-11-08T22:02:58.591Z,https://bsky.app/profile/katie.bzky.team/post/3lahroxzkdk2l,2025-12-20 19:35:09
bluesky,this is fine,everything is fine,at://did:plc:ovle6aqkjcegnfs73vbuoqx4/app.bsky.feed.post/3lbfupivoyk2z,mchannon.bsky.social,Margaret Hannon,"Check out my new favorite office decoration, courtesy of @leahlitman.bsky.social! (Thank you, Leah!!)","Crochet dumpster fire holding a placard: 
Emotional Support Dumpster Fire
It’s fine. 
I’m fine. 
Everything is fine! ",https://cdn.bsky.app/img/feed_fullsize/plain/did:plc:ovle6aqkjcegnfs73vbuoqx4/bafkreibficd73oh5ce5x3kuoyiodp5xgghdzvlkl4mdwjohlm2lnbwhcbe@jpeg,177,7,5,2024-11-20T21:16:48.374Z,2024-11-20T21:16:51.812Z,https://bsky.app/profile/mchannon.bsky.social/post/3lbfupivoyk2z,2025-12-20 19:35:18
bluesky,this is fine,everything is fine,at://did:plc:vsumtgv5yra3pprohbaxa663/app.bsky.feed.post/3laytigk7ls2h,akanemnon.bsky.social,Aƙαɳҽ,"TWIN RUNES 24 (missed up the order with the last post whoops)
I'm sure he'll be fine 
#DELTARUNE #undertale","Two panel comic

The first panel is designated with a ""Meanwhile in Castletown..."" text box. Papyrus is shown in his Dark World form. He crosses his arms and shakes his head disapprovingly. He proclaims, ""NO, NO, NO! THIS SIMPLY WILL NOT DO!!""

In the second panel Papyrus is putting an arm around Roulxs Kaard and raises his finger. He winks down at Roulxs and says, ""FOR YOU SEE, MY HANDSOME BLUE FRIEND... PUZZLES ARE ALL ABOUT PASSION!! BOLDNESS!! INGENUITY!!! BUT FRET NOT! I, THE GREAT PAPYRUS, WILL TEACH YOU EVERYTHING I KNOW. NYEHEHEHE!!""
Roulxs looks up at him and seems confused. He asks, ""Didst thou just call Me... handsome?""
Ralsei is shown from the side trying to stop Papyrus. He waves his arms downwards and has a nervous smile on his face when he says, ""Now, now, Papyrus...""",https://cdn.bsky.app/img/feed_fullsize/plain/did:plc:vsumtgv5yra3pprohbaxa663/bafkreiaj2mjf7ivon7ztovhgwikm4e4ffwpuidsn3jmai5qterajoltwbu@jpeg,423,41,3,2024-11-15T16:50:20.679Z,2024-11-15T16:50:24.946Z,https://bsky.app/profile/akanemnon.bsky.social/post/3laytigk7ls2h,2025-12-20 19:35:53
bluesky,this is fine,everything is fine,at://did:plc:rd5y3fareedn6s6ybedpm5hn/app.bsky.feed.post/3layjer6vvs23,fayerd.bsky.social,Faye Rapoport DesPres,"Tobias is showing off his “battle scars” - the shaved spots where he needed IVs during his CT scan. Now that we know he’s going to be fine, he’s going to milk this for everything it’s worth — and we will let him. #cats #catsofbluesky","Black cat with white nose, chest, and paws lying on a red rug, with his paws extended. There are shaved spots around the “wrist” area if the paws.",https://cdn.bsky.app/img/feed_fullsize/plain/did:plc:rd5y3fareedn6s6ybedpm5hn/bafkreibf55zrjusbvgdtribkzh2gf3wfztitzdezpszpvhjat4m25pjece@jpeg,140,5,1,2024-11-15T13:49:20.215Z,2024-11-15T13:49:24.742Z,https://bsky.app/profile/fayerd.bsky.social/post/3layjer6vvs23,2025-12-20 19:35:54
bluesky,this is fine,everything is fine,at://did:plc:o3o4uv5qav4zqvstn4rov27e/app.bsky.feed.post/3lay6fhseec2b,recombobulating.bsky.social,r,"This poem is beautiful and relates something I have felt a lot recently.

Like when I was told that 'our grandparents' survived this so we would. 

But you could only believe that if they did all survive long enough to meet you and tell you about it.","When people say, ""we have made it through worse before""

Clint Smith

all I hear is the wind slapping against the gravestones of those who did not make it, those who did not survive to see the confetti fall from the sky, those who

did not live so watch the parade roll down the street. I have grown accustomed to a lifetime of aphorisms meant to assange my fears, pithy sayings meant to

convey that everything ends up fine in the end. There is no solace in rearranging language to make a different word tell the same lie. Sometimes the moral arc of the universe

does not bend in a direction that will comfort us, Sometimes in bends in ways we don't expect & there are people who fall off in the process. Please, dear reader,

do not say I am hopeless, I believe there is a better future to fight for, 1 simply accept the possibility that I may not live to see it. Thave grown weary of telling myself lies

that I might one day begin to believe. We are not all left standing after the war has ended. Some of us have become ghosts by the time the dust has settled.",https://cdn.bsky.app/img/feed_fullsize/plain/did:plc:o3o4uv5qav4zqvstn4rov27e/bafkreiakkhwj233ycnmjh6fwgef2lngi2idvw6itdxen7gfjs5ke6algay@jpeg,140,69,5,2024-11-15T10:32:52.603Z,2024-11-15T10:32:55.352Z,https://bsky.app/profile/recombobulating.bsky.social/post/3lay6fhseec2b,2025-12-20 19:35:55
bluesky,this is fine,everything is fine,at://did:plc:w6h6dprbvdrbaidpnbjhj7yi/app.bsky.feed.post/3lbxnqiixi52v,askaubry.com,AskAubry 🦝 🐆,"Sure sure Conor McGregor was convicted by a jury for r*pe, but he's going back to the gym y'all so everything is just fine fine... 🙄","Conor McGregor @TheNotoriousMMA People want to hear from me, I needed time. I know I made mistakes. Six years ago, I should have never responded to her outreaches. I should have shut the party down. I should never have stepped ton the woman I love the most in the world. That's all on me. As much as I regret it, everything that happened that night was consensual and all the witnesses present swore to that under oath. I have instructed my legal team appeal the decision. I can't go back and I will move forward. I am beyond grateful to my family, friends and supporters all over the world who have stayed by my side. That's it. No more. Getting back to the gym- the fight game awaits!",https://cdn.bsky.app/img/feed_fullsize/plain/did:plc:w6h6dprbvdrbaidpnbjhj7yi/bafkreiaorknrwkmjad3njfen5lmls4ujdoqmed42lp4nbmbzthzhjs77ee@jpeg,261,18,30,2024-11-27T23:00:00.000Z,2024-11-27T23:00:02.159Z,https://bsky.app/profile/askaubry.com/post/3lbxnqiixi52v,2025-12-20 19:36:04
bluesky,this is fine,everything is fine,at://did:plc:uz5apa2z3jrxhjjzqw5qik65/app.bsky.feed.post/3lbuchgcats2h,newseye.bsky.social,News Eye,"Trump has announced new, blanket tariffs on all imports from China, Canada and Mexico on his first day in office.

Here is the main trading partner of every US state.

I'm sure everything will be fine.

(Source: Andy Kiersz, Business Insider using data from US Census Bureau, 2015)","A map of the US colour coded to show each state's main trading partner. 45 of the 50 states have a main trading partner as one of China, Canada or Mexico.",https://cdn.bsky.app/img/feed_fullsize/plain/did:plc:uz5apa2z3jrxhjjzqw5qik65/bafkreibyba7igeh2guodtyb45d5hani3ae5hjia2aoav25tnfc36ofzb4e@jpeg,745,328,40,2024-11-26T15:00:05.934Z,2024-11-26T15:00:33.255Z,https://bsky.app/profile/newseye.bsky.social/post/3lbuchgcats2h,2025-12-20 19:36:13
bluesky,this is fine,everything is fine,at://did:plc:zdfaqtd5dhqwgcezjgqobvxf/app.bsky.feed.post/3lbslqqisic2b,inki-drop.com,Shelly 🦑 ❄️,"Cute birbs with odd auras 🐦

#cuteart #birdart","Sketch with comic dialogue bubbles. 

Blue bird: You will be okay. You have no choice. 
Purple bird: You will succeed. It is inevitable. 
Black bird: Everything will turn out fine. You cannot stop it. ",https://cdn.bsky.app/img/feed_fullsize/plain/did:plc:zdfaqtd5dhqwgcezjgqobvxf/bafkreia2rmkbegpyygdjw5nj5567pbjgvz3qii3cbi2newikm45zhwryzi@jpeg,166,68,3,2024-11-25T22:41:02.828Z,2024-11-25T22:41:05.369Z,https://bsky.app/profile/inki-drop.com/post/3lbslqqisic2b,2025-12-20 19:36:17
bluesky,this is fine,everything is fine,at://did:plc:edauach476sgwimq6l4r6a5l/app.bsky.feed.post/3lbs2s34m3s25,margogontar.bsky.social,Margo Gontar,"When everything was quite fine a minute ago and then you fall apart - because the music pulls something out of you, because there were no people here who you hoped to meet, because the rain inside got too close to surface and now is pouring out and you all become this rain",,https://cdn.bsky.app/img/feed_fullsize/plain/did:plc:edauach476sgwimq6l4r6a5l/bafkreiftk43ovfteccrewu4hgw3ckqktcf3sghll4vp2f357uewrmvwfoq@jpeg,128,6,8,2024-11-25T17:37:33.905Z,2024-11-25T17:37:43.570Z,https://bsky.app/profile/margogontar.bsky.social/post/3lbs2s34m3s25,2025-12-20 19:36:19
bluesky,this is fine,everything is fine,at://did:plc:wxqebemqfvfvjvknaa4zyms6/app.bsky.feed.post/3lbpp272y7c24,sarkastiklover.bsky.social,Orlando B ✍️ COMMS CLOSED,"Well, I hit 800 followers, so let's do an #Artshare, to celebrate!

🎨 Introduce yourself 
🖌️Post your art, in whatever form it takes
👩‍🎨Support & interact
⭐ Re-post this for visibility
👍 NFSW is fine, just label it
🚫 No Ai/ NFT. 

I'll share everything I can throughout the day.

#art #illustration",Wonder Woman rushing towards an Artshare ,https://cdn.bsky.app/img/feed_fullsize/plain/did:plc:wxqebemqfvfvjvknaa4zyms6/bafkreidoq3gxfgqo7yzwwnwwtz33wt74rstkdiq7ps5lczpdiysdkdvqly@jpeg,252,99,105,2024-11-24T19:02:02.098Z,2024-11-24T19:02:17.953Z,https://bsky.app/profile/sarkastiklover.bsky.social/post/3lbpp272y7c24,2025-12-20 19:36:24
bluesky,this is fine,everything is fine,at://did:plc:2twda5ixq3fek3d6scud7fzf/app.bsky.feed.post/3lbnqs6nf6s2h,galrock.bsky.social,Galrock,Quick cute Warwick Doodle since Arcane is over and I think he deserved better so look. Everything is fine guys! He turned full furry and is roaming the Lanes #Arcane #Warwick #league,Cartoony Warwick sprinting or jumping,https://cdn.bsky.app/img/feed_fullsize/plain/did:plc:2twda5ixq3fek3d6scud7fzf/bafkreihrc75rpytuyf744izorkgwwvcq2t6mdnd25u3hdvglkrd46t662e@jpeg,130,31,1,2024-11-24T00:28:01.207Z,2024-11-24T00:28:04.456Z,https://bsky.app/profile/galrock.bsky.social/post/3lbnqs6nf6s2h,2025-12-20 19:36:28
bluesky,this is fine,everything is fine,at://did:plc:t6ubj2wlhc34awzcymh3qpur/app.bsky.feed.post/3lbnetlyoic2u,ronfilipkowski.bsky.social,Ron Filipkowski,You know what though? I tried to do it for them. Time and time again. Issue after issue. Here’s what’s coming. Here is the counter. Let’s get out in front of this. Nothing. Crickets. Everything is fine. Here was the last time. Nothing from the Admin. Just me.,,https://cdn.bsky.app/img/feed_fullsize/plain/did:plc:t6ubj2wlhc34awzcymh3qpur/bafkreib4odshxsliqcnydsko7zoc3p75d2yla4yp4277cdruwcglluufje@jpeg,1454,174,73,2024-11-23T20:54:03.884Z,2024-11-23T20:54:05.861Z,https://bsky.app/profile/ronfilipkowski.bsky.social/post/3lbnetlyoic2u,2025-12-20 19:36:29
bluesky,this is fine,everything is fine,at://did:plc:brisek4ftiedvvfbdugzn2od/app.bsky.feed.post/3lbnd4sulec2l,425suzanne.bsky.social,🥧 suzanne 🥧,Everything is awful but at least I’m getting some pie.,"Photo of twede’s cafe menu (the twin peaks diner)

Top of the menu says welcome to twedes cafe, home of cherry pie and damn fine coffee",https://cdn.bsky.app/img/feed_fullsize/plain/did:plc:brisek4ftiedvvfbdugzn2od/bafkreiegfn6t4epzdivqzhlc7wcfygye4zzxiny54bwb37u7hud4b756qq@jpeg,105,0,12,2024-11-23T20:23:25.596Z,2024-11-23T20:23:44.969Z,https://bsky.app/profile/425suzanne.bsky.social/post/3lbnd4sulec2l,2025-12-20 19:36:29
bluesky,this is fine,everything is fine,at://did:plc:64pkrlq67l7dkxgvxrgm6ydm/app.bsky.feed.post/3lbkq5x5zr22g,krosbar.bsky.social,Krosbar➡️Confuror 2025,"Doctor Beast is seeing your right now: ""Yes... I see... As I suspected... We will have to perform a deep prostate exam! But don't worry, everything will be fine! You will feel a lot better afterwards! Trust me!""
Art by @remerting.bsky.social 
#BeastHusbandDay",,https://cdn.bsky.app/img/feed_fullsize/plain/did:plc:64pkrlq67l7dkxgvxrgm6ydm/bafkreidpab6mco7mihoy2dahzjkr5icpxw3xeu4sbgi4lul6qa2xcqxkyu@jpeg,105,23,1,2024-11-22T19:38:43.081Z,2024-11-22T19:38:47.762Z,https://bsky.app/profile/krosbar.bsky.social/post/3lbkq5x5zr22g,2025-12-20 19:36:34
bluesky,this is fine,everything is fine,at://did:plc:sjavwppofds3pb2hhaxxqd2h/app.bsky.feed.post/3lchbnutbws2o,beldamequinox.bsky.social,🔞𝐄𝐪𝐮𝐢𝐧𝐨𝐱🔞,"[ repost , Elzule (she/her) ]
the personification of cosmic horror, the universe is her limits, and no she totally didn't let her husband win what are you talking about-","NSFW, Sketch, OC, Elzule (she/her)
2 partially nude half body sketches of my OC Elzule. Her clothes are ripped from a sparring match with her husband (offscreen), she lies exposed and pulling her clothes a little further apart. The dialogue bubbles read:
1: Oh, fine- you win
2: You weren't interested in being gentle in the first place, were you?
3: HA-Have you gotten everything out of your system, love?",https://cdn.bsky.app/img/feed_fullsize/plain/did:plc:sjavwppofds3pb2hhaxxqd2h/bafkreid2sdcht375svjuiwmxxltuny72q25g4xst6uxeat5scwg4dkpjg4@jpeg,158,29,2,2024-12-04T04:06:23.778Z,2024-12-04T04:06:26.863Z,https://bsky.app/profile/beldamequinox.bsky.social/post/3lchbnutbws2o,2025-12-20 19:36:51
bluesky,this is fine,everything is fine,at://did:plc:xviqbzsjyw56leqk5nsjzoqy/app.bsky.feed.post/3lcfvfenchk2x,richardkadrey.bsky.social,Richard Kadrey,Good morning. Everything is fine. Just fine.,a man on fire in a wheelchair from the movie Red Dragon,https://cdn.bsky.app/img/feed_fullsize/plain/did:plc:xviqbzsjyw56leqk5nsjzoqy/bafkreidu3gb4w3xjonsp2ax3lqlhpgdjozr56mvby36hv2xvdtipkj662a@jpeg,175,5,5,2024-12-03T14:54:13.741Z,2024-12-03T14:54:15.664Z,https://bsky.app/profile/richardkadrey.bsky.social/post/3lcfvfenchk2x,2025-12-20 19:36:55
bluesky,this is fine,everything is fine,at://did:plc:r335dcuzq7ta2fmsb2gk4dgn/app.bsky.feed.post/3lce3ilflts2z,cheatlines.co,Devin Vironment,When everything is Fine,A very long thermal printer receipt covered in errors,https://cdn.bsky.app/img/feed_fullsize/plain/did:plc:r335dcuzq7ta2fmsb2gk4dgn/bafkreiarix4ymul6fjfoqgxatn2r2iwgq3nez2v2zubba73zkgkyugkhyi@jpeg,124,10,8,2024-12-02T21:38:04.465Z,2024-12-02T21:38:07.453Z,https://bsky.app/profile/cheatlines.co/post/3lce3ilflts2z,2025-12-20 19:36:58
bluesky,this is fine,everything is fine,at://did:plc:prp36zdr22pcywvsa6aeotpt/app.bsky.feed.post/3lcad2cvcv22c,floralneon.bsky.social,🪻Floral Neon 𓍢ִ໋🌷͙֒,I was so turned on by my own story I wanted to illustrate and flesh it out a bit more,"(Sleepover at your BFFs)
You get very flustered when you realize your friend still wears diapers, and even more so when you find out her dad is handling all the diaper changes. Immediately, for a reason you cannot figure out, an image flashes in your mind, just for a moment, of you in her place, laying on your back with your legs up, obidiently waiting for him to put a diaper on you like a baby. But that moment has overtaken all your other thoughts, to the point where you might not be very reasonable anymore.

So, without thinking very clearly about it, you imagine a sequence of events. And it starts with you having a very unfortunate, embarassing, and humiliating accident: and before you've decided to go for it, you wet yourself. Part of you is wondering just what it is you're doing, but mostly you're focused on the warmth spreading through your leggings, imaging, hoping, wanting for it not to be the biggest rush you'll feel tonight.

You move on to Phase Two immediately, which is probably the most difficult. And before you lose your nerve, you nervously tap a door three times, and hesitantly open it. This part does not need any acting on your end, your heart is racing, beating faster and faster as you're squirming in your drenched clothes... stuttering that you've had an accident. Too late to turn back now.
You're hoping your sudden madness was not a mistake.",https://cdn.bsky.app/img/feed_fullsize/plain/did:plc:prp36zdr22pcywvsa6aeotpt/bafkreifp6npmkkzes5bxthy5ruwvy5d5jtitccftnxh6szenxychusuj2y@jpeg,133,29,4,2024-12-01T09:42:36.749Z,2024-12-01T09:42:40.554Z,https://bsky.app/profile/floralneon.bsky.social/post/3lcad2cvcv22c,2025-12-20 19:37:11
bluesky,this is fine,everything is fine,at://did:plc:gvda6fem6r7selm4gzjjww4a/app.bsky.feed.post/3lc7cdqnrvs2r,leahmcelrath.bsky.social,Leah McElrath,"⚠️ Trump names Kash Patel to be FBI Director

Patel played a central role in helping Republicans fight investigations into Trump and Russian interference in the 2016 election.

Everything is fine.","Donald J. Trump $ @realDonald Trump
I am proud to announce that Kashyap ""Kash"" Patel will serve as the next Director of the Federal Bureau of Investigation. Kash is a brilliant lawyer, investigator, and
""America First"" fighter who has spent his career exposing corruption, defending Justice, and protecting the American People. He played a pivotal role in uncovering the Russia, Russia, Russia Hoax, standing as an advocate for truth, accountability, and the Constitution.
Kash did an incredible job during my First Term, where he served as",https://cdn.bsky.app/img/feed_fullsize/plain/did:plc:gvda6fem6r7selm4gzjjww4a/bafkreihimulmvhbugsqym2op64e3lbj4oggwhtmapbwfsdxulwyayqd25a@jpeg,185,47,10,2024-11-30T23:57:19.704Z,2024-11-30T23:57:22.849Z,https://bsky.app/profile/leahmcelrath.bsky.social/post/3lc7cdqnrvs2r,2025-12-20 19:37:12
bluesky,this is fine,everything is fine,at://did:plc:iswthnh66n4g4gj2k3t4mxhx/app.bsky.feed.post/3lc6ry36gq22h,ivyfae.bsky.social,Ⅳ ⛧,This account is an LLM bot set to reply to everything with negativity,@lauwoo.bsky.social profile,https://cdn.bsky.app/img/feed_fullsize/plain/did:plc:iswthnh66n4g4gj2k3t4mxhx/bafkreiev4w5wj4oqs2mno3aggb26fk3jnevh4ymjooznlneuaumvxoms24@jpeg,526,180,38,2024-11-30T19:04:28.210Z,2024-11-30T19:04:31.152Z,https://bsky.app/profile/ivyfae.bsky.social/post/3lc6ry36gq22h,2025-12-20 19:37:13
bluesky,this is fine,everything is fine,at://did:plc:vid77mzfauc762azmpst4uja/app.bsky.feed.post/3lc5ae3mhxk23,autumnivy.net,Autumn Ivy,"Everything is fine isn’t it? Isn’t it.

I'm super excited to announce I voice Carol in
@thomashalle.bsky.social's horror podcast 
Cabin Tales!

Super stoked to have been a part of this amazing team and production! 
#voiceactor",,https://cdn.bsky.app/img/feed_fullsize/plain/did:plc:vid77mzfauc762azmpst4uja/bafkreif3o3dkpmytitprqvtq2oitqurifgdoljzj4qe4734n5w6u3w4cyq@jpeg,280,24,12,2024-11-30T04:16:24.237Z,2024-11-30T04:16:27.149Z,https://bsky.app/profile/autumnivy.net/post/3lc5ae3mhxk23,2025-12-20 19:37:17
bluesky,this is fine,everything is fine,at://did:plc:ymdtsxhbpoo74gz27zwa3toh/app.bsky.feed.post/3lbymjkro4s2e,pureneugier311.bsky.social,PureNeugier,"Und damit ist zu meinem derzeitigen Zustand alles gesagt.
#drunterdonnerstag","Frontaufnahme von mir von Mund bis etwa Mitte der Oberschenkel. Ich stehe leicht lächelnd vor den beigefarbenen Fliesen meines Bades. Ich trage ein schwarzes T-Shirt mit einer schwarzen Katze, die vor einer großen Flamme ein brennendes Feuerzeug in der Hand hält, lächelt, aber ein Auge leicht zusammenkneift (als würde es zucken). Darunter steht ""EVERYTHING IS FINE!"". Außerdem trage ich ein schwarzes Höschen. Über meine linke Schulter fallen meine blonden Haare und meine linke Hand hält leicht das Shirt nach oben, so dass man das Höschen und meinen Bauch sieht.",https://cdn.bsky.app/img/feed_fullsize/plain/did:plc:ymdtsxhbpoo74gz27zwa3toh/bafkreidobil74zg7zgenty527rgizy6ivwojrw37bge3ivqxzamhkrodgq@jpeg,181,0,7,2024-11-28T08:10:54.118Z,2024-11-28T08:10:59.556Z,https://bsky.app/profile/pureneugier311.bsky.social/post/3lbymjkro4s2e,2025-12-20 19:37:25
bluesky,this is fine,everything is fine,at://did:plc:57to4anm3kiw2kmo2mudl7fn/app.bsky.feed.post/3lcysc3wakk23,priscillapage.bsky.social,priscilla page,"a few folks have said they don't think of The Verdict as a Christmas movie, and most people don't! but the film's fall color palette, all the snow & rain, setting it around Christmas - along with the narrative of one man recovering his soul in the winter of his life - make it feel like one to me","screenshot from The Verdict of Paul Newman's character Frank Galvin in silhouette, playing pinball in a bar (the glass reflects the window behind him so it's hard to see what it is, but the game is Disco Fever). above the pinball machine it reads ""Paul Newman"" in red font. behind him, there is a large window with sloppy garland hanging down in front of it, a bit of holly attached. on the ledge sits a glass mug and an ashtray. ",https://cdn.bsky.app/img/feed_fullsize/plain/did:plc:57to4anm3kiw2kmo2mudl7fn/bafkreih3fsl6cfovjoqnomjskyolnvplrsr65yltsnlprgxv5pv22vu4z4@jpeg,108,8,8,2024-12-11T03:19:17.675Z,2024-12-11T03:19:21.950Z,https://bsky.app/profile/priscillapage.bsky.social/post/3lcysc3wakk23,2025-12-20 19:37:31
bluesky,this is fine,everything is fine,at://did:plc:3herjf3tyxhvtcy2siamojts/app.bsky.feed.post/3lcwturjjrs2e,henryjfate.bsky.social,Henry J Fate,"N. C. Wyeth
The Lobsterman 
(The Doryman), 1944

Egg tempera on wood

Not your typical or well known Wyeth. You can see everything that made his illustration work great, but this is something else. A foot in the door of fine art.

#art #artist #painter #illustrator #arthistory #fineart",,https://cdn.bsky.app/img/feed_fullsize/plain/did:plc:3herjf3tyxhvtcy2siamojts/bafkreieemeltoqsv37suubwy5fu4v54txglchbxfbzhniqk3eqlerzhfg4@jpeg,222,43,4,2024-12-10T08:42:18.633Z,2024-12-10T08:42:22.453Z,https://bsky.app/profile/henryjfate.bsky.social/post/3lcwturjjrs2e,2025-12-20 19:37:35
bluesky,this is fine,everything is fine,at://did:plc:upyckbxvzrzs3c4zxetql6q5/app.bsky.feed.post/3lcvkbbl5qk2m,paperbeatsscissors.com,PAPERBEATSSCISSORS!,,"a nice little nice little cat guy in a nice little bow tie

text: I FEEL INSANE and i am so everything is fine :)",https://cdn.bsky.app/img/feed_fullsize/plain/did:plc:upyckbxvzrzs3c4zxetql6q5/bafkreib4pzrcr3ppu6txcciz3n4cbrrblcb73xfcgdpje3x3uxlzc5sw4y@jpeg,414,108,2,2024-12-09T20:17:40.959Z,2024-12-09T20:17:44.413Z,https://bsky.app/profile/paperbeatsscissors.com/post/3lcvkbbl5qk2m,2025-12-20 19:37:38
bluesky,this is fine,everything is fine,at://did:plc:hl2uyr3xhtekyuycbaxao4zn/app.bsky.feed.post/3lctulv6px22i,kcopossum.bsky.social,KC Opossum or Deer now too I guess,EVERYTHING IS FINE,"A Virginia opossum leaning against a concrete wall with the text overplayed saying ""I'm fine as long as I don't think about the future, the past, what's happening right now",https://cdn.bsky.app/img/feed_fullsize/plain/did:plc:hl2uyr3xhtekyuycbaxao4zn/bafkreif6m2cpiwbht6sszjcwfgr6tzhwp4vd6inub7phtpgw4isqri5eua@jpeg,208,50,2,2024-12-09T04:17:15.007Z,2024-12-09T04:17:26.402Z,https://bsky.app/profile/kcopossum.bsky.social/post/3lctulv6px22i,2025-12-20 19:37:41
bluesky,this is fine,everything is fine,at://did:plc:cu26musm4zxhiekstfhwngdv/app.bsky.feed.post/3lcnmpbuftl22,lilblackheart.bsky.social,Nadine Antoinette 🖤📚,it’s fine. everything is fine.,,https://cdn.bsky.app/img/feed_fullsize/plain/did:plc:cu26musm4zxhiekstfhwngdv/bafkreibhnlzkxwpzu47nvib3zn67gtk4jybez2c677oa5dgdman7vgn5w4@jpeg,141,38,4,2024-12-06T16:40:00.575Z,2024-12-06T16:40:09.266Z,https://bsky.app/profile/lilblackheart.bsky.social/post/3lcnmpbuftl22,2025-12-20 19:37:53
bluesky,this is fine,everything is fine,at://did:plc:nuwshvsr57wyjhjfayk6ytzu/app.bsky.feed.post/3lcldzfqx322u,murkbone.bsky.social,𝖆𝖇𝖘𝖎𝖙 ♱ 𝖔𝖒𝖊𝖓,Everything is fine,,https://cdn.bsky.app/img/feed_fullsize/plain/did:plc:nuwshvsr57wyjhjfayk6ytzu/bafkreievrkpqbpuekhw4vb3kjvv77wo4pbyy3cpwm4oojd3xuxfekj6lju@jpeg,820,225,5,2024-12-05T18:59:17.066Z,2024-12-05T18:59:19.956Z,https://bsky.app/profile/murkbone.bsky.social/post/3lcldzfqx322u,2025-12-20 19:37:57
bluesky,this is fine,everything is fine,at://did:plc:utj4x5drzlradzmm22yyvshx/app.bsky.feed.post/3lcl6cdp5ns2b,kenjibestpup.bsky.social,🐕⭐️ Kenji 🔜 ANE 🇯🇵🧢,"This is from a trade I did with the amazing @cubepuppy.bsky.social 

I’m sure everything will be fine… one more level, right? He’s a big boy!

I’ll post my end a little later ^.^

#babyfur #abdl #diaper #furryart","Kenji and Roy, 2 anthropomorphic puppies, are sitting with juice boxes surrounding them. Kenji says “Are you sure you don’t want a potty-break? You had a lot of juice…” and Roy, playing a game, responds “I’m fine, just one more level!”",https://cdn.bsky.app/img/feed_fullsize/plain/did:plc:utj4x5drzlradzmm22yyvshx/bafkreighua7a26sw77h525ndtzsv6xydlh4ua2ep5momcdhbtch5oodvve@jpeg,195,25,2,2024-12-05T17:16:54.454Z,2024-12-05T17:17:08.552Z,https://bsky.app/profile/kenjibestpup.bsky.social/post/3lcl6cdp5ns2b,2025-12-20 19:37:58
bluesky,this is fine,everything is fine,at://did:plc:uhfoebytzvplyk2wayz7smoz/app.bsky.feed.post/3lcl5abd4qc2j,skyladawn.ca,Skyla Dawn Cameron,"New print arrived, just have to get a frame.","An art print that looks like a tarot card. A woman is lying on the ground with several swords poking out of her. She is on her side looking at her phone. At the bottom, it says “everything is fine”.",https://cdn.bsky.app/img/feed_fullsize/plain/did:plc:uhfoebytzvplyk2wayz7smoz/bafkreiet7pfabwio5ylgxfxtxhkmfrdiolbav7nb3pwin7wwwn7ovd7eba@jpeg,148,26,2,2024-12-05T16:57:51.112Z,2024-12-05T16:57:54.563Z,https://bsky.app/profile/skyladawn.ca/post/3lcl5abd4qc2j,2025-12-20 19:37:58
bluesky,this is fine,everything is fine,at://did:plc:lys6ewe56lxrhfducyewxzcu/app.bsky.feed.post/3ldlwaztylc2q,skellytheskeletoss.bsky.social,Skelly,"Everything is fine
#phisart #phisnom #fanart #art",,https://cdn.bsky.app/img/feed_fullsize/plain/did:plc:lys6ewe56lxrhfducyewxzcu/bafkreidyjmxetqde76hfonxp44v6x7qjfhx4iia6oincbmifiirt7gacdq@jpeg,128,13,1,2024-12-18T17:50:51.999Z,2024-12-18T17:50:55.049Z,https://bsky.app/profile/skellytheskeletoss.bsky.social/post/3ldlwaztylc2q,2025-12-20 19:38:08
bluesky,this is fine,everything is fine,at://did:plc:gfywnametsjvipsn2odoq5it/app.bsky.feed.post/3ldl3cz74yc2x,storagepc.bsky.social,Spacey's PC Box 🔞,"Pages 11-14
#PechyComic
Check ""Feeds"" on my profile for all pages
🔞!This is a NSFW comic!🔞","Bill examines Pechy's new body and we see some notes he has taken. ""Human-Pokemon DNA Synthesis Project, informal bio notes of 2nd Forme. 24 teeth, 8 incisors, 4 canines, 4 premolars, 8 molars. Fully developed breast tissue. Unknown if lactation can be induced. Genital structure is somewhere between a human's and the simpler, smoother anatomy of the donor species. Clitoris is internal, labia minora absent."" Pechy teases Bill a little as he is looking at her behind, ""Don't get too excited."". He responds calmly, ""Oh hush, I've seen your weird holes 20 times by now. Maybe I'd get excited if we found something novel."" She responds, ""Yeah, yeah."" Pechy notices a bottle of moo moo milk on the counter. She calls to him flirtatiously""Bill!"" while he is taking notes. He looks over and pechy has splashed milk all over her ass and is lifting her behind up into the air. Everything is wet and dripping and on full display. ""Oh no look~ I got milk all over! You'd better make sure I'm not allergic!"" We see a close up of Bill making an annoyed and uncomfortable expression, blushing a little. ""Try to be a bit more serious."" He says.",https://cdn.bsky.app/img/feed_fullsize/plain/did:plc:gfywnametsjvipsn2odoq5it/bafkreiablgu72tvjjihcodlhhj5ehdivcqxzhzwpp26mlaf5qmbumcm7xa@jpeg,257,35,6,2024-12-18T09:48:47.269Z,2024-12-18T09:49:25.352Z,https://bsky.app/profile/storagepc.bsky.social/post/3ldl3cz74yc2x,2025-12-20 19:38:10
bluesky,this is fine,everything is fine,at://did:plc:xlxbe45o7v5fib7y4um2u4ug/app.bsky.feed.post/3ldj5xlnxoc2d,frautante.bsky.social,Frau Tante,"#TantesWeihnachtspullis heute wieder im Shirt, weil warmes Wetter, dies das.

(Wie immer gilt: kein RS, bitte!)","Spiegelselfie mit goldenem Rahmen.
Ich trage wieder mal hellblaue Jeans und meine Team-Rudolph-Patschen, außerdem ein dunkelgraues Shirt mit drei Wichteln, die eine blaue, eine grüne und eine rote Mütze tragen. Sie sind mit Lichterketten geschmückt, darüber steht 'It's fine, I'm fine', darunter 'everything is fine'.",https://cdn.bsky.app/img/feed_fullsize/plain/did:plc:xlxbe45o7v5fib7y4um2u4ug/bafkreie6qh7c7kpxqsxvpmwicn7znyceaw36dpzcyuu4cgh6zgg6hxipri@jpeg,138,0,18,2024-12-17T15:30:45.848Z,2024-12-17T15:30:51.354Z,https://bsky.app/profile/frautante.bsky.social/post/3ldj5xlnxoc2d,2025-12-20 19:38:14
bluesky,this is fine,everything is fine,at://did:plc:apo2t7ketcjpsxsdtrbzhyzo/app.bsky.feed.post/3ld74ubnvc225,just-jack-1.bsky.social,Just Jack,It's fine. Everything is fine.,,https://cdn.bsky.app/img/feed_fullsize/plain/did:plc:apo2t7ketcjpsxsdtrbzhyzo/bafkreibj7dpvum3pvd3k5t3dqvqrtmgyg7v73ktma4g2az2veqnzdxmb2a@jpeg,3491,967,484,2024-12-13T15:44:23.583Z,2024-12-13T15:44:25.350Z,https://bsky.app/profile/just-jack-1.bsky.social/post/3ld74ubnvc225,2025-12-20 19:38:31
bluesky,this is fine,everything is fine,at://did:plc:2p7zhhsh35t5mxhjdzlehxyp/app.bsky.feed.post/3ld5mhe23wk2l,gratefuldeadpool.bsky.social,TheGratefulDeadpool,"Billion dollar corporations are literally killing the planet with pollutants as their millionaire CEOs and billionaire owners fly around on their polluting private jets and yachts, but everything is fine because I didn't use 5 plastic bags at the grocery store this week. Yay, me! 🙄",,https://cdn.bsky.app/img/feed_fullsize/plain/did:plc:2p7zhhsh35t5mxhjdzlehxyp/bafkreiamgjfqdwwok47m2m4qfdgdpwjhav7mfag3xvckiuo7cowfgh33tq@jpeg,113,19,7,2024-12-13T01:18:10.259Z,2024-12-13T01:18:12.649Z,https://bsky.app/profile/gratefuldeadpool.bsky.social/post/3ld5mhe23wk2l,2025-12-20 19:38:33
bluesky,this is fine,everything is fine,at://did:plc:3ohhb4h35vfxbqk5pkyr5rsn/app.bsky.feed.post/3ld472fwsyk2q,sandwichjudge.bsky.social,Sándwich Judge,Damn they’re even roasting him on LinkedIn,"LinkedIn post by Robert Sterling, featuring a photo of Brian Soderling:

“Brian Thompson went from Jewell, Iowa (population 1,200) to leading 140,000 employees and overseeing $280B of revenue at one of the world’s most important companies. His mom worked as a beautician, his dad at a grain elevator—they were probably really proud when he graduated valedictorian of his 50-person high school class. He played basketball and the trombone, got elected homecoming king, and worked in soybean fields and meat processing plants during summers. While studying at the University of Iowa, he met the woman who would become his wife, with whom he would have two kids. By all accounts, he was smart, hard-working, funny, and a thoroughly decent man.

This guy—not the person who murdered him in cold blood—was everything that’s right and good about America, and the American Dream. May his memory be a blessing, and may his example inspire all of us to do better.”",https://cdn.bsky.app/img/feed_fullsize/plain/did:plc:3ohhb4h35vfxbqk5pkyr5rsn/bafkreidtorpvrbfzasukxm2awutqftwit7fmqpk43t3s2unqxc7gka6xqm@jpeg,489,89,5,2024-12-12T11:45:37.663Z,2024-12-12T11:45:42.058Z,https://bsky.app/profile/sandwichjudge.bsky.social/post/3ld472fwsyk2q,2025-12-20 19:38:36
bluesky,this is fine,everything is fine,at://did:plc:t2hlten25u4jmphwpwoapby2/app.bsky.feed.post/3ldy47ebjwc26,badlydrawnbears.bsky.social,Badly Drawn Bears,Everything is absolutely unequivocally fine xox,,https://cdn.bsky.app/img/feed_fullsize/plain/did:plc:t2hlten25u4jmphwpwoapby2/bafkreig2mpioxammdjps2fyh3rky2yyl5xqmjia3jdzeq6tqao2a22b6b4@jpeg,158,46,0,2024-12-23T14:09:15.136Z,2024-12-23T14:09:18.958Z,https://bsky.app/profile/badlydrawnbears.bsky.social/post/3ldy47ebjwc26,2025-12-20 19:38:46
bluesky,this is fine,everything is fine,at://did:plc:ywgggewwjt7e6fwwflu7uneg/app.bsky.feed.post/3ldvsw7iv722u,williamleonard.net,william_ leonard,"#AZUMAFIADAIOH CLASSICS: ""A Closer Juice-spection"" 
#azumangadaioh","SAKAKI: ""HMM... looks like everything was delivered, tomo!""
----
TOMO: ""perfect. —our clients will be MOST pleased...""
----
TOMO: ""we still gotta check QUALITY, tho. juice-smuggling is SERIOUS business.""
DEALER: ""m-miss takino, we deliver only the FINEST juice—""
TOMO: ""yeahhh, that's what they ALL say.""
----
TOMO: ""well, we got an EXPERT JUICEOLOGIST to make sure!""
OSAKA: ""mah senses are world-renowned!""
----
TOMO: ""status report, soldier. 1 to 10?""
----
OSAKA: ""ulk!"" *KAF KAF*
TOMO: ""HEY—!""
----
TOMO: ""so you're into POISON, eh?? —maybe you'd like some LEAD in yer bloodstream!!""
DEALER: ""wh—!! but—!!""
----
OSAKA: ""oh, ah'm fine! ah was just chokin' on a BUG!""
TOMO: ""oh. sorry osaka. —HEY let's get this deal done, i'm THIRSTY!!""
SAKAKI: (wait, isn't that WORSE?)",https://cdn.bsky.app/img/feed_fullsize/plain/did:plc:ywgggewwjt7e6fwwflu7uneg/bafkreicaawqroddvxxgh24ebvvyr5rmn5iavuhhg2oahwo47cdpue75owe@jpeg,136,10,0,2024-12-22T16:17:44.990Z,2024-12-22T16:17:48.249Z,https://bsky.app/profile/williamleonard.net/post/3ldvsw7iv722u,2025-12-20 19:38:50
bluesky,this is fine,everything is fine,at://did:plc:w6h6dprbvdrbaidpnbjhj7yi/app.bsky.feed.post/3ldtlsp2g7323,askaubry.com,AskAubry 🦝 🐆,He is trying to whittle away her self-esteem.,"A few weeks in I noticed a subtle shift. He became cockier and started to make critical comments about me, but would sandwich them between a compliment. For example, he said I looked ""amazing"" in my underwear but wanted to let me know I have a double chin when I lie down. He has a good physique and works out a lot and he told me my body is ""fine even though it's not super toned."" He made a comment about my breasts but 'reassured' me that he's not bothered about boobs so it's OK. Then he followed up with a compliment which was at odds to what he'd just said. He let slip that he still looks at the dating app we met on and then immediately said he shouldn't have told me that. He has something to say about everything about me, from how I eat (too fast apparently) to questioning why I buy so many clothes and asking how much money I have in my savings account (I didn't tell him). He claims he is just observant but I feel like he's monitoring and judging me.",https://cdn.bsky.app/img/feed_fullsize/plain/did:plc:w6h6dprbvdrbaidpnbjhj7yi/bafkreigvw75skgwagsnp277jolbbug4p6du3fpd4ioi3ndkh4zateusx54@jpeg,259,8,46,2024-12-21T19:05:11.000Z,2024-12-21T19:05:11.956Z,https://bsky.app/profile/askaubry.com/post/3ldtlsp2g7323,2025-12-20 19:38:53
bluesky,this is fine,everything is fine,at://did:plc:evum3ztvjvpmuc72fd5lhvjd/app.bsky.feed.post/3ldqvq4ynrk24,chuckwendig.bsky.social,Chuck Wendig,"Why is BLACK RIVER ORCHARD again a mere ONE DUCAT and NINETY NINE CHITS ($1.99) at your local electronic bookmonger? I have no idea. Assume it's a Christmas present from me, to you. Even though I had nothing to do with it. Enjoy your evil apples. Welcome to the cult! Everything is fine!","Top half of the cover for BLACK RIVER ORCHARD by Chuck Wendig. It says ""National Bestseller"" at the top which makes me very happy, by the way. I know! I know. I'm sorry. but I am. Anyway. There's an apple sketch in black, sort of ornate and antique, but laid over that is the sketch of a red human skull. The background is a kind of sepia-toned papery color. ",https://cdn.bsky.app/img/feed_fullsize/plain/did:plc:evum3ztvjvpmuc72fd5lhvjd/bafkreib7un3iz45cvg7a6t7dy2d3zikuqgflrbafzb6foyeh4dkivkftde@jpeg,211,41,17,2024-12-20T17:24:43.551Z,2024-12-20T17:24:45.151Z,https://bsky.app/profile/chuckwendig.bsky.social/post/3ldqvq4ynrk24,2025-12-20 19:38:58
bluesky,this is fine,everything is fine,at://did:plc:z3fyjnvf2xtxbb4hrowzkema/app.bsky.feed.post/3ldonn446bk2t,deirdreassenza.bsky.social,Deirdre Assenza,Feeling the spirit!,"My shirt shows a big ball of tangled Christmas lights with the words, “I’m fine. Everything is fine.”",https://cdn.bsky.app/img/feed_fullsize/plain/did:plc:z3fyjnvf2xtxbb4hrowzkema/bafkreia4tzufdmc5brl7uu3nql2qrwdjpvjwcahapdkcqrsyflupk3qyda@jpeg,111,5,8,2024-12-19T19:54:32.564Z,2024-12-19T19:54:36.151Z,https://bsky.app/profile/deirdreassenza.bsky.social/post/3ldonn446bk2t,2025-12-20 19:39:05
bluesky,this is fine,everything is fine,at://did:plc:cdzfvdl4pwp4pyw7atc52ewh/app.bsky.feed.post/3ldnn3nhvmk2b,vladvexler.bsky.social,Vlad Vexler,"Putin is again shy in his direct line, and embarrassed about what he has to say. Yes, tyrants can be shy. He doesn’t  really give a shit - the awkwardness is about the social setting. Deep down, he thinks everything is fine because he is making history.",,https://cdn.bsky.app/img/feed_fullsize/plain/did:plc:cdzfvdl4pwp4pyw7atc52ewh/bafkreieawc6k24eltyzs7mxvep223yepu3erageff4hulpkg4xgaafgutq@jpeg,127,9,4,2024-12-19T10:12:07.057Z,2024-12-19T10:12:09.047Z,https://bsky.app/profile/vladvexler.bsky.social/post/3ldnn3nhvmk2b,2025-12-20 19:39:07
bluesky,this is fine,everything is fine,at://did:plc:5jbj2wzit57tfjmmwocupfs7/app.bsky.feed.post/3lem4kz3p722c,antongerashchenko.bsky.social,Anton Gerashchenko,"Putin and Medvedev posted their New Year's greetings for Russians. ""Everything is fine,"" Putin said.

I won't translate this shit.
Please post your greetings for them in the comments ⤵️",,https://cdn.bsky.app/img/feed_fullsize/plain/did:plc:5jbj2wzit57tfjmmwocupfs7/bafkreiepz2chbdszn2l5aapjj5sb7vjfcwyu3zyh7xqopx7otkk5ka3nua@jpeg,634,87,208,2024-12-31T13:09:00.832Z,2024-12-31T13:09:03.552Z,https://bsky.app/profile/antongerashchenko.bsky.social/post/3lem4kz3p722c,2025-12-20 19:39:17
bluesky,this is fine,everything is fine,at://did:plc:3yw5lxscah6o5pytlgt33fc3/app.bsky.feed.post/3legyftoy5c2z,fliceverett.bsky.social,F.L. Everett,Everything is fine.,,https://cdn.bsky.app/img/feed_fullsize/plain/did:plc:3yw5lxscah6o5pytlgt33fc3/bafkreihgowp7abnnjiyp75sofj7bj5s7mld5kdpt2z35fnos37gdnb44lu@jpeg,168,6,6,2024-12-29T12:11:13.741Z,2024-12-29T12:11:19.448Z,https://bsky.app/profile/fliceverett.bsky.social/post/3legyftoy5c2z,2025-12-20 19:39:25
bluesky,this is fine,everything is fine,at://did:plc:drrwrzzfwlvfz22p5j52liq2/app.bsky.feed.post/3lecbktqeds25,figgityfigs.bsky.social,The Fig Economy,"People’s value comes from being people, not from being exceptional people. Normal-ass person who’s dead average at everything? Valuable. Guy who’s shitty at everything he tries? Valuable.","QuesHo HO HO @thequeso.bsky.social • 13m
• Bluesky Elder
Get your kids into competitive sports so you can see that your kid isn't a star early, and then internalize the fact that that extends to academics.
①1
6
QuesHo Ho Ho @thequeso.bsky.so...
• Bluesky Elder
And then realize that that is fine
• 9m
5
.. •",https://cdn.bsky.app/img/feed_fullsize/plain/did:plc:drrwrzzfwlvfz22p5j52liq2/bafkreidrxqw274l35fafddeyz6m476vebj7rcqpgbggdnq22clinonsgnm@jpeg,201,39,7,2024-12-27T15:11:46.541Z,2024-12-27T15:11:48.046Z,https://bsky.app/profile/figgityfigs.bsky.social/post/3lecbktqeds25,2025-12-20 19:39:32
bluesky,this is fine,everything is fine,at://did:plc:zrwpozkma2oz6cmznv3gk72o/app.bsky.feed.post/3lfam4q7vns2v,brendanpatrick.bsky.social,Brendan Patrick,Thank God for LAFD! They seem to be holding the line on the Sylmar fire so I was able to come back home. Everything is fine but I have my go bag ready.  #losangeles,,https://cdn.bsky.app/img/feed_fullsize/plain/did:plc:zrwpozkma2oz6cmznv3gk72o/bafkreiafbwjp24vsbmqu6ecas3ai37snejkh5w7i7epfyphzw7hjdc3o2m@jpeg,249,15,5,2025-01-08T16:40:36.406Z,2025-01-08T16:40:40.259Z,https://bsky.app/profile/brendanpatrick.bsky.social/post/3lfam4q7vns2v,2025-12-20 19:39:40
bluesky,this is fine,everything is fine,at://did:plc:2kvdx6dllomi3nwepswjlgem/app.bsky.feed.post/3lfa5vkghn22p,omgaknife.bsky.social,Knife 🔪 🔞,"""Stop Talking"" 🔞 Hey pssssssst, it's WEDNESDAY BAYBEEEE!!

🧵17/?","Shadow stroking himself as he kneels behind Sonic. Sonic is laid on the bed on his front.

Shadow: Good boy. Now, let me handle everything.

Sonic: Oh? Gonna man-handle me later? Don't mind if I do...",https://cdn.bsky.app/img/feed_fullsize/plain/did:plc:2kvdx6dllomi3nwepswjlgem/bafkreidxqmb2fe6evsi42hjml4zzwjihs7yao7pzw347md4w4ydvxkwxea@jpeg,163,13,2,2025-01-08T12:26:03.028Z,2025-01-08T12:26:08.355Z,https://bsky.app/profile/omgaknife.bsky.social/post/3lfa5vkghn22p,2025-12-20 19:39:41
bluesky,this is fine,everything is fine,at://did:plc:vbcfoewd662mrmmbiish2hix/app.bsky.feed.post/3lexfo6y5pc26,derbeste.bsky.social,Derbeste,"Everything is fine!

We had a complication tonight which turned into A LOT of blood loss, which turned into a 911 call and a trip to the ER. 

The doc said this is a bit common, but it was an intense night. Cid is recovering well and will be back on healing schedule in no time!",,https://cdn.bsky.app/img/feed_fullsize/plain/did:plc:vbcfoewd662mrmmbiish2hix/bafkreihile7zwwgyzq7xgi6ffc225hkqqwhu2o7m3fjal3eug2x2o6rdvq@jpeg,162,2,9,2025-01-05T00:51:08.468Z,2025-01-05T00:51:13.452Z,https://bsky.app/profile/derbeste.bsky.social/post/3lexfo6y5pc26,2025-12-20 19:39:56
bluesky,this is fine,everything is fine,at://did:plc:7qaydotyzl5tbnyolgootvvz/app.bsky.feed.post/3lewgxyxult25,tbskyen.com,TBSkyen,i am tired,"Response to my post about ADHD symptoms reading: ""Disagree. Systems are the way people live… who do you think is “normal?” Or more specifically “what?” Do you think there are some people that just, exist? Without any issues what-so-ever? Respectfully? That’s crazy. 

Every human being develops system that help them navigate in this world. Sometimes, these systems make total “sense” and help the person integrate well into their world. Sometimes our systems make sense to us and what we need, but look “weird” to the outside world. Capitalism wants one type of person as the working class: docile, obedient, and hardworking. Critical thinking? Gross burn it. 

How many of human behaviors do we pathologize because they don’t serve capital?""",https://cdn.bsky.app/img/feed_fullsize/plain/did:plc:7qaydotyzl5tbnyolgootvvz/bafkreiawt4bpbmbdbjnkd45usp3hlaly3v637t43qpmmdcsgdysx4lxnri@jpeg,171,21,2,2025-01-04T15:41:52.577Z,2025-01-04T15:41:52.347Z,https://bsky.app/profile/tbskyen.com/post/3lewgxyxult25,2025-12-20 19:39:58
bluesky,this is fine,everything is fine,at://did:plc:fwksvtwjaopsthixnsdoa6xc/app.bsky.feed.post/3levtlsmbsc2x,hunbothered.bsky.social,Not Hot | Not Bothered,"Oh nothing, just partaking in some aromatherapy. It’s fine. Everything is fine.",,https://cdn.bsky.app/img/feed_fullsize/plain/did:plc:fwksvtwjaopsthixnsdoa6xc/bafkreibr34myrvbseolprdaukockeujcos6msvmp2mkp23oriiylqhqm5q@jpeg,202,31,25,2025-01-04T09:55:01.296Z,2025-01-04T09:55:03.752Z,https://bsky.app/profile/hunbothered.bsky.social/post/3levtlsmbsc2x,2025-12-20 19:40:03
bluesky,this is fine,everything is fine,at://did:plc:chcos3iwij5ttlrusthleito/app.bsky.feed.post/3lfsdwfrpuk27,trishmenzies.bsky.social,Unicorn of Doom 🦄,I’m fine. Everything is fine…,"Doctor: Are you getting enough sleep?
Me: why do you ask?",https://cdn.bsky.app/img/feed_fullsize/plain/did:plc:chcos3iwij5ttlrusthleito/bafkreihses42r7zaqhsl6vv4z53qe6sioarrnnlklbh5k7obppn5o65wvm@jpeg,238,32,10,2025-01-15T18:01:49.481Z,2025-01-15T18:01:52.054Z,https://bsky.app/profile/trishmenzies.bsky.social/post/3lfsdwfrpuk27,2025-12-20 19:40:14
bluesky,this is fine,everything is fine,at://did:plc:vzh3zzjcbamllzjadsmfooxq/app.bsky.feed.post/3lfrw2oosq22q,kennylogins.bsky.social,Kenny Logins,,"its tiem for everything 
@jon_snow_420
columbo: can we go in to the music studio security guard: sure. who's that
columbo: it's a little girl i picked up from her ballet class. she's here to identify a murderer. okay if i smoke? 
security guard: everything about this is fine
12:02 AM • 2020-04-30",https://cdn.bsky.app/img/feed_fullsize/plain/did:plc:vzh3zzjcbamllzjadsmfooxq/bafkreibg6wqk43wr3adp62dc4j7wqxapps2csyextja6347alomr55eboa@jpeg,103,16,1,2025-01-15T13:53:40.662Z,2025-01-15T13:53:42.451Z,https://bsky.app/profile/kennylogins.bsky.social/post/3lfrw2oosq22q,2025-12-20 19:40:15
bluesky,this is fine,everything is fine,at://did:plc:joie3fdc2gh4hywzab7fdw2z/app.bsky.feed.post/3lfnawmi6i22n,fieldexplores.bsky.social,FieldExplores (Gator Days),Gwen (Part 2) - Gator Days,"Panel 1

Gwen and Polly are in Polly's room studying. Posters of some of Polly's favorite bands are taped above Polly's bed. Specifically Dr. Wyrm and Fork Fight. Polly has been growing concerned because of how Gwen talks about her parents.

Polly: Hey Gwen. Is everything okay at your home?

Panel 2

Gwen sits in a chair in front of Polly's computer. They are listening to a music stream called ""Anime Jams to Nap/Learn To"". Most of Polly's video recommendations are for click bait and absurdly long videos that only play a looping noise. Gwen smiles and begins to respond.

Gwen: It's...

Panel 3

Gwen glances away. This is a moment where she thinks she might finally be able to mention something that's been on her mind. There is something she wants to say but she can't get herself to say it. Polly can tell that something is up from Gwen's sudden shift in demeanor.

Panel 4

Gwen can't get herself to say want she wants to say. She shifts her focus to her text book.

Gwen: It's fine.

Polly: IT'S THAT BAD?

Polly blurts this out without thinking.",https://cdn.bsky.app/img/feed_fullsize/plain/did:plc:joie3fdc2gh4hywzab7fdw2z/bafkreif2hplc7ysdzqpczslgniq2mgl2aqm4bwnknvhszayyqyrir6um7y@jpeg,4922,265,29,2025-01-13T17:24:56.572Z,2025-01-13T17:24:58.058Z,https://bsky.app/profile/fieldexplores.bsky.social/post/3lfnawmi6i22n,2025-12-20 19:40:25
bluesky,this is fine,everything is fine,at://did:plc:fkiugxnx3ddpx5l5eqzrrvvs/app.bsky.feed.post/3lflvue44nc2i,ashemaree.bsky.social, 🦋Ashe Maree🪻,we were allowed a trip back into the house to quickly grab some things and everything is totally fine there for now!!! couldn’t take all her toys but at least she now has her first ever toy (stuffed beneath her chin lol)- unfortunately she’s not seeming well again 💔 it’s been a rough few days,,https://cdn.bsky.app/img/feed_fullsize/plain/did:plc:fkiugxnx3ddpx5l5eqzrrvvs/bafkreihbvnnlqlesu5mwbfxx6wtlwkaqprlhirz2sth5q6hav7eo3uatta@jpeg,190,0,11,2025-01-13T04:34:09.799Z,2025-01-13T04:34:14.050Z,https://bsky.app/profile/ashemaree.bsky.social/post/3lflvue44nc2i,2025-12-20 19:40:27
bluesky,this is fine,everything is fine,at://did:plc:7ipprj3k3lju7s7nsxaekbhg/app.bsky.feed.post/3lfllrwle4c2g,thetigersez.bsky.social,Sarah,"I’m fine, it’s fine, everything is fine.","Google searches for cutting long hair at home, which is obviously a huge mistake ",https://cdn.bsky.app/img/feed_fullsize/plain/did:plc:7ipprj3k3lju7s7nsxaekbhg/bafkreib2trvptj324fmax4uia4ipgqjewzhb4tts4fg3cmw6x44prtzlyy@jpeg,120,6,17,2025-01-13T01:33:51.092Z,2025-01-13T01:33:54.049Z,https://bsky.app/profile/thetigersez.bsky.social/post/3lfllrwle4c2g,2025-12-20 19:40:27
bluesky,this is fine,everything is fine,at://did:plc:vsn7qxqg4kh436lkke2gbdnl/app.bsky.feed.post/3lfgr5k3etc27,maggieastor.bsky.social,Maggie Astor,It was an impulse purchase but I regret nothing,"A crocheted dumpster fire holding a sign that says ""emotional support dumpster fire. It's fine, I'm fine, everything is fine!"" The dumpster is green with a gray top and gray feet, and there's a red and yellow flame on top.",https://cdn.bsky.app/img/feed_fullsize/plain/did:plc:vsn7qxqg4kh436lkke2gbdnl/bafkreigrdxy5g73yiqlbwgwipx5ondvbpwuksjoxvjmgakgdlzwxqwhjpi@jpeg,1137,119,23,2025-01-11T03:26:30.658Z,2025-01-11T03:26:33.054Z,https://bsky.app/profile/maggieastor.bsky.social/post/3lfgr5k3etc27,2025-12-20 19:40:35
bluesky,this is fine,everything is fine,at://did:plc:4n2slqckwwsswc2tqakhjtez/app.bsky.feed.post/3lfd45vxq4s2j,salmonbutter.bsky.social,salmon 🐟🇨🇦,trying to go to work and pretend everything is fine when your state is on fire :))),,https://cdn.bsky.app/img/feed_fullsize/plain/did:plc:4n2slqckwwsswc2tqakhjtez/bafkreiefrnnuwquoo6judbdy7nf5drt6tjcjwogdoj3pyfttirf65zqmoi@jpeg,154,0,3,2025-01-09T16:32:55.332Z,2025-01-09T16:32:58.459Z,https://bsky.app/profile/salmonbutter.bsky.social/post/3lfd45vxq4s2j,2025-12-20 19:40:43
bluesky,this is fine,everything is fine,at://did:plc:ob3lvrguhpdb3ltucncxlwwo/app.bsky.feed.post/3lfcqcg5zak2y,paulwalker44.bsky.social,💢Marx Was Right.🕊,"“Kill them all.”
The men who talk tough at others when everything is going fine for them as tragedy befalls others are the same men who break down crying when tragedy hits them. 
Representation : CNN will show the pain of the rich, but where is the pain of the poor?
www.instagram.com/reel/DEmtFzt...","James Woods breaks down in tears on CNN after his house was destroyed. Karma?
Via | webex by Cisco
Beverty Hills, CA
8:55 AM PT
AK
BREAKING NEWS
FIRE OFFICIA
James Woods ©
@RealamesWoods
No ceasefire. No compromise. No forgiveness.
#KillThemAll",https://cdn.bsky.app/img/feed_fullsize/plain/did:plc:ob3lvrguhpdb3ltucncxlwwo/bafkreifxgofahg2hwifxlgogkwmhenzinazkukdc2477rygixesf4tn2fq@jpeg,127,36,12,2025-01-09T13:00:41.632Z,2025-01-09T13:00:43.450Z,https://bsky.app/profile/paulwalker44.bsky.social/post/3lfcqcg5zak2y,2025-12-20 19:40:44
bluesky,this is fine,everything is fine,at://did:plc:6y3honhec2jch2ryrbuyx5a5/app.bsky.feed.post/3lgvl5h3nyc2e,maks23.bsky.social,MAKS 25 👀🇺🇦,"🇺🇦🛡️ I've been to defense factories, and people there say, ""Mr. President, everything is fine, don't worry. We'll defeat the Russians anyway,"" — Zelensky

❗️The president admitted that he is most inspired by AFU, his own children, and people who work every day for the country.",,https://cdn.bsky.app/img/feed_fullsize/plain/did:plc:6y3honhec2jch2ryrbuyx5a5/bafkreicmmygjbf46osaiehiy6jf3bboghfc4rtkqvv56f7wp6ioakuvbxu@jpeg,543,60,8,2025-01-29T18:14:12.776Z,2025-01-29T18:14:15.262Z,https://bsky.app/profile/maks23.bsky.social/post/3lgvl5h3nyc2e,2025-12-20 19:41:08
bluesky,this is fine,everything is fine,at://did:plc:w6h6dprbvdrbaidpnbjhj7yi/app.bsky.feed.post/3lgtynsyv6r23,askaubry.com,AskAubry 🦝 🐆,"She may not realize it right now but she didn't dodge a bullet, she dodged a missile with this one. ","Him: i'm about to take the most important test of my life If you don't show me some basic fucking support and help me focus then I will never forgive you Just to be clear I have 10 minutes And I'm freaking out Right now I can't even think straight because of you I'm going to fail this exam I will break up with you if you don't respond I don't care If you don't respond we're done 

Her: Ok then I'm about to have a panic attack at work Imfao I was helping a patient dude I'm at fucking WORK",https://cdn.bsky.app/img/feed_fullsize/plain/did:plc:w6h6dprbvdrbaidpnbjhj7yi/bafkreic4azslsgm2zslmijhnkldkapdzd42i3tvcxe2sc7mfqbs34rzqiu@jpeg,267,9,30,2025-01-29T03:10:40.000Z,2025-01-29T03:10:42.151Z,https://bsky.app/profile/askaubry.com/post/3lgtynsyv6r23,2025-12-20 19:41:11
bluesky,this is fine,everything is fine,at://did:plc:cr2nhg2cxuejo5nbz6ofdxfs/app.bsky.feed.post/3lgoctzwy4s2c,gregjstoker.bsky.social,Greg Stoker,"The FBI regularly does radiological training exercises, though generally not on such large a scale. 

Except for that one they held shortly before 9/11.

I’m sure everything is fine and will definitely not be alarmed.",,https://cdn.bsky.app/img/feed_fullsize/plain/did:plc:cr2nhg2cxuejo5nbz6ofdxfs/bafkreidx6gpeppxjqbzdzkbypf2fre6qivtnjaogxxtpskwtkynzy3ykvy@jpeg,128,16,4,2025-01-26T20:57:08.895Z,2025-01-26T20:57:12.049Z,https://bsky.app/profile/gregjstoker.bsky.social/post/3lgoctzwy4s2c,2025-12-20 19:41:27
bluesky,this is fine,everything is fine,at://did:plc:neno2ingf4j4rs2fof4giall/app.bsky.feed.post/3lggec7zisk2s,jojofromjerz.bsky.social,JoJoFromJerz,This is fine. We’re fine. Everything is fine.,,https://cdn.bsky.app/img/feed_fullsize/plain/did:plc:neno2ingf4j4rs2fof4giall/bafkreidx5ziydq4xa5zs4h7bcatvwvylhxo7lq6ercx4t27ly7pyftcck4@jpeg,11934,3650,437,2025-01-23T17:01:40.865Z,2025-01-23T17:01:52.158Z,https://bsky.app/profile/jojofromjerz.bsky.social/post/3lggec7zisk2s,2025-12-20 19:41:45
bluesky,this is fine,everything is fine,at://did:plc:w6h6dprbvdrbaidpnbjhj7yi/app.bsky.feed.post/3lhfavugb4l23,askaubry.com,AskAubry 🦝 🐆,"The type of guy who ""babysits"" their own kids. ",r/AmltheAsshole u/helloslp 2h AITA for telling my husband to figure out how to take care of our son? POO Mode Activated 9 TLDR; I'm taking a day away from my husband and son to be comfortable with going back to work. Husband has never had a day alone with son so I asked him to try to figure it out but I'll be available if needed. He told his mother to come and help. I said no. He thinks I'm ridiculous. I (30F) and my husband (33M) welcomed our first child this past September. I have been fortunate to be on maternity leave but that ends next week. My husband had 2 months off and has been working full time since. He's off on Sundays and Mondays. I have never left my son except to go to a wedding in December but we were only away for 3 of his wake hours. My in laws watched over him and everything was fine. ,https://cdn.bsky.app/img/feed_fullsize/plain/did:plc:w6h6dprbvdrbaidpnbjhj7yi/bafkreig33r3fpfc5uaaexzbh5mbxufrabrbxoihicmm2w4kumpfvikdoiy@jpeg,174,5,21,2025-02-04T23:53:35.000Z,2025-02-04T23:53:37.857Z,https://bsky.app/profile/askaubry.com/post/3lhfavugb4l23,2025-12-20 19:41:57
bluesky,this is fine,everything is fine,at://did:plc:gunx7ih6iezi3biuqg6vy6l5/app.bsky.feed.post/3lhwnf7eqes2p,gonzo.bsky.social,GONZO the Ca'at,Charliebrown is  bak homb heis fine   everything is  back to nermol!,Orange and white cat in a window ,https://cdn.bsky.app/img/feed_fullsize/plain/did:plc:gunx7ih6iezi3biuqg6vy6l5/bafkreihx6avfffgnakxvuysnhj7fzqgptfqekx7qwp2bizbbbwdeja2lkq@jpeg,996,26,26,2025-02-11T21:52:11.964Z,2025-02-11T21:52:14.147Z,https://bsky.app/profile/gonzo.bsky.social/post/3lhwnf7eqes2p,2025-12-20 19:42:13
bluesky,this is fine,everything is fine,at://did:plc:mkkvzj3q3pegqam2n7yuxbwy/app.bsky.feed.post/3lhvpdpxv222o,ygrene.bsky.social,Ygrene,"Chemo day #80
Everything Is Fine
Air Max 97 PRM","a huge nerd taking a full length mirror selfie; he’s wearing a brown shirt with a check engine light symbol that says “Everything Is Fine” and gold and white air max 97s. The shoes have koi scales on them although not visible. The shirt is a tribute to my poorly functioning body that is actually operating as best it can, despite the challenges. It’s also a car tuner shirt that acknowledges that the car i built in my garage has a check engine light but it’s operating just like i want it to",https://cdn.bsky.app/img/feed_fullsize/plain/did:plc:mkkvzj3q3pegqam2n7yuxbwy/bafkreic3g52tpdtamatx34rmdrek6u2oeoipnslfq5yrhzujidkli2yw2i@jpeg,505,5,27,2025-02-11T12:54:30.010Z,2025-02-11T12:54:33.654Z,https://bsky.app/profile/ygrene.bsky.social/post/3lhvpdpxv222o,2025-12-20 19:42:15
bluesky,this is fine,everything is fine,at://did:plc:opq5phhuquxppobexcp2cm4y/app.bsky.feed.post/3lhtvgf5xev2e,united24media.com,UNITED24 Media,"Pro-Putin skier Aleksandr Bolshunov is set to compete in Italy’s Moonlight Classic Seiser Alm on Feb 13.

Organizers seem fine with an athlete who backs Russian aggression and blames ""the West"" for everything. 

🧵 1/5",,https://cdn.bsky.app/img/feed_fullsize/plain/did:plc:opq5phhuquxppobexcp2cm4y/bafkreicvssj7pq6xjcp3f6lb4p3kaxmbaq53xaxe35q6h23skys6w3bcaa@jpeg,110,36,6,2025-02-10T19:38:02.246Z,2025-02-10T19:38:03.549Z,https://bsky.app/profile/united24media.com/post/3lhtvgf5xev2e,2025-12-20 19:42:19
bluesky,this is fine,everything is fine,at://did:plc:ctljvhqirrb56rko2rysxkgg/app.bsky.feed.post/3lhqubglw7y2p,joho.bsky.social,Jonathan Howard,"If you are an NIH funded researcher at UCSF, the White House is quoting your colleague to tell the world everything will be just fine. 

Please make sure to thank him for easing your fears.",Vinay prasad justified nih cuts in White House press release ,https://cdn.bsky.app/img/feed_fullsize/plain/did:plc:ctljvhqirrb56rko2rysxkgg/bafkreidlcfply6roczjnpulvl6n6jauuf5k6z7w5qvohlsyf2cldasjw7a@jpeg,291,77,15,2025-02-09T14:39:23.043Z,2025-02-09T14:39:23.656Z,https://bsky.app/profile/joho.bsky.social/post/3lhqubglw7y2p,2025-12-20 19:42:27
bluesky,this is fine,everything is fine,at://did:plc:kbomhdwmbafjoqu4cj4g5cqv/app.bsky.feed.post/3lhqs6o7b2k2d,arizonaterry.bsky.social,ArizonaTerry.bsky.social,"So many with their heads buried in the sand. Thinking everything is fine. Everything will work out. Call me an alarmist, but hope is not a strategy. #Resist",,https://cdn.bsky.app/img/feed_fullsize/plain/did:plc:kbomhdwmbafjoqu4cj4g5cqv/bafkreieormtbcjjwdqh5gxdx4cfyewun3jriit7oxmlcolxozzsvr3erga@jpeg,1098,274,38,2025-02-09T14:02:02.920Z,2025-02-09T14:02:04.848Z,https://bsky.app/profile/arizonaterry.bsky.social/post/3lhqs6o7b2k2d,2025-12-20 19:42:27
bluesky,this is fine,everything is fine,at://did:plc:2hciqtta7ffnkb3o54fz7fld/app.bsky.feed.post/3lhp6ni5gc222,sakurapupto.bsky.social,Pup Kura 💖🌸,ok this haircut has me feeling hot again everything is fine,,https://cdn.bsky.app/img/feed_fullsize/plain/did:plc:2hciqtta7ffnkb3o54fz7fld/bafkreicv46252sat2o6ql6d2lmsta2gqmwp5ubtt5jcsf5j27weuqtikgm@jpeg,111,7,4,2025-02-08T22:39:45.310Z,2025-02-08T22:39:49.059Z,https://bsky.app/profile/sakurapupto.bsky.social/post/3lhp6ni5gc222,2025-12-20 19:42:30
bluesky,this is fine,everything is fine,at://did:plc:omrk7574omkidtfsspobq35w/app.bsky.feed.post/3lhmdjydbcc2o,ohjoysextoy.bsky.social,Oh Joy Sex Toy,"Are you tongue-tied when it comes to cunnilingus? Read 
@erikamoen.bsky.social and Matthew Nolan's classic guide on How to Eat Pussy and you'll be a cunning linguist in no time! 1/2 #FBF
ohjoysextoy.com/eatpussy","How to Eat Pussy by Erika Moen and Matthew Nolan. Originally published March 25, 2014 on https://www.ohjoysextoy.com/eatpussy


This comic is drawn in a cartoony style with a palette limited to black, white, and several shades of pink. Erika Moen is a cis white woman with short pink hair. She wears a striped short-sleeved shirt, black skirt, black tights, and big chunky boots. Jay, a Masturbateer, is an east-asian trans masculine nude person with top surgery scars and facial and body hair. 

Page 1
Sitting on an enormous undersea vulva-like shell like a throne, Erika holds half an oyster shell in one hand as she winks and greets the reader with, ""Oh boy, Perverts, I'm so excited for today's topic...""

""How to Eat Pussy"" is spelled out in an elegant cursive across the rest of the oversize sea shells that sit in the background. 

Leaning in from the side of the panel, Jay asks, ""Ahk, Erika, must you be crass? Its proper name is Cunnilingus!""

Erika sucks down the oyster from the shell in her hand with a 'slrp!'

""Cunnilingus?"" Erika turns to face Jay with a giant smile and holds her hand up for an expected high five. ""More FUNnilingus, amirite?""

Leaving her hand hanging mid-air, Jay states, ""I'm not high-fiving you for that."" 

To the audience, Erika explains with the now-empty oyster shell still in hand, ""I'm afraid we'll have to keep this to a basic introduction. It's such a vast topic and I've only got so much space! First of all, you should get to know what you're about to bury your face in."" 
",https://cdn.bsky.app/img/feed_fullsize/plain/did:plc:omrk7574omkidtfsspobq35w/bafkreib2y3bfplthtz3eqvietrt4u3hwqxqwndrkg363ejoapvy2pkzupy@jpeg,726,138,1,2025-02-07T19:29:17.534Z,2025-02-07T19:29:24.560Z,https://bsky.app/profile/ohjoysextoy.bsky.social/post/3lhmdjydbcc2o,2025-12-20 19:42:36
bluesky,this is fine,everything is fine,at://did:plc:qc6xzgctorfsm35w6i3vdebx/app.bsky.feed.post/3lhm5uerwqk2w,edzitron.com,Ed Zitron,"""Musk was the earliest person to talk to me about artificial intelligence"" - Kara Swisher telling a BLATANT lie. 

allthingsd.com/20090709/sir... - you're telling me Elon talked about it before 2009?
Or 2011? www.beet.tv/2011/07/allt...","Musk was the earliest person to talk to me about artificial intelligence. A.I. has been around forever, but he was really concerned about the impact of A.I. on humanity. That was another thing. He was the first person to raise those alarms, to me at least, when he started OpenAI with Sam Altman and the rest of them.
First he was like: A.I. is going to kill us. The Terminator idea, right? It’s going to become self-aware, and then it’s going to turn around and bomb us and kill us and start again. And we’ve got to stop that. That was his theory.
Next time I saw him, he came up with a much more sophisticated idea of it, which was: They’re not going to kill us. They’re going to treat us like house cats. They’re fine with us here, and they’re going to build everything around us. But we’re not in danger. As long as they like house cats, we’re fine. They don’t think of us as anything more.
Then the next time I saw him, he had evolved into this idea that A.I. was more like building highways — the way we build highways across the country. Humanity is a bunch of anthills. And we go across anthills without thinking when we’re building roads. We don’t know that the anthills are there. We just do it.
And I thought he was expressing how he operates: These things are anthills. I don’t have to think about them, because we never think about them. To me, that was a really interesting progression: The first one cares about what happens to humanity, and the last one doesn’t.
",https://cdn.bsky.app/img/feed_fullsize/plain/did:plc:qc6xzgctorfsm35w6i3vdebx/bafkreic3q67v4c74kv6hy3owrjx7mor6ej4troxcsi3nihvs66v4gusyba@jpeg,229,9,9,2025-02-07T17:47:43.713Z,2025-02-07T17:47:46.550Z,https://bsky.app/profile/edzitron.com/post/3lhm5uerwqk2w,2025-12-20 19:42:36
bluesky,this is fine,everything is fine,at://did:plc:w6h6dprbvdrbaidpnbjhj7yi/app.bsky.feed.post/3lhlyp2o2vj2h,askaubry.com,AskAubry 🦝 🐆,I'm so happy for her to find out now before she had a baby with this man.  ,"AITA for telling my girlfriend I won't propose until she gets back healthy ? AITA I 24(m) and my girlfriend also 24 have been together since high school. Think of as your typical high school sweethearts. Basketball player and cheerleader etc. After we both graduated college we moved together and have been living peacefully. However she is not as active as she once was and gained some weight. Nothing to much roughly 30 or so lbs. I still find her extremely attractive but, I just worry about the future and, our health. Since she graduated I do know her job is very demanding and she doesn't have that much spare time to work out.",https://cdn.bsky.app/img/feed_fullsize/plain/did:plc:w6h6dprbvdrbaidpnbjhj7yi/bafkreick6gfre2rdco537bgxmsaaylfrnkwdttac2qh6ey3inyf3cibuzu@jpeg,248,9,43,2025-02-07T16:15:15.000Z,2025-02-07T16:15:18.057Z,https://bsky.app/profile/askaubry.com/post/3lhlyp2o2vj2h,2025-12-20 19:42:37
bluesky,this is fine,everything is fine,at://did:plc:q4pmttqf7azvwy3vmjsss3oi/app.bsky.feed.post/3lhlx3y3gb22k,deckslower.bsky.social,Admiral Funnest Frontier Prime 🏴‍☠️🖖,Just another day in the United States in 2025,Mariner version of the everything is fine meme ,https://cdn.bsky.app/img/feed_fullsize/plain/did:plc:q4pmttqf7azvwy3vmjsss3oi/bafkreiepkqqrpy7uokaqljsjcn3i4uvlr4orqri6h7rcc5vqxj2gkdvqby@jpeg,143,41,8,2025-02-07T15:46:42.559Z,2025-02-07T15:46:46.050Z,https://bsky.app/profile/deckslower.bsky.social/post/3lhlx3y3gb22k,2025-12-20 19:42:38
bluesky,this is fine,everything is fine,at://did:plc:uo3ybji6jdcuaj2ozdfbbirx/app.bsky.feed.post/3lhlsdcjjr222,thedesertginger.bsky.social,GingerSpice💙,"The first 2 headlines I woke up to this morning. 
Everything is fine 😑",,https://cdn.bsky.app/img/feed_fullsize/plain/did:plc:uo3ybji6jdcuaj2ozdfbbirx/bafkreigdo52v4rm5vo6nwrsb5ymghu5sgd4wbgbhsxg2douq7eexpatvqe@jpeg,126,46,18,2025-02-07T14:21:19.745Z,2025-02-07T14:21:21.861Z,https://bsky.app/profile/thedesertginger.bsky.social/post/3lhlsdcjjr222,2025-12-20 19:42:38
bluesky,this is fine,everything is fine,at://did:plc:yd5fndz2rjyuykprcb4o4vsr/app.bsky.feed.post/3lhlkgxm2z22b,drewcareymore.bsky.social,drew careymore,Everything is fine,,https://cdn.bsky.app/img/feed_fullsize/plain/did:plc:yd5fndz2rjyuykprcb4o4vsr/bafkreic2dvq7kje23xv7auercrorkl673mfrzmgscsszuuicpusilb53dq@jpeg,1387,109,14,2025-02-07T12:00:12.563Z,2025-02-07T12:00:11.748Z,https://bsky.app/profile/drewcareymore.bsky.social/post/3lhlkgxm2z22b,2025-12-20 19:42:39
bluesky,this is fine,everything is fine,at://did:plc:plw2na5s52o7jk77tnfv6j6n/app.bsky.feed.post/3lhlkdzvrp22z,befuddledblaire.bsky.social,blaire,oh hai! u've got da most purrfect timbimg! i wos jus tinkimg about u. amd all da timbes u felt like tengs were too munch amd u jus couldmt take it amd how everyten wos jus goimg awfulley. amd yet. u r still here. beecoz u managed! amd u will do it agayne 🥰 no mattor how terribol it all seems now,"Photos of Blaire the fluffy colorpoint cat lying on top of a grey sofa's back pillow. They were taken from below her level, making her look giant. We see how gravity is gracing her cheeks with fullness from this perspective. Her mouth, nose and ears are tiny. But her eyes are full of love and in the second photo she's looking down straight at you to reassure you that things will be fine. She is Blaire-love-staring at you to make you believe it. The caption says 'Oh, hi! You've got the most perfect timing! I was just thinking about you and all the times you felt like things were too much and you just couldn't take it and how everything was just going awfully - and yet, you are still here! Because you managed! And you will do it again! No matter how terrible it all seems now!"".",https://cdn.bsky.app/img/feed_fullsize/plain/did:plc:plw2na5s52o7jk77tnfv6j6n/bafkreiaekayv4etkj5kfdqr2xol5yc4pwcjhycns6bdhddl2ste3zr4pju@jpeg,287,13,7,2025-02-07T11:58:34.315Z,2025-02-07T11:58:37.152Z,https://bsky.app/profile/befuddledblaire.bsky.social/post/3lhlkdzvrp22z,2025-12-20 19:42:39
bluesky,this is fine,everything is fine,at://did:plc:uunmq5y7wu25xg7xdcvke6pv/app.bsky.feed.post/3liknh3xovk25,kierongillen.bsky.social,Kieron Gillen,"The Power Fantasy #6 from @imagecomics.com is out today, so we decided to do a new teaser of how everything is just fine.","""The planet could be destroyed by this 17-year-old Limp Bizkit fan.""

A character with a burning head saying ""I'm dad's asshole kid, certified pussy magnet, and the world's next superpower.""

It's probably fine.

The Power Fantasy #6, out now.",https://cdn.bsky.app/img/feed_fullsize/plain/did:plc:uunmq5y7wu25xg7xdcvke6pv/bafkreihut75lfhwabnygkxvj4mzu6d3wiczfft6h3wp7lzeenui4na7ocq@jpeg,138,13,12,2025-02-19T20:46:30.277Z,2025-02-19T20:46:28.162Z,https://bsky.app/profile/kierongillen.bsky.social/post/3liknh3xovk25,2025-12-20 19:42:49
bluesky,this is fine,everything is fine,at://did:plc:2rajbtnvpcqnm7tzayvgxo5d/app.bsky.feed.post/3likj7lrgas2c,jchodera.bsky.social,John Chodera,"Everything is chaos, but I wanted to share some awesome recent science from the lab that hints at where the future of biomolecular simulation is headed:

Foundation simulation models that can be fine-tuned to experimental free energy data to produce systematically more accurate predictions.","Figure 1 from arXiv preprint https://doi.org/10.1101/2025.01.06.631610

Fig. 1 Espaloma is an end-to-end differentiable molecular mechanics parameter assignment scheme for arbitrary organic molecules. Espaloma (extensible surrogate potential optimized by message-passing) is a modular approach for directly computing molecular mechanics force field parameters FFF from a chemical graph G such as a small molecule or biopolymer via a process that is fully differentiable in the model parameters FNN. In Stage 1, a graph neural network is used to generate continuous latent atom embeddings describing local chemical environments from the chemical graph. In Stage 2, these atom embeddings are transformed into feature vectors that preserve appropriate symmetries for atom, bond, angle, and proper/improper torsion inference via Janossy pooling.54 In Stage 3, molecular mechanics parameters are directly predicted from these feature vectors using feed-forward neural networks. This parameter assignment process is performed once per molecular species, allowing the potential energy to be rapidly computed using standard molecular mechanics or molecular dynamics frameworks thereafter. The collection of parameters FNN describing the espaloma model can be considered as the equivalent complete specification of a traditional molecular mechanics force field such as GAFF38,39/AM1-BCC55,56 in that it encodes the equivalent of traditional typing rules, parameter assignment tables, and even partial charge models. Reproduced from ref. 49 with permission from the Royal Society of Chemistry.",https://cdn.bsky.app/img/feed_fullsize/plain/did:plc:2rajbtnvpcqnm7tzayvgxo5d/bafkreigjhdsvdubr6yeztw3pvctxwxcpy5shjupagn42z52t2noa2bb624@jpeg,107,30,3,2025-02-19T19:30:43.443Z,2025-02-19T19:30:59.569Z,https://bsky.app/profile/jchodera.bsky.social/post/3likj7lrgas2c,2025-12-20 19:42:49
bluesky,this is fine,everything is fine,at://did:plc:vpfavbhwv4okwh6ydgp5uxf6/app.bsky.feed.post/3lijxm67koc2g,sethabramson.bsky.social,Seth Abramson,Those who read this New York Times bestseller in 2019 understand everything that is happening right now just fine,,https://cdn.bsky.app/img/feed_fullsize/plain/did:plc:vpfavbhwv4okwh6ydgp5uxf6/bafkreie72qqif2rfjyuv3pxrwwv63n6kcy3orxdio4vrqiqr2whlfiknuy@jpeg,5622,1569,155,2025-02-19T14:15:38.064Z,2025-02-19T14:15:39.651Z,https://bsky.app/profile/sethabramson.bsky.social/post/3lijxm67koc2g,2025-12-20 19:42:51
bluesky,this is fine,everything is fine,at://did:plc:krqmk7t2jnqf2t35m42barjo/app.bsky.feed.post/3lj2m6bfsyk2q,isaacxisaac.bsky.social,Isaac X Isaac,"Gay crimes!
Trans wrongs!
Enemies to enemies!

Here's my #Own #LGBT #Hu #YA(?) again for #WSPit! A romp through a colorful, heightened #Hi storical playground.

Can one defeat the patriarchs with the very weapons of masculinity? Well, one angry trans boy can sure try stabbing them a lot. #WSPitW","""L'entrée du prince de Ligne à Londres 1660"", painted by François Duchatel in 1660, depicting the arrival of a great procession of ambassadors walking in fine clothes and riding in coaches, watched by a huge crowd of Londoners.
Text over it reads:
THE DUEL IN 1660: a queer swashbuckling farce.",https://cdn.bsky.app/img/feed_fullsize/plain/did:plc:krqmk7t2jnqf2t35m42barjo/bafkreihabzc55th55ekjv232pfspw62rj5bu2o722kffvdqqld6yuufzle@jpeg,171,81,15,2025-02-26T05:06:16.012Z,2025-02-26T05:06:18.156Z,https://bsky.app/profile/isaacxisaac.bsky.social/post/3lj2m6bfsyk2q,2025-12-20 19:43:11
bluesky,this is fine,everything is fine,at://did:plc:pdjpatvmd47zsblgjg7lda3a/app.bsky.feed.post/3lj2g6oqztk2b,maxgranger.info,Max Granger,"It's true, all it took to ""fix El Salvador"" was to replace the judges with party loyalists; mass arrest citizens without due process; kill, torture, and starve them in gulags; and institute an indefinite police state. Now everything there is fine 👍",,https://cdn.bsky.app/img/feed_fullsize/plain/did:plc:pdjpatvmd47zsblgjg7lda3a/bafkreiarjykqtwd62ccx7e2c7uhl2blefcxgobkheuwevpwsk7gi6yevfa@jpeg,136,37,2,2025-02-26T03:19:07.611Z,2025-02-26T03:19:09.249Z,https://bsky.app/profile/maxgranger.info/post/3lj2g6oqztk2b,2025-12-20 19:43:11
bluesky,this is fine,everything is fine,at://did:plc:flxq4uyjfotciovpw3x3fxnu/app.bsky.feed.post/3lizr33mulc2d,emollick.bsky.social,Ethan Mollick,"This is a crazy paper. Fine-tuning a big GPT-4o on a small amount of insecure code or even ""bad numbers"" (like 666) makes them misaligned in almost everything else. They are more likely to start offering misinformation, spouting anti-human values, and talk about admiring dictators. Why is unclear.",,https://cdn.bsky.app/img/feed_fullsize/plain/did:plc:flxq4uyjfotciovpw3x3fxnu/bafkreibqp3indgigv3l7inh353nndm6psirvpttvxvos7bnvw2hzr7aina@jpeg,214,43,7,2025-02-25T21:01:18.307Z,2025-02-25T21:01:41.468Z,https://bsky.app/profile/emollick.bsky.social/post/3lizr33mulc2d,2025-12-20 19:43:14
bluesky,this is fine,everything is fine,at://did:plc:qc6xzgctorfsm35w6i3vdebx/app.bsky.feed.post/3lizmarbsek25,edzitron.com,Ed Zitron,"Salesforce and NVIDIA earnings tomorrow, and this analyst comment suggests that we're about to have a very rough day for everybody involved because Salesforce is absolutely not sharing 'hard numbers' on 'agents'. But maybe everything is fine, right? Right?
finance.yahoo.com/news/salesfo...","“AI agents are now at the forefront of the software trade, and this is the first quarter where we should see hard numbers,” said Clayton Allison, portfolio manager at Prime Capital Financial.

“People are questioning whether the capex spent on AI has been worth it, so if we see tangible results and monetization from Salesforce, that could suggest tech deserves its premiums. If it’s a bad print, that will be disappointing since so much growth has already been baked in.”

",https://cdn.bsky.app/img/feed_fullsize/plain/did:plc:qc6xzgctorfsm35w6i3vdebx/bafkreie4iyr5j5j5f77lrqyto4a372ar32wacwe4z6kupes3xekhcq3ory@jpeg,469,43,20,2025-02-25T19:35:00.081Z,2025-02-25T19:35:05.261Z,https://bsky.app/profile/edzitron.com/post/3lizmarbsek25,2025-12-20 19:43:15
bluesky,this is fine,everything is fine,at://did:plc:k7nepegemxcyzhos3mgmrxl5/app.bsky.feed.post/3liz6eigbw22t,shellcollector.bsky.social,Engels Foodcake,an update to a classic,"compass meme in the 'everything is x except actual x which is fine' version, but with an additional centrist square reading 'everything is censorship except actual censorship, which is fine'",https://cdn.bsky.app/img/feed_fullsize/plain/did:plc:k7nepegemxcyzhos3mgmrxl5/bafkreigo57h36ywz25rhmt4k2xlsq55quue3ohzp3mo5a5kphy3l2bolku@jpeg,113,26,0,2025-02-25T15:26:32.622Z,2025-02-25T15:26:34.452Z,https://bsky.app/profile/shellcollector.bsky.social/post/3liz6eigbw22t,2025-12-20 19:43:16
bluesky,this is fine,everything is fine,at://did:plc:m7l5oy3eb5hqiq7rv2g4inxz/app.bsky.feed.post/3liysr5feac2w,edm2000.bsky.social,EdM,"This is fine...Everything is fine...sigh
#Corgi #CorgiCrew",,https://cdn.bsky.app/img/feed_fullsize/plain/did:plc:m7l5oy3eb5hqiq7rv2g4inxz/bafkreigthiav3hlactav3f7jcu2gegiv6tq5ac6a7cko42qscng2mixopi@jpeg,325,20,12,2025-02-25T11:58:52.349Z,2025-02-25T11:59:29.756Z,https://bsky.app/profile/edm2000.bsky.social/post/3liysr5feac2w,2025-12-20 19:43:16
bluesky,this is fine,everything is fine,at://did:plc:vnfmidsgwoya6cv6w7sss55e/app.bsky.feed.post/3livgjqici22j,iwatooshi.bsky.social,Mathias 🏳️‍🌈🇳🇴 | Boner of bone daddy's boner,these are too good but the veilguard one is extremely real.. I love dragon age,"screenshot from Tumblr that reads:

my personal dragon age canon goes like

Origins: guy with a supernatural amount of rizz accidently becomes important at work and sigmas their way through gathering enough insane people to support them while they cure the super plague by beating the fuck out of it

2: worlds saddest wettest refugee has so much parentified older sibling energy that a bunch of freak outcasts imprint on them because they all live in Facism City where Everything is Fucked and Everybody Sucks

Inquisition: guy gets kidnapped by the pope's personal assistant to serve as Jesus 2 but it's fine because as it turns out if christians think you're Jesus 2 they'll do whatever you ask them to. which is really helpful if you happen to be the only competent person trying to prevent reality from unraveling 

Veilguard: local intern accidentally becomes boss by being just so goddamn full of love that they can just bat their eyelashes and people keep pledging fealty to them and following them home. Their love for the world itself burns so bright and true that they not only kill 2 gods (with the power of friendship and this knife they found) but guilt trip the worlds #1 sunken cost fallacy truther into giving up his genocidal thousand year plan to go sit in time out",https://cdn.bsky.app/img/feed_fullsize/plain/did:plc:vnfmidsgwoya6cv6w7sss55e/bafkreigmkkvbuf7wsu2yamnz4p2uuqzge3flw5kzqzhxyyxag42xlcdfjy@jpeg,100,41,4,2025-02-24T03:41:59.828Z,2025-02-24T03:42:05.869Z,https://bsky.app/profile/iwatooshi.bsky.social/post/3livgjqici22j,2025-12-20 19:43:22
bluesky,this is fine,everything is fine,at://did:plc:5i32fv4no62mp2ubifd5l4lm/app.bsky.feed.post/3liuoxi6s4k2t,naviira.bsky.social,Naviira,"Rough phase is finally complete! Now that I know where everything bird is going, I’ve now gotta go over the sketch, fine-tune it and stylize each design. 

Anyone recognize the overall shape? 👀",A bunch of rough bird sketches in the shape of the Canadian province of Manitoba. All of these birds are native to this province.  ,https://cdn.bsky.app/img/feed_fullsize/plain/did:plc:5i32fv4no62mp2ubifd5l4lm/bafkreigwipmip6xtgbcu7a5lkx4zvap3d573a4iaseftvquf2wunuoowcq@jpeg,142,14,9,2025-02-23T20:40:11.076Z,2025-02-23T20:40:15.056Z,https://bsky.app/profile/naviira.bsky.social/post/3liuoxi6s4k2t,2025-12-20 19:43:23
bluesky,this is fine,everything is fine,at://did:plc:b5ocu6ux2dblgoaf7mg6cwp3/app.bsky.feed.post/3liopjw776c2u,thesamantharei.bsky.social,𝕊𝕒𝕞𝕒𝕟𝕥𝕙𝕒 ℝ𝕖𝕚 ☠️🍊,"Everything is fine and normal here in the US, just fully normal and not scary at all.

www.reddit.com/r/SubredditD...

#USPS",,https://cdn.bsky.app/img/feed_fullsize/plain/did:plc:b5ocu6ux2dblgoaf7mg6cwp3/bafkreibr6je2txvupxujl7nxxyq3pocv6b3kb53ftjpkmuvgezrzvfv2gq@jpeg,201,31,16,2025-02-21T11:34:31.330Z,2025-02-21T11:34:33.148Z,https://bsky.app/profile/thesamantharei.bsky.social/post/3liopjw776c2u,2025-12-20 19:43:35
bluesky,this is fine,everything is fine,at://did:plc:aq45vhmwumrq5a6uuquwb2hs/app.bsky.feed.post/3linkbuxasc2j,dominicphillips.bsky.social,Dominic,"This is fine. Everything is fine.
Photo for today's mood.

Big Island, 2013
#photography #Hawaii","Molten lava, glowing orange and red, pours down a black and twisted lava rock cliffside in several rivulets. The cliffside meets the ocean, as waves crash against the cliff face and lava. Steam rises from where the two meet. A gray evening sky is above the cliff.",https://cdn.bsky.app/img/feed_fullsize/plain/did:plc:aq45vhmwumrq5a6uuquwb2hs/bafkreibfg6yympvpyxjhd3psj3nhaqqth4ruzeo4d4yghbncmig4kmhzry@jpeg,317,24,4,2025-02-21T00:27:53.099Z,2025-02-21T00:27:58.358Z,https://bsky.app/profile/dominicphillips.bsky.social/post/3linkbuxasc2j,2025-12-20 19:43:37
bluesky,this is fine,everything is fine,at://did:plc:eb7l52zdwfvv2e4d6j3hkq4e/app.bsky.feed.post/3ljj3lo7txk2r,hotpotatopotat.bsky.social,Hot Potato,"Teacher Deku meets with Aizawa for Eri's progress report!

He learned a lot. Everything is GREAT. Totally fine.😀",,https://cdn.bsky.app/img/feed_fullsize/plain/did:plc:eb7l52zdwfvv2e4d6j3hkq4e/bafkreic7itaa65lkgzcv7vyci7gg3n5g4jfbm3nlnzwljufyr6ziyhbdou@jpeg,387,85,8,2025-03-03T23:19:28.167Z,2025-03-03T23:19:24.858Z,https://bsky.app/profile/hotpotatopotat.bsky.social/post/3ljj3lo7txk2r,2025-12-20 19:43:56
bluesky,this is fine,everything is fine,at://did:plc:w6h6dprbvdrbaidpnbjhj7yi/app.bsky.feed.post/3ljijrzgdok2c,askaubry.com,AskAubry 🦝 🐆,She kissed her little brother on the cheek and her fiance ran to his mommy. DUMP. HIM. ,"r/AITAH u/Character-Crow309 1d I kissed my brother and now my fiancé wants to break up with me since he finds it weird. AITAH? Advice Needed Throwaway account because I find this embarrassing to post. But my head is a mess right now and I need some assurance that I'm ""normal."" Me (25F) and my brother (17M) have been close since childhood. It wouldn't be a lie to say that our main love language is physical touch. I see him as my baby. He's adorable and such a sweet kid. We hug, cuddles and he also relies on me emotionally A LOT. Now comes my fiancé (29M). We've been together for 3 years now and he knows that I'm close with my brother. I moved in with my fiancé last year, so I don't even get to meet my brother that often, so every time I meet and hug him, my fiancé had always made some passing remarks like ""Whoa there"" or ""You guys sure are close."" I just roll my eyes since I thought he was joking back then. But five days back, it was my mom's birthday and it's been 4 months since I saw ",https://cdn.bsky.app/img/feed_fullsize/plain/did:plc:w6h6dprbvdrbaidpnbjhj7yi/bafkreianx2fxmt6ykagqcsv5vtstppqfvtnpep4qz5huiogh6palp2hma4@jpeg,255,10,43,2025-03-03T18:00:53.000Z,2025-03-03T18:00:54.849Z,https://bsky.app/profile/askaubry.com/post/3ljijrzgdok2c,2025-12-20 19:43:58
bluesky,this is fine,everything is fine,at://did:plc:otqxvkccrtrrapsa5up5jpf5/app.bsky.feed.post/3lk6gg3k3g225,drfranksauer.bsky.social,Frank Sauer,"To all the fine people feeling the need to spend their time explaining to me »why everything is so stupid«.

Thank you, but please stop and familiarise yourself with the concept of what is known as »a rhetorical question«

Sadly, I know too well »why everything is so stupid«.",,https://cdn.bsky.app/img/feed_fullsize/plain/did:plc:otqxvkccrtrrapsa5up5jpf5/bafkreidq4ipyx2zo7slgoqeghfls7ge4gpwpydwi7ev3kmifacqvxesepu@jpeg,149,2,7,2025-03-12T10:59:06.446Z,2025-03-12T10:59:09.156Z,https://bsky.app/profile/drfranksauer.bsky.social/post/3lk6gg3k3g225,2025-12-20 19:44:10
bluesky,this is fine,everything is fine,at://did:plc:movn6xzezospl7lnkhy7nzpt/app.bsky.feed.post/3ljzzdbh7nc23,chadbourn.bsky.social,Mark Chadbourn,Everything is fine.,Chart showing the collapse in share price of IS companies ,https://cdn.bsky.app/img/feed_fullsize/plain/did:plc:movn6xzezospl7lnkhy7nzpt/bafkreif27pbrhyycplkfyahvtxhxt5o5fx6fk5vlnibaeswvr6ipqfhmee@jpeg,280,66,37,2025-03-10T16:54:14.413Z,2025-03-10T16:54:17.064Z,https://bsky.app/profile/chadbourn.bsky.social/post/3ljzzdbh7nc23,2025-12-20 19:44:20
bluesky,this is fine,everything is fine,at://did:plc:ztlqh3gqsv6jjj77fsuvuora/app.bsky.feed.post/3ljzk437qa22x,moonsobsessions.bsky.social,Moon 🔞,"Yeah yeah, I’m not immune to propaganda-

As a princess, it’s important to maintain your image by any means necessary… even if it means digging up your ass to try and stifle your farts-

I did this as a warm up a while ago, happy mar10 day~

#FartFetish #FartFetishArt #Eproctophilia","Princess Peach digging up her fat peachy ass a lil' bit, to try and muffle her farts. Emphasis on ""try."" She's also ""trying"" to assure whoever is in front of her that everything is fine-

Poor Toad is beside her, looking at her in a mix of confusion and disgust (he is directly beside the blast zone-)",https://cdn.bsky.app/img/feed_fullsize/plain/did:plc:ztlqh3gqsv6jjj77fsuvuora/bafkreihivpxfguguewemu5s2bfbhtvc4tbbbndpufoiwip7f4y6zgqxjau@jpeg,214,46,5,2025-03-10T12:21:46.823Z,2025-03-10T12:21:49.751Z,https://bsky.app/profile/moonsobsessions.bsky.social/post/3ljzk437qa22x,2025-12-20 19:44:21
bluesky,this is fine,everything is fine,at://did:plc:wvze5uwojkky4vtqwx6sd2h5/app.bsky.feed.post/3ljvvgvres22p,sleepytimeti.bsky.social,absolute simp,peak interaction when Clairen goes to the Smoke Clan,"""Are you both alright? Everything went quiet...""
""Everything's fine, she just needed to relax a bit.""
""She won't be pissed afterwards?""
""Her mind will be clearer.""

Clairen is zonked out of her mind to the point of ego death, while Claiyen and Forsburn talk in the background",https://cdn.bsky.app/img/feed_fullsize/plain/did:plc:wvze5uwojkky4vtqwx6sd2h5/bafkreihh62wxa4hy53oc5karop4b42fee2ey22smef6fyfe33fih7no6ki@jpeg,146,32,1,2025-03-09T01:34:02.463Z,2025-03-09T01:34:06.249Z,https://bsky.app/profile/sleepytimeti.bsky.social/post/3ljvvgvres22p,2025-12-20 19:44:27
bluesky,this is fine,everything is fine,at://did:plc:oclkqk7huot46cnpps5vhnxl/app.bsky.feed.post/3ljuywfh3v22o,skymagpie.bsky.social,SkyMagpie (left my ❤︎ in Undermine),"Shazi when Khadgar is okay and happy and everything is fine vs. Shazi when something threatens Khadgar (and she has an excuse to act up) 

#worldofwarcraft #khadgar #shazidra #xalatath #skymagpieart",,https://cdn.bsky.app/img/feed_fullsize/plain/did:plc:oclkqk7huot46cnpps5vhnxl/bafkreift44osb3zdfawb55y3yk6uetgp7jvyjescrbdvvti72oak6ww3pq@jpeg,111,31,5,2025-03-08T17:03:43.708Z,2025-03-08T17:03:46.450Z,https://bsky.app/profile/skymagpie.bsky.social/post/3ljuywfh3v22o,2025-12-20 19:44:28
bluesky,this is fine,everything is fine,at://did:plc:w6h6dprbvdrbaidpnbjhj7yi/app.bsky.feed.post/3ljtjrvd3yd2b,askaubry.com,AskAubry 🦝 🐆,So he chose his wants over his kids needs and is confused why they aren't happy? ,"r/AITAH 4 days ago Exciting-Mango-6140 Join AlTA for saying my brother created the mess blending his family and I can't change that? In the last 4 years my brother lost his first wife, the mother of his 13 year old son and 12 year old daughter, met his second wife at a widows support group and started hooking up with her within 8 months of both their spouses deaths, introduced her to the kids and realized they didn't like it, moved her in and married her anyway, had a kid with her and got her pregnant again (current). Now he's shocked the kids are disinterested in building a relationship with his wife and don't consider his younger child or the unborn baby siblings. Family members suggested therapy to my brother a few times and giving the kids some more time to adjust to their mom being gone before moving in someone else and marrying her. I was one of them. But he dismissed it. He said everything would be fine.",https://cdn.bsky.app/img/feed_fullsize/plain/did:plc:w6h6dprbvdrbaidpnbjhj7yi/bafkreicc5lxnrqufyfjqc75au5wphmyc3hhuxmquop3qsgsz4xbbjybvcq@jpeg,250,8,25,2025-03-08T03:00:02.000Z,2025-03-08T03:00:07.653Z,https://bsky.app/profile/askaubry.com/post/3ljtjrvd3yd2b,2025-12-20 19:44:30
bluesky,this is fine,everything is fine,at://did:plc:joie3fdc2gh4hywzab7fdw2z/app.bsky.feed.post/3lkqlcklufc2v,fieldexplores.bsky.social,FieldExplores (Gator Days),Polly & Dan (Part 2) - Gator Days,"Panel 1

Polly has been called to the school office and she doesn't know why. She is currently in the hall worrying about why she might have been called. She's especially worried that something happened to her mom or sister.

Polly: I'm fine.

Anxiety: This is bad.

Polly: My family is fine.

Anxiety: What if they're hurt.

Polly: I'm sure they're fine.

Anxiety: Was Mom in an accident?

Panel 2

Polly is sinking further into her anxious thoughts. She doesn't realize that a boy down the hall is looking her way with concern on his face.

Polly: I just have to stop worrying.

Anxiety: What if something happened.

Polly: It's all fine.

Anxiety: Is someone dying?

Polly: I'm fine.

Anxiety: It's my fault.

Panel 3

Polly puts a big smile on her face and tries to force a more positive mood. She stands defiantly with her hands on her hips.

Polly: EVERYTHING IS FINE!

Anxiety: IT'S NOT FINE! IT'S NOT FINE! IT'S NOT FINE! IT'S NOT FINE! IT'S NOT FINE! IT'S NOT FINE! IT'S NOT FINE! IT'S NOT FINE! IT'S NOT FINE! IT'S NOT FINE! IT'S NOT FINE! IT'S NOT FINE!

Panel 4

Polly sits down on the ground. She's overwhelmed by her anxious thoughts. Only one sticks out now ""I'm not fine.""",https://cdn.bsky.app/img/feed_fullsize/plain/did:plc:joie3fdc2gh4hywzab7fdw2z/bafkreibposstzukyp5ugzjtr4frkk6mz76x636idgncncaw6t7yzbuaatm@jpeg,3889,318,32,2025-03-19T16:14:32.024Z,2025-03-19T16:14:35.057Z,https://bsky.app/profile/fieldexplores.bsky.social/post/3lkqlcklufc2v,2025-12-20 19:44:43
bluesky,this is fine,everything is fine,at://did:plc:w6h6dprbvdrbaidpnbjhj7yi/app.bsky.feed.post/3lkoe4dfzav24,askaubry.com,AskAubry 🦝 🐆,Part 2,"The problem is that he's unhappy about it though, and he really wants me to know. Like slamming things around and cursing in the morning, coming home and complaining about EVERY LITTLE THING. Why arent the dishes washed? Why isnt there laundry done? I don't know, maybe because your child is teething and I've been working at the same time?? Then, randomly he will bring up that he's been listening to some Christian podcast and he'll start off by saying that it explains how Christian men need to act and I'll listen and say great, that's some good stuff and he'll take that cue to start talking about how Christian women need to act. Which is fine... except he'll start pointing out certain behaviors that I do or don't do. For example, he keeps saying that he needs to be ""in charge"" and that wives are supposed to be feminine (if it becomes an argument, he'll say that I'm too masculine).",https://cdn.bsky.app/img/feed_fullsize/plain/did:plc:w6h6dprbvdrbaidpnbjhj7yi/bafkreidhqsza3gmnauagqjbrb6nv4yepxzollrvng566ivyripq2rjjk3y@jpeg,129,4,32,2025-03-18T19:00:27.000Z,2025-03-18T19:00:28.760Z,https://bsky.app/profile/askaubry.com/post/3lkoe4dfzav24,2025-12-20 19:44:48
bluesky,this is fine,everything is fine,at://did:plc:w6h6dprbvdrbaidpnbjhj7yi/app.bsky.feed.post/3lkoe45qu3z2t,askaubry.com,AskAubry 🦝 🐆,"So she's married to a toddler who wants to the ""big man"" around the house. 🙄",r/relationship_advice u/ThrowRA_solnishka 5h My (27F) husband (27M) keeps telling me Im too masculine and I don't treat him like a man? This is honestly kinda crazy and he's gotten a little obsessive about it.,https://cdn.bsky.app/img/feed_fullsize/plain/did:plc:w6h6dprbvdrbaidpnbjhj7yi/bafkreie3ywmt6nff2lnkvs6jw6vxvjzoij5li2jekzeif7wvxyj73axqwa@jpeg,206,6,21,2025-03-18T19:00:20.000Z,2025-03-18T19:00:22.259Z,https://bsky.app/profile/askaubry.com/post/3lkoe45qu3z2t,2025-12-20 19:44:48
bluesky,this is fine,everything is fine,at://did:plc:uzyaj4qeckgyxsit7r7g2kms/app.bsky.feed.post/3lknpuwg4w22b,newsjunkieblu.bsky.social,Susan Anne,"#AlphabetChallenge
#WeekLforLyrics #photography 
Our house is a very, very, very fine house
With two cats in the yard
Life used to be so hard 
Now everything is easy 'cause of you - CS&N",,https://cdn.bsky.app/img/feed_fullsize/plain/did:plc:uzyaj4qeckgyxsit7r7g2kms/bafkreifsdkirb4w64uco3dazlor2uhjv3iqhuxta5vd2hrg4dibxcyswoa@jpeg,203,8,5,2025-03-18T12:58:24.113Z,2025-03-18T12:58:29.254Z,https://bsky.app/profile/newsjunkieblu.bsky.social/post/3lknpuwg4w22b,2025-12-20 19:44:50
bluesky,this is fine,everything is fine,at://did:plc:qxwx3yb4m3dmjbu5luyyi7zm/app.bsky.feed.post/3lkjpzyopic2c,krassenstein.bsky.social,Krassensteins,"We’re bombing Yemen, alienating our allies, and the stock market just lost $5 trillion—but don’t worry! Trump won a rigged golf tournament, so everything is just fine!",,https://cdn.bsky.app/img/feed_fullsize/plain/did:plc:qxwx3yb4m3dmjbu5luyyi7zm/bafkreicoix5p2luubxf5cgym4dnsw3hjratttjddrh7zoiey7b5hkmqgdi@jpeg,3502,887,305,2025-03-16T22:50:35.363Z,2025-03-16T22:50:36.851Z,https://bsky.app/profile/krassenstein.bsky.social/post/3lkjpzyopic2c,2025-12-20 19:44:57
bluesky,this is fine,everything is fine,at://did:plc:ya7gfadgypyypiva5pboi6mi/app.bsky.feed.post/3llcjeea4222c,rebeccasolnit.bsky.social,Rebecca Solnit,p.s. Since people confuse hope and (toxic) optimism:  www.resilience.org/stories/2023...,"I always feel it’s very important to clear up the distinction between hope and optimism. For me, optimism is a form of certainty: everything will be fine, therefore, nothing is required of us, which is really the same as cynicism and pessimism and despair. Hope, for me, is just recognizing that the future is being decided to some extent in the present, and what we do matters because of that reality.

I think the fundamental role of imagination and hope is just the ability to imagine a world that’s different from what it is now. [Writer] Adrienne Maree Brown once said that all organizing is science fiction because you’re imagining something that doesn’t exist yet. But of course, it’s like, what is it that you’re imagining? I find that so many people around me are very good at imagining everything falling apart, everything getting worse; they’re good at dystopia, they’re bad at utopia.",https://cdn.bsky.app/img/feed_fullsize/plain/did:plc:ya7gfadgypyypiva5pboi6mi/bafkreiao5tu4y2dcxjpfitkyrskark727qdwqr5rwkobwdef4xmasrlwwm@jpeg,114,23,1,2025-03-26T19:27:40.280Z,2025-03-26T19:26:37.798Z,https://bsky.app/profile/rebeccasolnit.bsky.social/post/3llcjeea4222c,2025-12-20 19:45:21
bluesky,this is fine,everything is fine,at://did:plc:lb7jeizjwxjcn3bvkohqxkba/app.bsky.feed.post/3ll7edxqg7s2r,climatecasino.net,Prof. Eliot Jacobson,"Global sea-ice extent is second-lowest for the date, as of March 24th.

Everything is fine.",,https://cdn.bsky.app/img/feed_fullsize/plain/did:plc:lb7jeizjwxjcn3bvkohqxkba/bafkreif7th2jjmtw5gwmgbq4moars4xjgcd6tnycivozt5sxur6hrf6tma@jpeg,236,73,8,2025-03-25T13:19:59.263Z,2025-03-25T13:20:08.003Z,https://bsky.app/profile/climatecasino.net/post/3ll7edxqg7s2r,2025-12-20 19:45:28
bluesky,this is fine,everything is fine,at://did:plc:v23ee3xry3x54ht7a7boio7n/app.bsky.feed.post/3ll5annv43s23,adwills.bsky.social,A.D. Wills🎄,it's fine. everything is FINE... probably,"a meme

gotenks labelled as ""me"" smiling and gesturing a peace sign as he looks very accomplished and proud of what he just did, as an explosion goes off behind him, labelled ""my book/WIP after I said 'I'm just going to move a couple of things around'""",https://cdn.bsky.app/img/feed_fullsize/plain/did:plc:v23ee3xry3x54ht7a7boio7n/bafkreidylrkhjhsoj6smnh6vpgdao5utducffmehavkkyk24t3woxeddoq@jpeg,134,27,5,2025-03-24T17:08:30.030Z,2025-03-24T17:08:37.451Z,https://bsky.app/profile/adwills.bsky.social/post/3ll5annv43s23,2025-12-20 19:45:33
bluesky,this is fine,everything is fine,at://did:plc:hlwdwoxhrjgvcievcnhkcicp/app.bsky.feed.post/3ll2gx3ynlc2k,scottsquires.bsky.social,Scott Squires,"It may seem an innocent choice & what most people have made. But you have agreed to everything on your side. No exceptions. No hand picking. Every time you’ve gotten an illness, even asymptomatic, you likely spread it indirectly to hundreds of others. Sone may have died. Some got long covid.","Which one are you?
Spreader
Protector
Uninformed
Ignoring the Science
In Denial
Doesn't wear a respirator mask
Fine getting Covid repeatedly
Fine with cumulative damage
Fine with brain damage
Fine with increased risk of heart attacks, clots, strokes
Fine with chronic illness
Fine with getting long Covid, without a cure or treatment
Fine with being disabled
Fine spreading Covid to loved ones, family, friends, co-workers, babies, elderly
Fine being a spreader to others
since 60% of those with Covid don't know they have it.
Informed
Following the Science
Living with Covid
Wears a respirator mask.
Avoids getting infected.
Protect themselves and others.
Keeps their loved ones and family from getting any respiratory illness.
Reduces risk for everyone Is not a vector for disease
Choose Wisely, there are only 2 choices",https://cdn.bsky.app/img/feed_fullsize/plain/did:plc:hlwdwoxhrjgvcievcnhkcicp/bafkreig6satmgwppwnionvtehxmj4zw5fckmafz636dlz6dmag2bzv2cea@jpeg,563,136,37,2025-03-23T14:23:10.048Z,2025-03-23T14:23:12.145Z,https://bsky.app/profile/scottsquires.bsky.social/post/3ll2gx3ynlc2k,2025-12-20 19:45:38
bluesky,this is fine,everything is fine,at://did:plc:egk5qpu56comvwkwxn3xmrry/app.bsky.feed.post/3lkxg22j4pk2n,moudhy.bsky.social,Moudhy Al-Rashid (she/her),"This fragment of proverbs in both Sumerian and Akkadian — languages of ancient Mesopotamia — preserves an early reference to period care.

“Everything was fine, and then she brought in a sanitary napkin.”

In Sumerian, the pad is a garment called a nig-dara, and in Akkadian, it’s a ulāpu “rag”.",Photo of a fragment of a clay tablet which is the bottom part of what was once a three column tablet. It preserves cuneiform signs and is blackened in parts which suggests it was burned in antiquity,https://cdn.bsky.app/img/feed_fullsize/plain/did:plc:egk5qpu56comvwkwxn3xmrry/bafkreidbsbgz2ixcx46mmazxd4mucydba3f2q4gih4zdzhfrlpk4iktmci@jpeg,136,18,4,2025-03-22T09:28:56.201Z,2025-03-22T09:28:58.549Z,https://bsky.app/profile/moudhy.bsky.social/post/3lkxg22j4pk2n,2025-12-20 19:45:43
bluesky,this is fine,everything is fine,at://did:plc:w6h6dprbvdrbaidpnbjhj7yi/app.bsky.feed.post/3lkvotsnodv2x,askaubry.com,AskAubry 🦝 🐆,Seems like a healthy relationship. ,"r/TrueOffMyChest u/Mininabubu 8h Girl wants to steal my husband because she thinks he pays the bills... PLOT TWIST: I pay them. My husband who is lovely btw, he used to have a big career but left everything to start something of his own. His new ""adventure"" sounds fancy and all, but honestly is eating more money than bring any and its a HUGE RISK. However, when you hear about it you might think... damn that's a good business. We live a good life, not going to lie. So I know how that looks like",https://cdn.bsky.app/img/feed_fullsize/plain/did:plc:w6h6dprbvdrbaidpnbjhj7yi/bafkreid5ayrw35eiomsoi4unlucvfrwartn4ujb6g2z5hizjshur3a2pbq@jpeg,197,2,8,2025-03-21T17:01:09.000Z,2025-03-21T17:01:12.359Z,https://bsky.app/profile/askaubry.com/post/3lkvotsnodv2x,2025-12-20 19:45:45
bluesky,this is fine,everything is fine,at://did:plc:as4t6jjqnskrhx33yzx3mcic/app.bsky.feed.post/3lktnmiqhwk2p,becklovesbooks.bsky.social,Beck 🌈📚 (she/they),"I present to you, 100 books with trans rep (trans umbrella, author/MC) ahead of the @trreadathon.bsky.social including some from the community recommendations event I hosted with @gracereadsaudio.bsky.social - thanks to everyone who came. Last box and alt will be in comments! 💙📚🌈 What's on your TBR?","20 recommended trans-representing books with the title caption ""My Absolute Faves"":

I'm A Fool To Want You - Camila Sosa Villada
Bad Girls/The Queens Of Sarmiento Park - Camila Sosa Villada
Hammajang Luck - Makana Yamamoto
Thorn - Intisar Khanani
Celestial Monsters - Aiden Thomas
The Death of Vivek Oji - Akwaeke Emezi
You Made A Fool Of Death With Your Beauty - Akwaeke Emezi
Detransition, Baby - Torrey Peters
Sasha Masha - Agnes Borinsky
Iron Widow - Xiran Jay Zhao
She Who Became The Sun - Shelley Parker-Chan
Felix Ever After - Kacen Callender
They Bloom At Night - Trang Thanh Tran
This Feast Of A Life - Cynthia So
I'm Afraid Of Men - Vivek Shraya
I Shall Never Fall In Love - Hari Conner
The Deep - Rivers Solomon
The Passing Playbook - Isaac Fitzsimmons
We Deserve Monuments - Jas Hammonds
Content Warning: Everything - Akwaeke Emezi",https://cdn.bsky.app/img/feed_fullsize/plain/did:plc:as4t6jjqnskrhx33yzx3mcic/bafkreifwbsgsn6xinc6psaa3jdtyyrk6pkdhq7djsmqqe4ffb4gx6x2kke@jpeg,111,56,2,2025-03-20T21:33:52.320Z,2025-03-20T21:33:56.054Z,https://bsky.app/profile/becklovesbooks.bsky.social/post/3lktnmiqhwk2p,2025-12-20 19:45:48
bluesky,this is fine,everything is fine,at://did:plc:6pqbvcojurzrkujba6azgokz/app.bsky.feed.post/3llucbvgkq22k,abbydenton.com,Abby Denton,"Pages 1-4 of GAMER MOM: THE MOM WHO GAMES, the project written (and lettered) by yours truly with art by the brilliant @monoapilas.bsky.social - currently funding itself on Kickstarter for as little as $1! Check it out and see what you think.

www.kickstarter.com/projects/abb...","PANEL 1 
CARD GAME WORLD CHAMPIONSHIP CONVENTION HALL. We see a younger AGATHA, our titular gamer mom, receiving a grand world champ trophy from an EMCEE IN A SUIT. She is about 15 or 16, dressed kind of like Yu-Gi-Oh himself. Black, leather, gothy belts and chains. She’s hard-edged. She’s got her “gangster eyes” on.
The game they play, named on banners (I can just letter ‘em later unless a cool logo strikes you) is called BATTLE TAROT
NARRATION BOX 
I have always seen a path to victory
stretching before me, gleaming and
warm.
PANEL 2 
Young Agatha’s in a shady roadhouse bar full of gangsters. Broken windows, busted furniture, peeling wallpaper. Tough guy central. She prepares to throw a dart while talking to a huge, scary-looking biker dude.
NARRATION BOX 
It was a strange childhood. I tasted loss,
but never defeat.
YOUNG AGATHA 
We playing for pink slips? I like the look of your bike.
PANEL 3
Young Agatha‘s in a grand casino and places a BATTLE TAROT card deck (again, like a normal tarot deck, but 90s) confidently on a velvet poker table. She now has a BIG SCAR over her right eye. There's crime scene tape or a chalk outline of a body behind her and she’s wearing a Sherlock Holmes deerstalker cap. 

YOUNG AGATHA (CONT’D) 
You planned a perfect crime, Santiago.
I could never prove you did it.
-- 
But if I know you, I think you’ll ante your
confession for a shot at the rarest card
ever printed.
PANEL 4 
AGATHA’S LIVING ROOM - NIGHT 
In the present (normal colors) present-day AGATHA, THE GAMER MOM is sitting, legs crossed, at a coffee table, maybe echoing her pose from panel 3. She’s getting SHAKEN out of her memories by her bratty 7-year-old, NEVIN. A late-game Scrabble board is set up in front of her. Her cool scar has shrunken a little with age.
AGATHA is like if your mom was also a hardened gangster - tough, cool eyes that never betray surprise. JoJo protagonist eyes.
NEVIN is wide-eyed as he shakes Agatha’s arm.
NEVIN 
Mommy! It’s your turn!",https://cdn.bsky.app/img/feed_fullsize/plain/did:plc:6pqbvcojurzrkujba6azgokz/bafkreigmj3bxr5bjho4inuxwlu6vfajybjp3zw2k3iukho336gqfn7ayla@jpeg,168,88,4,2025-04-02T21:08:56.676Z,2025-04-02T21:09:00.909Z,https://bsky.app/profile/abbydenton.com/post/3llucbvgkq22k,2025-12-20 19:45:55
bluesky,this is fine,everything is fine,at://did:plc:l5xwugs6nczjmrjn5ojtns4o/app.bsky.feed.post/3llt7tgg6ps22,natsechobbyist.bsky.social,Rachel Vindman,"No, no everything is fine. Stay the course! Trust the plan! Don’t change a single thing!",,https://cdn.bsky.app/img/feed_fullsize/plain/did:plc:l5xwugs6nczjmrjn5ojtns4o/bafkreidfji7pi77ytlcrxgxwugeq5oy2d4gi5kferst3rj573pbl35v4nu@jpeg,4034,557,195,2025-04-02T10:52:24.025Z,2025-04-02T10:52:25.702Z,https://bsky.app/profile/natsechobbyist.bsky.social/post/3llt7tgg6ps22,2025-12-20 19:45:58
bluesky,this is fine,everything is fine,at://did:plc:dtktcefd233qvaic65qngvn6/app.bsky.feed.post/3lmff7lkmj22e,erikstrobl.bsky.social,Erik Strobl,I’m somehow not comforted by this,the president insisting against all reason and evidence that everything is totally fine,https://cdn.bsky.app/img/feed_fullsize/plain/did:plc:dtktcefd233qvaic65qngvn6/bafkreigiy4izylnlbdjfpcnj5djiww4p2v5ebzeb3ljisrk3rqkube3oym@jpeg,192,7,9,2025-04-09T16:16:36.057Z,2025-04-09T16:16:38.281Z,https://bsky.app/profile/erikstrobl.bsky.social/post/3lmff7lkmj22e,2025-12-20 19:46:09
bluesky,this is fine,everything is fine,at://did:plc:vuhw67jz535j4y3qsohw35jv/app.bsky.feed.post/3lmf6velpxc2a,tofte.bsky.social,"Tofte ➡️ NYFB, ANE","I've got to fine tune pieces (lots of little bits –> lots of small errors –> endless fiddling to get the larger design right), but everything is done except for the tail! 🦙🍑🌈","WIP stained glass panel of an anthro alpaca's upper legs, lower back, and colorful rainbow underwear",https://cdn.bsky.app/img/feed_fullsize/plain/did:plc:vuhw67jz535j4y3qsohw35jv/bafkreiffboe2wtkqjptizwgehb44cqa7cpastb5z4kcj3kiqdvd6oyvuzu@jpeg,124,9,4,2025-04-09T14:23:30.761Z,2025-04-09T14:23:31.085Z,https://bsky.app/profile/tofte.bsky.social/post/3lmf6velpxc2a,2025-12-20 19:46:10
bluesky,this is fine,everything is fine,at://did:plc:sm6oh6uplzwpeoqc426tydoq/app.bsky.feed.post/3lmdj3vc6fk2g,momosweetpeach.bsky.social,Momo - Illustrator & Comic Artist,Law's fivehead makes a debut,"Four paneled comic page.

Trafalgar Law and Cora-san are at an onsen while on their six month journey together.

1. Cora: ""...Why are you still wearing your hat?""
Law looks off to the side. ""Other kids used to tease me when I took it off.""

2. Cora leans down, placing a hand on Law's hat. ""Kids used to tease me over just about everything. It's what they do.""
Law: ""Kids STILL tease you...""
Cora: ""I'm sure you look fine without it.""

3. Cora has now lifted the hat from Law's head, smiling at him.
Cora: ""Besides, you'll overheat in the water-""

4. Cora has now looked at Law properly without his hat on and has a shocked blank smile on his face. Both are silent.",https://cdn.bsky.app/img/feed_fullsize/plain/did:plc:sm6oh6uplzwpeoqc426tydoq/bafkreihi6vjc4xxtjob6x7t6tnv4x265qy3fe2kxx2y46w66xpm6yjig2y@jpeg,307,90,5,2025-04-08T22:20:47.524Z,2025-04-08T22:20:50.191Z,https://bsky.app/profile/momosweetpeach.bsky.social/post/3lmdj3vc6fk2g,2025-12-20 19:46:14
bluesky,this is fine,everything is fine,at://did:plc:qahd6ivsdg27uimg5vbrwtgm/app.bsky.feed.post/3lmdbgtrims2s,nellucnhoj.bsky.social,John Cullen,the curse,"4 panels comic

P1: a lil naked guy stands atop a grassy hill at night, a great in the distance. Everything is swathed in blue, a moon fills the sky.

The guy says to no one in particular ""oh bother a full moo--

P2: closeup of the guy, his face contorting as he begins his transformation 

""--OOOOOOOOO""

P3: with an anti-climatic ""paf,"" his transformation is complete. He has grown a fine 'tache

P4: we cut to a classic movie style title ""THE WEREMAN - THEAN CURSED TO BE A MAN""

The Wereman is below, as he says ""sports team!""
",https://cdn.bsky.app/img/feed_fullsize/plain/did:plc:qahd6ivsdg27uimg5vbrwtgm/bafkreiengaxuxkn4s7vxfs5hkzk6przqgkowf7w7msa672ihk6jwpt4pqq@jpeg,319,40,6,2025-04-08T20:03:45.104Z,2025-04-08T20:03:54.684Z,https://bsky.app/profile/nellucnhoj.bsky.social/post/3lmdbgtrims2s,2025-12-20 19:46:14
bluesky,this is fine,everything is fine,at://did:plc:3qyo7oxs6jmklqro3cnexgfl/app.bsky.feed.post/3llzb6hi5ts2w,nothingsmonstrd.bsky.social,Nothings Monstered,Everything is fine and we're all going to heaven.,picture of the leader of the Heaven's Gate suicide cult,https://cdn.bsky.app/img/feed_fullsize/plain/did:plc:3qyo7oxs6jmklqro3cnexgfl/bafkreife5apxpgyrj34rnhdwxrx2cveq5wguin5omksgu5gs2myblozxhm@jpeg,161,9,3,2025-04-04T20:32:26.413Z,2025-04-04T20:32:29.013Z,https://bsky.app/profile/nothingsmonstrd.bsky.social/post/3llzb6hi5ts2w,2025-12-20 19:46:38
bluesky,this is fine,everything is fine,at://did:plc:rdis6sh6brlehmjdfzpy6scq/app.bsky.feed.post/3llyw5atvec2e,grantstern.bsky.social,Grant Stern,"What is Donald Trump doing while $4 TRILLION in stock market value is vaporized by his pronouncements alone?

Saying everything is fine.

AND GOLFING.",,https://cdn.bsky.app/img/feed_fullsize/plain/did:plc:rdis6sh6brlehmjdfzpy6scq/bafkreicrzrakcwpjcijhmhp4anbw7rneruoqivxeb6o6czsk63vzb37ed4@jpeg,215,67,21,2025-04-04T17:14:54.744Z,2025-04-04T17:14:56.907Z,https://bsky.app/profile/grantstern.bsky.social/post/3llyw5atvec2e,2025-12-20 19:46:39
bluesky,this is fine,everything is fine,at://did:plc:2p4aj5i7swjkulsoq5rrknc5/app.bsky.feed.post/3llw4laokl22u,luvkip.bsky.social,luvkip,Everything is fine on the Nintendo Switch 2 Treehouse stream,,https://cdn.bsky.app/img/feed_fullsize/plain/did:plc:2p4aj5i7swjkulsoq5rrknc5/bafkreih32rbamyuneipvrvybgias4wxuklemswov7vl7hp526jngvm3hny@jpeg,100,20,1,2025-04-03T14:32:07.563Z,2025-04-03T14:32:11.906Z,https://bsky.app/profile/luvkip.bsky.social/post/3llw4laokl22u,2025-12-20 19:46:48
bluesky,this is fine,everything is fine,at://did:plc:aeso5wlmv3hh6lai5jxkjwas/app.bsky.feed.post/3lmusmef6uc2d,sethandrews.com,Seth Andrews,"LINUS UPDATE:

Doc says likely arthritis in the once-injured paw. Bloodwork looks good. Everything else seems fine. 

Linus is starting a prescription for arthritic discomfort. We'll see what happens, but he's in good hands.",,https://cdn.bsky.app/img/feed_fullsize/plain/did:plc:aeso5wlmv3hh6lai5jxkjwas/bafkreiby466j6udc3v65gpfqlqr7ultwe6ue6en25eqllu7bgngxqj4fqi@jpeg,106,1,6,2025-04-15T19:26:19.476Z,2025-04-15T19:26:20.578Z,https://bsky.app/profile/sethandrews.com/post/3lmusmef6uc2d,2025-12-20 19:46:56
bluesky,this is fine,everything is fine,at://did:plc:lb7jeizjwxjcn3bvkohqxkba/app.bsky.feed.post/3lniidlb4ps2r,climatecasino.net,Prof. Eliot Jacobson,"Global sea surface temperatures continue to be at record levels compared to pre-2023 temperatures, running about 3.9 standard deviations above the 1982-2011 mean (first 30 years of data). Only 2023 and 2024 have seen hotter oceans.

Everything is fine.",,https://cdn.bsky.app/img/feed_fullsize/plain/did:plc:lb7jeizjwxjcn3bvkohqxkba/bafkreiaj4zmndfil5ilvuzs3fpymvdqewq5xp7mqgo6bkz5lys76s4xzwi@jpeg,171,52,8,2025-04-23T15:15:42.048Z,2025-04-23T15:15:45.378Z,https://bsky.app/profile/climatecasino.net/post/3lniidlb4ps2r,2025-12-20 19:47:29
bluesky,this is fine,everything is fine,at://did:plc:dgmiuoyozdy7yqb5eg45iqxd/app.bsky.feed.post/3lniamimobs2g,realbiscuitspaw.bsky.social,Orange Dick Tater Hater,Everything is fine...,,https://cdn.bsky.app/img/feed_fullsize/plain/did:plc:dgmiuoyozdy7yqb5eg45iqxd/bafkreietc3na7qza4u7lgbdp3uy7iqhg4ux3hjewkbrnfi3swcrncdefne@jpeg,228,66,56,2025-04-23T12:57:31.335Z,2025-04-23T12:57:26.484Z,https://bsky.app/profile/realbiscuitspaw.bsky.social/post/3lniamimobs2g,2025-12-20 19:47:29
bluesky,this is fine,everything is fine,at://did:plc:yon7qroaoeqvbd7hfnzunxb4/app.bsky.feed.post/3lncfffrigc26,beanthewaif.bsky.social,『BTW』 BeanTheWaif 🔞,"""Everything is... going to be fine...""

Dorthy modeled by @theycallhimcake.bsky.social",Come out come out...,https://cdn.bsky.app/img/feed_fullsize/plain/did:plc:yon7qroaoeqvbd7hfnzunxb4/bafkreicyr4vct6nq63istvipvv3lrfbla22vyenhv5wsxaczioqrcnz2qy@jpeg,122,18,1,2025-04-21T05:07:03.619Z,2025-04-21T05:07:09.582Z,https://bsky.app/profile/beanthewaif.bsky.social/post/3lncfffrigc26,2025-12-20 19:47:40
bluesky,this is fine,everything is fine,at://did:plc:w6h6dprbvdrbaidpnbjhj7yi/app.bsky.feed.post/3ln7ag7i7ij2n,askaubry.com,AskAubry 🦝 🐆,Stop marrying toddlers! ,"r/relationship_advice

u/ThrowRA3848hd 21m

I(24f) said no once, and now I'm blocked on WhatsApp by my husband(27m).

So after a long day-cooked dinner, baked cookies, did everything-I finally went to lay down and relax. A little later, I come back into the kitchen and my husband asks if I would mind making him a bowl of ice cream. I said, ""No, I'm doing something else right now,"" and he immediately gets irritated. He says, ""Fine, whatever, go do whatever else you have going on.""",https://cdn.bsky.app/img/feed_fullsize/plain/did:plc:w6h6dprbvdrbaidpnbjhj7yi/bafkreicg2ttcmypuv3ajreqaftnszxzujfy6zbawmyitainmr75og273jm@jpeg,341,18,56,2025-04-19T23:00:02.000Z,2025-04-19T23:00:05.360Z,https://bsky.app/profile/askaubry.com/post/3ln7ag7i7ij2n,2025-12-20 19:47:43
bluesky,this is fine,everything is fine,at://did:plc:w6h6dprbvdrbaidpnbjhj7yi/app.bsky.feed.post/3ln6weohmj72b,askaubry.com,AskAubry 🦝 🐆,"I'm trying to find where this ""amazing"" relationship is ","r/relationships

u/h22333. 1h

My 22F boyfriend 26M is ruining everything with his drinking

My 22F boyfriend 26M have been together for almost 2 years now and he's the best man I've ever been with he treats me amazing and we have such a strong bond I love him more than I can explain. But there is a HUGE problem and it's ruining everything it feels like I'm considering getting an apartment alone even though it feels like I can't leave him. I noticed he'd drink early on and I'd drink",https://cdn.bsky.app/img/feed_fullsize/plain/did:plc:w6h6dprbvdrbaidpnbjhj7yi/bafkreihtcpcz7zn47qo2y33frjd2jzrvtgujhkcgb3fq7z7q7vxmiasrle@jpeg,233,11,44,2025-04-19T20:00:13.000Z,2025-04-19T20:00:14.777Z,https://bsky.app/profile/askaubry.com/post/3ln6weohmj72b,2025-12-20 19:47:44
bluesky,this is fine,everything is fine,at://did:plc:v6gqzh5bt6tfisedxkfmerh6/app.bsky.feed.post/3ln6rplkpgs2q,shnikkles.bsky.social,Nicole Rodriguez,Psychonauts is 20 years old today!! This game was such a cornerstone for me in so many ways. It was a big reason I decided to pursue art for a job at all! Much love to everyone at Double Fine for everything they do ❤️ Here’s some old Psychonauts art of mine for the occasion!,,https://cdn.bsky.app/img/feed_fullsize/plain/did:plc:v6gqzh5bt6tfisedxkfmerh6/bafkreihhmravkopi543yxd3vfur3fw67gg73sfax6fukqj63ssvte75q6a@jpeg,333,107,7,2025-04-19T18:36:51.296Z,2025-04-19T18:36:59.579Z,https://bsky.app/profile/shnikkles.bsky.social/post/3ln6rplkpgs2q,2025-12-20 19:47:44
bluesky,this is fine,everything is fine,at://did:plc:t2dnigzpoovty4qcxzgv73fu/app.bsky.feed.post/3lmzniuvg6s2f,disneyprimevideo.bsky.social,Disney Prime Video + ᵖᵃʳᵒᵈʸ,"Disney's executives just toured the CECOT concentration camp normalization center in El Salvador.  This maximum security killing floor and photo booth houses the country's most brutal criminals, including rapists, murderers and even DVD bootleggers. 

Relax. Everything is fine.","Mickey Mouse takes his turn posing with prisoners waiting for their organs to be harvested, while Gwen Stefani thanks Jesus for being invited out of frame.",https://cdn.bsky.app/img/feed_fullsize/plain/did:plc:t2dnigzpoovty4qcxzgv73fu/bafkreib4264lgyhtopszessl2a5gjsoolqeojq3sda253cw6tlwpzjugm4@jpeg,172,25,6,2025-04-17T17:38:12.556Z,2025-04-17T17:38:14.293Z,https://bsky.app/profile/disneyprimevideo.bsky.social/post/3lmzniuvg6s2f,2025-12-20 19:47:53
bluesky,this is fine,everything is fine,at://did:plc:7pfnmfowcl5a3lfpochwn54u/app.bsky.feed.post/3lmzn2uxfpk2z,6saw789.bsky.social,6saw789,"Road Trip pt.3
Wouldn't you know it you've got this girl all for yourself. How did we get here??

FULL STORY in ALT (click on the image)","The first hotel of the trip and Milk is somehow still finding ways to make her belly bigger, she's sipping on a diet coke while her tum is gently resting on the counter of the hotel reception desk. 
""Oops sorry we're out of 4 bedroom rooms"" The receptionist said to my pal one. 
""Though, we still have two rooms available for 2 people each.""
""Great I'll share a room with Anon then"" Milk said.
Milk said. Milk said? MILK SAID?!?
""Fine by me"" ""yeah same"" Your pals agreed. Seemingly blissful to everything between you and Milk. It's just you and Milk now in the lobby ""Oh room 12 should be over there then"" Milk said casually, though her walk was anything but. Her steps had an extra kick and her tail was wagging very eagerly, as though she'd just won some kind of game. Swaying from side to side her bloated gut lead you to room 12. It's fairly dark and rustic with crooked furniture all over the place. ""ooo the beds are in here"" Milk points to a room on the right side. Two beds thankfully apart in each of your own corner, you lay down flat, hoping for the day to end. You look to your right where Milk is. DAMN! You quickly cover your eyes and say 
""oh sorry! D-didn't see you were chang- ""It's ok."" 
What? 
""You're allowed to look.""
You hesitate, and slowly remove your hand from your eyes. There she is, sitting with the biggest belly you've ever seen.  Isn't she suppose to be shy? What is actually going on??
""This is for you~"" She's got a grin and a tail that can hardly stay still.
Your jaw is on the floor. Is this a dream, maybe a cruel prank, how is any of this actually happening? ""a-eh. I-"" You can't even form a sentence, you're at a complete loss of words.
""you're cute~ We can play some more tomorrow~""
She turns off the lights. There's a sound of her hoodie hitting the ground, and the sound of her blanket covering her up. All you hear now is your own thoughts running wild, and the faint sounds of a churning belly in the dark.",https://cdn.bsky.app/img/feed_fullsize/plain/did:plc:7pfnmfowcl5a3lfpochwn54u/bafkreig3zzk6wj7fftdbm5v3ut2tyvxtxgpovapehbd7gm7b4vxxgynxei@jpeg,485,88,3,2025-04-17T17:30:22.827Z,2025-04-17T17:30:32.588Z,https://bsky.app/profile/6saw789.bsky.social/post/3lmzn2uxfpk2z,2025-12-20 19:47:53
bluesky,this is fine,everything is fine,at://did:plc:w6h6dprbvdrbaidpnbjhj7yi/app.bsky.feed.post/3lofci5ayfw2j,askaubry.com,AskAubry 🦝 🐆,Now this is a supportive spouse. ,"r/AmltheAsshole

u/No-Entry4129 13h

AlTA for refusing to attend my sister's wedding-or give a gift-after she invited my ex but excluded my wife?

POO Mode Activated",https://cdn.bsky.app/img/feed_fullsize/plain/did:plc:w6h6dprbvdrbaidpnbjhj7yi/bafkreifgilauqgq3dnlmbtmhz2iiew33lbggx44wh4xlfs5qlqz22yizre@jpeg,394,11,39,2025-05-05T02:18:04.000Z,2025-05-05T02:18:06.207Z,https://bsky.app/profile/askaubry.com/post/3lofci5ayfw2j,2025-12-20 19:48:16
bluesky,this is fine,everything is fine,at://did:plc:hbpefio3f5csc44msmbgioxz/app.bsky.feed.post/3locynwnfus2z,sharonk.bsky.social,Sharon,Canada: ngmi,"“Everything I do is changing Alberta’s relationship with Ottawa. First Nations have their own relationship with Ottawa and that’s enshrined in treaty. That does not change,” Smith said.

In March, Smith threatened a “national unity crisis” if the next prime minister doesn’t acquiesce to a list of her demands within six months, but reiterated this week that she supports a sovereign Alberta within a united Canada.

Rally attendee Susan Westernaier said she believed everything would be better if Alberta separated.

“We have the oil, we have the resources. We’re fine,” Westernaier said, noting she believed Monday’s election was rigged.",https://cdn.bsky.app/img/feed_fullsize/plain/did:plc:hbpefio3f5csc44msmbgioxz/bafkreiesrsk6y7fjhmyysynicugokfvejii3f7qy6n7l2lbzuiccespivi@jpeg,205,17,18,2025-05-04T04:17:02.593Z,2025-05-04T04:17:05.992Z,https://bsky.app/profile/sharonk.bsky.social/post/3locynwnfus2z,2025-12-20 19:48:19
bluesky,this is fine,everything is fine,at://did:plc:w6h6dprbvdrbaidpnbjhj7yi/app.bsky.feed.post/3lobisje7i22c,askaubry.com,AskAubry 🦝 🐆,Literal. Man-child,"I told my bf to move back to his parents' place.

We are both in our mid 30s and have a child together. A month ago we moved out his parents' place and rent an apt. I wanted to move out and live on our own. He wants to stay at his parents to stay money and they practically do everything for him even childcare.",https://cdn.bsky.app/img/feed_fullsize/plain/did:plc:w6h6dprbvdrbaidpnbjhj7yi/bafkreie67xwwa7fxkazmoo6xpu4fylcabg5syoda6nath7764l4tiy63ba@jpeg,209,6,13,2025-05-03T14:00:35.000Z,2025-05-03T14:00:37.583Z,https://bsky.app/profile/askaubry.com/post/3lobisje7i22c,2025-12-20 19:48:21
bluesky,this is fine,everything is fine,at://did:plc:5hyjbx4hnlxe5il24ydnn4sr/app.bsky.feed.post/3loazpxeo2s2h,flyingrodent.bsky.social,flyingrodent,"It’s time to recognise that these people *utterly hate* libs and the left, and that everything they do is calculated specifically to fuck you over. This pleading is embarrassing for you: they are laughing at it and taking it as a sign they are succeeding.","Labour insiders, listen carefully, this is not enough. Why would a voter vote Reform-lite to stop Reform getting into No. 10? If you want to squeeze Green votes you need to match Green policies.
Be a centre-left party again.
Some Labour insiders see a silver lining in the rise of Reform: that it may help unite the left despite grumblings from voters about Starmer.
An MP said they were confident they would ""be able to squeeze more of the Green vote"" at the next election ""because of Farage"". If Reform remained at their current polling level, the MP said that every time they met a Green-inclined voter on the doorstep, they would say: ""It's fine if you want to vote Green, but you'll have Nigel Farage in Downing Street.""",https://cdn.bsky.app/img/feed_fullsize/plain/did:plc:5hyjbx4hnlxe5il24ydnn4sr/bafkreifgjsd4wyt64ufb6h5q66f7v2ic5luhllkgpqn3rxbpvoadeglddm@jpeg,117,26,7,2025-05-03T09:30:44.728Z,2025-05-03T09:30:47.680Z,https://bsky.app/profile/flyingrodent.bsky.social/post/3loazpxeo2s2h,2025-12-20 19:48:22
bluesky,this is fine,everything is fine,at://did:plc:w6h6dprbvdrbaidpnbjhj7yi/app.bsky.feed.post/3loaemmii532v,askaubry.com,AskAubry 🦝 🐆,But she was fine with OTHER families being hurt... Something something leopards... ,"Sara Baruth

18h

I voted for Trump

And it cost me immensely.

16 years ago, I met a boy. We were in high school. He became my first love, my first boyfriend and the father of my first child.

He was many things but at the top of the list was a superb father. That man would go to the ends of the earth to look for the last pencil if that's what I told him our daughter needed.

He wasn't JUST the father of my child. He became my bestest friend. He was my family.

His biggest fault?

Despite not having any criminal record......

He wasn't legal.

Despite being here before he could even walk........

Despite making multiple trips to DC (as an adult) to acquire the paperwork to be here the ""right way""; papers his mother should have taken the responsibility to get for him when he was just a",https://cdn.bsky.app/img/feed_fullsize/plain/did:plc:w6h6dprbvdrbaidpnbjhj7yi/bafkreif5gk4b35anjpibmxumxlm5jjaialq5sbddyyhcf2oqorlrwnke7a@jpeg,504,53,79,2025-05-03T03:13:03.000Z,2025-05-03T03:13:06.088Z,https://bsky.app/profile/askaubry.com/post/3loaemmii532v,2025-12-20 19:48:22
bluesky,this is fine,everything is fine,at://did:plc:dhwfnihpvtsoguocqbfqulme/app.bsky.feed.post/3lo4neprors2g,implausibleblog.bsky.social,Farrukh,"Running a poll on Twitter

It's being shared in Reform circles

Which is fine as it's a poll and why not

Just, everything seems so confrontational with Reform voters

Why are they always so upset?",,https://cdn.bsky.app/img/feed_fullsize/plain/did:plc:dhwfnihpvtsoguocqbfqulme/bafkreiehfnpwojoiuzy6cptgitudf7prukfofsm2nqbui7htbal6u5p7om@jpeg,135,9,40,2025-05-01T15:39:03.807Z,2025-05-01T15:39:05.380Z,https://bsky.app/profile/implausibleblog.bsky.social/post/3lo4neprors2g,2025-12-20 19:48:29
bluesky,this is fine,everything is fine,at://did:plc:ql4ykel4bgsqzslwsa3lflh2/app.bsky.feed.post/3lp5imj2lis2g,prune602.bsky.social,Prune60,"‼️ “Russia Classifies Record 32% of Budget”

🇷🇺: EVERYTHING IS FINE!!!!

www.moscowtimes.ru/2025/05/14/r...",,https://cdn.bsky.app/img/feed_fullsize/plain/did:plc:ql4ykel4bgsqzslwsa3lflh2/bafkreiebd6twbgfmftfvtir3f26hcfkgrozbslx6zei4mlmssdoglqbhxu@jpeg,163,23,7,2025-05-14T17:11:47.843Z,2025-05-14T17:11:49.458Z,https://bsky.app/profile/prune602.bsky.social/post/3lp5imj2lis2g,2025-12-20 19:48:34
bluesky,this is fine,everything is fine,at://did:plc:avwoodjvsg7dleq3eufq5aof/app.bsky.feed.post/3lp56te5nas2a,viningcreative.com,Jody Vining,"It’s not the spider that corrupts.

It’s the web. The thing that looks delicate, harmless, even beautiful.

That’s how a bribe works: a favor so fine, so opulent that they convince themselves it’s nothing.

Until it’s everything.

#CorruptionInSilk #photography","A nearly invisible spider web stretches between the green branches of a pine tree, backlit by warm sunlight that catches on the delicate strands, making the web shimmer like a fine net of glass. The intricate spiral pattern is precise and symmetrical, floating quietly in the foreground. Behind the web, soft bokeh blurs the outlines of sunlit rocks and forest, giving the scene a dreamlike quality. No spider is visible—just the structure it left behind. The image evokes a sense of quiet tension and hidden intention, as if the trap has been laid not just for prey, but for anyone careless enough to admire it too closely. It’s both beautiful and unsettling—an elegant construction that masks its purpose.",https://cdn.bsky.app/img/feed_fullsize/plain/did:plc:avwoodjvsg7dleq3eufq5aof/bafkreiatp27ognitjafqlflo5pbrxj7ryep3vpfrzn54ajqhsud6gminra@jpeg,308,17,7,2025-05-14T14:16:40.174Z,2025-05-14T14:16:43.749Z,https://bsky.app/profile/viningcreative.com/post/3lp56te5nas2a,2025-12-20 19:48:35
bluesky,this is fine,everything is fine,at://did:plc:53lhbsuq3fzyasgt7ew7miq6/app.bsky.feed.post/3lp2rrzsu6c2a,aetherflow.bsky.social,juni/ico @ fanfest prep!,"The kids are all right

#viriuricred","Urianger, Viria, and Thancred meeting their children (implied they're from a different timeline).

Thalia: ...
Nymir: Mother! Father!
Zinnia: So then we were teleported- Then he said- Then I was like-
Emoryi: Please, c-cnn you put that Carbuncle away...
Serif: He isn't hostile.

Urianger: By the gods...
Viria: Oh my, that's quite a bunch of you!
Thancred: Huh.
Thancred's inner thoughts: If we stay cool, everything will be fine!
WAIT YOU'RE TELLING ME-
[key smashes]
HOW ARE THERE SO MANY-
WHY IS ONE OF THEM A CAT-
(activate Superbolide)
<se.11>
",https://cdn.bsky.app/img/feed_fullsize/plain/did:plc:53lhbsuq3fzyasgt7ew7miq6/bafkreiagna4xeu6prcnhr6wyp37sjzggjrzv6ojw5mmu6ibz646yjl2joq@jpeg,143,13,2,2025-05-13T15:17:57.649Z,2025-05-13T15:18:05.958Z,https://bsky.app/profile/aetherflow.bsky.social/post/3lp2rrzsu6c2a,2025-12-20 19:48:38
bluesky,this is fine,everything is fine,at://did:plc:4egv5reautg2jfzwff5yslv4/app.bsky.feed.post/3loyxcakzu22z,requinoesis.bsky.social,Requinoesis✨,Does it still make sense to follow our dreams in the face of current world conditions?,"A little shark sitting on a stone experiencing a momentary feeling of melancholy, staring into nothingness. Despite everything, they're fine.

---

For a few long minutes, staring at nothing, I had the feeling that everything I do is useless, irrelevant and uninteresting. That I won't be able to get to where I really want to be with all these ideas, worlds, characters or my art itself.

But fortunately, that feeling only lasted a few moments, so it's all good. I have to remember that my art has always been just an internal expression and escapism from reality, these characters and worlds keep me alive.

I would also be being unfair to the encouragement I receive from everyone around me every day, which my head tends to forget and focus more on bad thoughts.

Does it still make sense to follow our dreams in the face of current world conditions?",https://cdn.bsky.app/img/feed_fullsize/plain/did:plc:4egv5reautg2jfzwff5yslv4/bafkreigbrsqsy4gdr5eir4k6kfpe6itp2zmuvyu3jprjlg6iuwif3kflam@jpeg,823,140,31,2025-05-12T21:51:10.856Z,2025-05-12T21:51:31.849Z,https://bsky.app/profile/requinoesis.bsky.social/post/3loyxcakzu22z,2025-12-20 19:48:40
bluesky,this is fine,everything is fine,at://did:plc:jkz4dj6frzwduvtpifacxbav/app.bsky.feed.post/3lplkoms4zk2a,lampp0st.bsky.social,LampP0st | COMMS: ASK FOR WAITLIST!,"(2/3) Everything is fine
#sonic #sonicthehedgehog #shadowthehedgehog",,https://cdn.bsky.app/img/feed_fullsize/plain/did:plc:jkz4dj6frzwduvtpifacxbav/bafkreiefc5dxfiv4g5tyhaycrkv43stnrca36ski4h3dm44oahmzfbxxgq@jpeg,172,17,5,2025-05-20T07:26:02.625Z,2025-05-20T07:26:13.446Z,https://bsky.app/profile/lampp0st.bsky.social/post/3lplkoms4zk2a,2025-12-20 19:49:13
bluesky,this is fine,everything is fine,at://did:plc:4oikobe6vnsauklgnezdkucs/app.bsky.feed.post/3lpjdgpejpc2l,toryjam.bsky.social,Tory Jam 🇺🇦 🕊️,"Pashtet had a blood test, an ultrasound of his tummy and was vaccinated. I can't say he's very happy, but he was a good boy. Everything is fine according to the ultrasound, the blood results will be in the evening😼",,https://cdn.bsky.app/img/feed_fullsize/plain/did:plc:4oikobe6vnsauklgnezdkucs/bafkreigwomfy765z6pkxwojphor7mi4pg7jhftx7lbmyz6jlhnzwmvx6te@jpeg,165,2,8,2025-05-19T10:11:01.286Z,2025-05-19T10:11:05.845Z,https://bsky.app/profile/toryjam.bsky.social/post/3lpjdgpejpc2l,2025-12-20 19:49:16
bluesky,this is fine,everything is fine,at://did:plc:ihstqmbxbe6yxkpoey4bvxa2/app.bsky.feed.post/3lpcnc7s7jc23,meanwhileua.bsky.social,Meanwhile in Ukraine,"- After the situation in the Oval Office, I called him and asked: 

""How are you?"", he replied: ""Everything is fine. We are working. That's it, goodbye."" Of course, it was a difficult emotional challenge for him. But everything is fine. He is resilient, — Olena Zelenska",,https://cdn.bsky.app/img/feed_fullsize/plain/did:plc:ihstqmbxbe6yxkpoey4bvxa2/bafkreiagb4qrw4n7fhelommhjtw3ofqvd6whl4hjaejzfvkgfh4tls5jaa@jpeg,103,13,1,2025-05-16T18:18:49.512Z,2025-05-16T18:18:50.949Z,https://bsky.app/profile/meanwhileua.bsky.social/post/3lpcnc7s7jc23,2025-12-20 19:49:26
bluesky,this is fine,everything is fine,at://did:plc:6y3honhec2jch2ryrbuyx5a5/app.bsky.feed.post/3lpcmhtm7ac24,maks23.bsky.social,MAKS 25 👀🇺🇦,"🇺🇦 After the situation in the Oval Office, I called him and asked: ""How are you?"", he replied: ""Everything is fine. We are working. That's it, goodbye."" Of course, it was a difficult emotional challenge for him. But everything is fine. He is resilient, — Olena Zelenska",,https://cdn.bsky.app/img/feed_fullsize/plain/did:plc:6y3honhec2jch2ryrbuyx5a5/bafkreian36omgr2wmff5etsat2ktdjccxhrn6h2sgr2bpkglwbqee3osnu@jpeg,358,31,13,2025-05-16T18:04:04.801Z,2025-05-16T18:04:07.750Z,https://bsky.app/profile/maks23.bsky.social/post/3lpcmhtm7ac24,2025-12-20 19:49:26
bluesky,this is fine,everything is fine,at://did:plc:w6h6dprbvdrbaidpnbjhj7yi/app.bsky.feed.post/3lpcfepne2a2p,askaubry.com,AskAubry 🦝 🐆,Noticed he threatened to take the infant to the mum's and not the six year old? It's because it was a choice to punish her for complaining. ,"r/AmltheAsshole

u/AdvantageLarge9045. 7h

AITAH Husband wants to go to bbq despite us having a screaming 6 week old

Gave birth six weeks ago and it's been rough. Recovering from emergency c section, plus they think I may have a liver pancreas issue as I keep being unwell plus my mental health took a dive let alone newborn care!",https://cdn.bsky.app/img/feed_fullsize/plain/did:plc:w6h6dprbvdrbaidpnbjhj7yi/bafkreidg77p25zwhs3fdi7qwmdatwvfmfwxnj2fuhaeqvlr6u4qfrkkcwu@jpeg,216,15,27,2025-05-16T15:57:02.000Z,2025-05-16T15:57:05.452Z,https://bsky.app/profile/askaubry.com/post/3lpcfepne2a2p,2025-12-20 19:49:26
bluesky,this is fine,everything is fine,at://did:plc:tvtdccz5zsn6xb7hdhd3cbk3/app.bsky.feed.post/3lq6h2hbisc2j,lazylittledragon.bsky.social,local bog witch,"some worldbuilding for the Everything Is Normal And Fine AU

#arcane #jayvik",,https://cdn.bsky.app/img/feed_fullsize/plain/did:plc:tvtdccz5zsn6xb7hdhd3cbk3/bafkreift6ms2huhvwa5an6v3ky7y2jeq65vlajoaou5j47mexrcsrdpa44@jpeg,389,32,1,2025-05-27T19:41:39.623Z,2025-05-27T19:29:18.745Z,https://bsky.app/profile/lazylittledragon.bsky.social/post/3lq6h2hbisc2j,2025-12-20 19:49:37
bluesky,this is fine,everything is fine,at://did:plc:ks6v6tj5prozubfi6qnzcbz6/app.bsky.feed.post/3lqsypvemvc2g,shelbykstewart.bsky.social,Shelby Kent-Stewart,"Who didn't see this coming?

We're fine. Everything is fine. Just fine.",,https://cdn.bsky.app/img/feed_fullsize/plain/did:plc:ks6v6tj5prozubfi6qnzcbz6/bafkreiezt7aewxy4zbveui3hgbeb5nbnxy7od7dv5ulfz6dli3cxihwecm@jpeg,146,46,13,2025-06-04T23:51:07.440Z,2025-06-04T23:51:10.451Z,https://bsky.app/profile/shelbykstewart.bsky.social/post/3lqsypvemvc2g,2025-12-20 19:50:06
bluesky,this is fine,everything is fine,at://did:plc:hktoouk5q7mce3npbt6czsnr/app.bsky.feed.post/3lr4wgzvz3s2x,marietteg.bsky.social,Mariette 🇧🇪 💙 Liège,"Since #bloomscrolling exists, I feel better. And a better mind makes a better health and a better life. One day at a time, everything is going to be fine 😊🍀🐕💕.
Thank you all, good night. Tomorrow, same place  🙏🏻😎",,https://cdn.bsky.app/img/feed_fullsize/plain/did:plc:hktoouk5q7mce3npbt6czsnr/bafkreifwxjjbcwuc7rz6rd6te2jwur34q4mtxipqrvriujdijvwcypx5ka@jpeg,105,14,1,2025-06-08T22:37:00.029Z,2025-06-08T22:37:04.155Z,https://bsky.app/profile/marietteg.bsky.social/post/3lr4wgzvz3s2x,2025-12-20 19:50:33
bluesky,this is fine,everything is fine,at://did:plc:6jz7aniyrqjdpopmvh5ecofc/app.bsky.feed.post/3lqzqen4z4k2u,tarte.bsky.social,mielly,im so glad theyre alright and everything is fine and theyre watching videos together yay,,https://cdn.bsky.app/img/feed_fullsize/plain/did:plc:6jz7aniyrqjdpopmvh5ecofc/bafkreiavyoaid7yh55wolzgppus4d6ksxzzhhriodxvxnquuc4huyhtc5m@jpeg,436,91,3,2025-06-07T16:10:17.936Z,2025-06-07T16:10:22.146Z,https://bsky.app/profile/tarte.bsky.social/post/3lqzqen4z4k2u,2025-12-20 19:50:38
bluesky,this is fine,everything is fine,at://did:plc:q77xcs6juusnnpoinaiysg3y/app.bsky.feed.post/3lqvcrsna6c2k,theherdhouse.bsky.social,The Herd House,"LBGC logs on …
Everything is fine …","Lucille Ball, the grievance Chihuahua, wrapped in a T-shirt with a crazy eyed looking cat that says I’m fine. She matches. She’s fine. Everything is fine.",https://cdn.bsky.app/img/feed_fullsize/plain/did:plc:q77xcs6juusnnpoinaiysg3y/bafkreihsmo77gryu3ga2xnwwyaoyilceoysipqqoxbcuyf35cc5t4h4hey@jpeg,114,5,5,2025-06-05T21:56:28.574Z,2025-06-05T21:56:31.444Z,https://bsky.app/profile/theherdhouse.bsky.social/post/3lqvcrsna6c2k,2025-12-20 19:50:44
bluesky,this is fine,everything is fine,at://did:plc:2foj7agrpwnwgqu2ivc5qywn/app.bsky.feed.post/3lseud73bt22j,progesteronipizza.bsky.social,"Claire, Boob Haver","know the difference, your support means everything","what people think support sounds like
50% you'll be fine
50% don't worry, it's not a big deal

what support actually sounds like
12.5% you have such a fat ass
12.5% your memes are hot as fuck
12.5% you're a dumb little slut
12.5% you're such a cutie
12.5% you're a good girl
12.5% you're so fuckable
12.5% your music is so fucking good
12.5% don't worry i will rail you so hard",https://cdn.bsky.app/img/feed_fullsize/plain/did:plc:2foj7agrpwnwgqu2ivc5qywn/bafkreibml3kb2apy3n4co2tdpptuytd6p7hf3xtobmavqx57alvlusoreq@jpeg,259,55,12,2025-06-24T19:45:33.321Z,2025-06-24T19:45:35.437Z,https://bsky.app/profile/progesteronipizza.bsky.social/post/3lseud73bt22j,2025-12-20 19:51:12
bluesky,this is fine,everything is fine,at://did:plc:7irtjex5x3pmyh7q6ijrmogo/app.bsky.feed.post/3lscndlokmc2a,stephwilliams.bsky.social,Stephanie Williams,pretty much 🧍🏾‍♀️,Everything’s fine doggo meme but everything is on fire and you have a book coming out. ,https://cdn.bsky.app/img/feed_fullsize/plain/did:plc:7irtjex5x3pmyh7q6ijrmogo/bafkreiflpuwvst6nisb4chd2ghjc4ktx4aki22sssypbpfu52ngrlpnrwm@jpeg,165,15,4,2025-06-23T22:35:10.904Z,2025-06-23T22:35:12.847Z,https://bsky.app/profile/stephwilliams.bsky.social/post/3lscndlokmc2a,2025-12-20 19:51:15
bluesky,this is fine,everything is fine,at://did:plc:kyvkxl7gsxor2oj3gjfnv4ns/app.bsky.feed.post/3lscixb67fs2o,oksii33.ukr.monster,Oksii ✚ 🇺🇦,"„Everything is fine“ in Ukrainian:

„My brother studies here and is moving up to the 11th grade. Right now, he’s in the hospital. He’s fine. He has a broken rib, a stitched head, and a knee injury. He was outside when something collapsed on him. He was digging himself out.“",,https://cdn.bsky.app/img/feed_fullsize/plain/did:plc:kyvkxl7gsxor2oj3gjfnv4ns/bafkreiebkzwz25mmtzceeg4tvptdkxc2eq5yvr52qravq4dk5m4kvjcwqu@jpeg,110,31,2,2025-06-23T21:16:42.265Z,2025-06-23T21:16:45.036Z,https://bsky.app/profile/oksii33.ukr.monster/post/3lscixb67fs2o,2025-12-20 19:51:16
bluesky,this is fine,everything is fine,at://did:plc:w6h6dprbvdrbaidpnbjhj7yi/app.bsky.feed.post/3lscbghjwle22,askaubry.com,AskAubry 🦝 🐆,Nice Guy™ strikes again ,"You're so pathetic. Just a little beta suck-up to those foids. What's the point? You'll still be a hopeless, lonely virgin forever. Once they milk you for all you're worth, they'll turn on you, they always do.

At least I know what I am. I'm an ugly bastard with no hope of ever getting laid. I'll never become a father, it's impossible. I'm a sub 3 at best. All they do is laugh at me. I'm short, and I get that, it can't be helped.

But can you really blame people like me for being so mad? I've done everything right, and I still can't get a simple one night stand, never mind a girlfriend.

And don't tell me it's all about my personality. I'm fine, I'm a nice guy, and I'm smart. But I still can't get a girlfriend. Those sluts are too busy f cking their Chads to even notice my 5'8"" ugly

ass.

I focking hate them... but I can understand women, they're built like that.

You, however, you're a man. At least, from everything I understand.

So why do you and others like you, support a system t",https://cdn.bsky.app/img/feed_fullsize/plain/did:plc:w6h6dprbvdrbaidpnbjhj7yi/bafkreifvyfbz23vaucl375qw7bt4m5bnyx2fmdcmw6uwv6no2uctz5wwdm@jpeg,316,13,55,2025-06-23T19:02:02.000Z,2025-06-23T19:02:05.259Z,https://bsky.app/profile/askaubry.com/post/3lscbghjwle22,2025-12-20 19:51:16
bluesky,this is fine,everything is fine,at://did:plc:4nbeljmaixebvbovznrskgbt/app.bsky.feed.post/3lsbmzq7lvs24,marceline2174.bsky.social,👩‍🚀Marceline💀⚔️,Your soul is haunting me and telling me that everything is fine but I wish I was dead,,https://cdn.bsky.app/img/feed_fullsize/plain/did:plc:4nbeljmaixebvbovznrskgbt/bafkreig3dwn5j2stp4eh2abneeuk4fxqvo2jyf26qmevfgtoxt3sidwy4q@jpeg,688,224,3,2025-06-23T12:57:00.362Z,2025-06-23T12:57:06.840Z,https://bsky.app/profile/marceline2174.bsky.social/post/3lsbmzq7lvs24,2025-12-20 19:51:18
bluesky,this is fine,everything is fine,at://did:plc:brwww2is5xf7ufyjij2eecp7/app.bsky.feed.post/3lsa33a7ik224,lorennacleary.bsky.social,LorennaCleary.bsky.social,This is fine. Everything is fine.,,https://cdn.bsky.app/img/feed_fullsize/plain/did:plc:brwww2is5xf7ufyjij2eecp7/bafkreia6hdvovhrdwim4cvp7rutrvdbnzhs5rxyqxylvwsfjr3vsj7snje@jpeg,165,29,7,2025-06-22T22:03:03.603Z,2025-06-22T22:03:06.952Z,https://bsky.app/profile/lorennacleary.bsky.social/post/3lsa33a7ik224,2025-12-20 19:51:20
bluesky,this is fine,everything is fine,at://did:plc:flfa7b6kgjqp3bbh223tmpjk/app.bsky.feed.post/3ls7yeumsf22b,wajali.bsky.social,Wajahat Ali,"So now the US is into regime change and full-scale war with Iran on behalf of Israel. 

Apparently, there will be no blowback and everything will be fine.

America First, y'all.",,https://cdn.bsky.app/img/feed_fullsize/plain/did:plc:flfa7b6kgjqp3bbh223tmpjk/bafkreifszh6o7mswaeihc3yxbx6ykmvt4a3gpqjdmmbusgii26w57ju6qy@jpeg,527,97,51,2025-06-22T21:14:45.773Z,2025-06-22T21:14:48.235Z,https://bsky.app/profile/wajali.bsky.social/post/3ls7yeumsf22b,2025-12-20 19:51:20
bluesky,this is fine,everything is fine,at://did:plc:jvhw6v6rt4motcndq4gh5qo7/app.bsky.feed.post/3ls7apf3cic2l,jeffvandermeer.bsky.social,Jeff VanderMeer,"Around the yard in Tallahassee... seven years into the rewilding, it does just fine on its own.","green anole gives me the side eye; these amazingly adaptive native lizards have totally displaced invasive geckos and brown anoles, with a little help from me in how we have no light pollution at night (makes it tough for the geckos to catch moths).",https://cdn.bsky.app/img/feed_fullsize/plain/did:plc:jvhw6v6rt4motcndq4gh5qo7/bafkreig22pr54oawhmcw57jkjfq4esslwxb77myngl5mwkaxswuzvue734@jpeg,166,9,3,2025-06-22T14:11:08.758Z,2025-06-22T14:11:13.040Z,https://bsky.app/profile/jeffvandermeer.bsky.social/post/3ls7apf3cic2l,2025-12-20 19:51:22
bluesky,this is fine,everything is fine,at://did:plc:w6h6dprbvdrbaidpnbjhj7yi/app.bsky.feed.post/3ls5526djfi2a,askaubry.com,AskAubry 🦝 🐆,"He says she OWES him. 

Cue the male loneliness epidemic ","fishfart227 OP 4d

A little backstory. This guy that was in one of my car groups sends me a friend request. I accept and we exchange two or three messages and then this..... I saw my phone explode while I was driving so I'm like, nah fuck this guy, and don't open fb until the next day to block his ass and I found all this. Iol

Guilty_Chocolate7015 4d

276

WAIT so by ""talking"" he literally meant talking not talking as in early-stage dating.

204

Theo

1

Yeah. Well I can't text while

I drive.

No I meant that I hope to not disturb you on work in a few hours!

Could I get maybe a photo from you from now ?:) (pls say If I'm too corny or you feel bad)

SAT 1:57 PM

fishfart227 OP 4d

yeah. not even phone call. Just two or three texts... Literally, Hello... Where do you live (cause the group has members from all over the world) and some other small talk like that. LOL

Theo unsent a message

SAT 6:41 PM",https://cdn.bsky.app/img/feed_fullsize/plain/did:plc:w6h6dprbvdrbaidpnbjhj7yi/bafkreiaoesyobk7e624g6hd56stleexsucwdljtnmyzbfxurp65rmryzpy@jpeg,250,8,37,2025-06-21T18:00:15.000Z,2025-06-21T18:00:17.139Z,https://bsky.app/profile/askaubry.com/post/3ls5526djfi2a,2025-12-20 19:51:25
bluesky,this is fine,everything is fine,at://did:plc:sm25l6eyr6ii3rjzvc4mzo2m/app.bsky.feed.post/3ls3kcl7drk2x,ladambell.bsky.social,"Adam, Holly Jolly Jinglehorse",Thought of this while listening to the latest round of Xbox news. Please enjoy,"An article from The Onion that has been edited.

Headline: Point/Counterpoint: Game Pass, The Loss of Exclusives, and Having Consoles Distributed By Multiple Manufacturers Will Destabilize The Entire Xbox Brand And Finally Spell The End For Microsoft's Gaming Business vs. No It Won't.

There's a photo of Dan Videogames from GigaBoots looking somber, then the article continues:

Point: Game Pass, The Loss of Exclusives, and Having Consoles Distributed By Multiple Manufacturers Will Destabilize The Entire Xbox Brand And Finally Spell The End For Microsoft's Gaming Business.

Text following that reads:

Microsoft may think that broadening ""what is an Xbox"" and allowing their few exclusive games appear on their competitors' consoles is...

The text below this is cut off.",https://cdn.bsky.app/img/feed_fullsize/plain/did:plc:sm25l6eyr6ii3rjzvc4mzo2m/bafkreiedee5ekalrabbtlsokzjxkfjo2umd35cgpn3ifs32ct3evi6hsmu@jpeg,111,31,2,2025-06-21T02:52:17.460Z,2025-06-21T02:52:19.839Z,https://bsky.app/profile/ladambell.bsky.social/post/3ls3kcl7drk2x,2025-12-20 19:51:27
bluesky,this is fine,everything is fine,at://did:plc:jbh65uptwnf7r5d2bciszbdg/app.bsky.feed.post/3ls2yvjm2rs2n,balladofsin.bsky.social,BalladOfSin - wishlist GIMMIKO!,Doppelganger...? アミーカス,"Pink and blue cartoon panda girl!
That's all.

That's it.

That's all there is.

Nothing more.

It's all okay.

It's all alright.

It's not that complicated.

It's just a cartoon character.

There's nothing wrong.

It's fine.

Everything's fine.

Everything's all fine.

I'm not afraid.
There's nothing to be afraid of.
There's nothing wrong with them.
It's okay.

It's okay.

Everything is going to be okay.

Okay.

Okay.

Okay.

I am breathing normally.

It's not starring at me.
Not again.
It's not there, I'm not looking at it.
It's just her, Amicus.",https://cdn.bsky.app/img/feed_fullsize/plain/did:plc:jbh65uptwnf7r5d2bciszbdg/bafkreih2tn7x7luqdy3pwemah4c2yupaxfrunr6k5nr2g3asbkc3ms3h5m@jpeg,487,108,3,2025-06-20T21:40:45.958Z,2025-06-20T21:40:50.035Z,https://bsky.app/profile/balladofsin.bsky.social/post/3ls2yvjm2rs2n,2025-12-20 19:51:27
bluesky,this is fine,everything is fine,at://did:plc:w6h6dprbvdrbaidpnbjhj7yi/app.bsky.feed.post/3ls2gqv6g5d22,askaubry.com,AskAubry 🦝 🐆,I know plenty of single women with a children with diabetes that manage just fine. ,"r/AITAH

u/Agirlincrisis. 19h

AlTA- Leaving my husband during a life changing event

Advice Needed

I (29F) have been with my husband (30M) for 10 years, married for 8. We have two daughters (7 & 4). He's cheated multiple times-always denying or minimizing, even when I had proof. I've forgiven him more times than I can count and slowly lost myself in the process. I handle everything-house, kids, finances-and suffer from anxiety, so I often avoid conflict and let things slide.",https://cdn.bsky.app/img/feed_fullsize/plain/did:plc:w6h6dprbvdrbaidpnbjhj7yi/bafkreidpimfohdwu7oqnesazokca2zeaymbaqzlnk73otlflmc4eh2pkii@jpeg,225,12,29,2025-06-20T16:16:02.000Z,2025-06-20T16:16:05.246Z,https://bsky.app/profile/askaubry.com/post/3ls2gqv6g5d22,2025-12-20 19:51:28
bluesky,this is fine,everything is fine,at://did:plc:mrl3p6ed5pswq22lv4crnqzl/app.bsky.feed.post/3lsz2k27j4s2e,runwithskizzers.bsky.social,Preeti Chhibber,everything is terrible so i'm buying a pack of my favorite pens in every color i can,"a 12 pack of Pilot's Precise V5 pens with an extra fine line. The colors are yellow, green, darker green, teal, blue, red, black, orange, pink, purple, maroon, and dark blue",https://cdn.bsky.app/img/feed_fullsize/plain/did:plc:mrl3p6ed5pswq22lv4crnqzl/bafkreidtvizuqph7dlmfcthb7gk6ctrxn6oa5fvpw32upstmu3bkdnatmu@jpeg,142,2,7,2025-07-02T20:30:00.358Z,2025-07-02T20:30:05.847Z,https://bsky.app/profile/runwithskizzers.bsky.social/post/3lsz2k27j4s2e,2025-12-20 19:51:37
bluesky,this is fine,everything is fine,at://did:plc:qath4t2k25plk4rsa6crvxa2/app.bsky.feed.post/3lswdfsr3nk2k,samwisegamzee.bsky.social,Samwise,"me about to drop a brick on my head because i am depressed vs me after realizing that love is the answer and everything is going to turn out fine

#dndoc #art","Digital art of my dnd oc Vynn, he is a drow elf with dark blue skin and long white hair and sunglasses. First panel he is holding a brick above his head. Second panel he is doing heart hands to the viewer with the brick on the ground.",https://cdn.bsky.app/img/feed_fullsize/plain/did:plc:qath4t2k25plk4rsa6crvxa2/bafkreifqamj3x6kexxhcwibjswaxxwefpyyltpl6z3vvn5stwiyid2l2lu@jpeg,132,22,3,2025-07-01T18:30:42.776Z,2025-07-01T18:30:45.039Z,https://bsky.app/profile/samwisegamzee.bsky.social/post/3lswdfsr3nk2k,2025-12-20 19:51:42
bluesky,this is fine,everything is fine,at://did:plc:4hv3255d5vjgfjvzeab7zg2e/app.bsky.feed.post/3lsteuyihmk2c,stupidtwink.bsky.social,Stupid Twink,there is no reason to live or die and it makes me so happy that i could explode and take us both and everything would still be fine,sometimes i hold this gray thing in my arms and wonder if it smells like laundry detergent or if it smells like you and maybe those are the same thing sometimes cus people smell like their clothes sometimes but id still like to know which but right now its more comforting to not know so i havent asked your mom,https://cdn.bsky.app/img/feed_fullsize/plain/did:plc:4hv3255d5vjgfjvzeab7zg2e/bafkreicpexgtxffchmw7qnzua5fs3tjjihioz4josodwasdgye27cfqt6q@jpeg,160,2,1,2025-06-30T14:19:06.636Z,2025-06-30T14:19:07.842Z,https://bsky.app/profile/stupidtwink.bsky.social/post/3lsteuyihmk2c,2025-12-20 19:51:46
bluesky,this is fine,everything is fine,at://did:plc:wyxsygctx77pinzsmostv6fr/app.bsky.feed.post/3lsrbqhm3ks2f,mari-ka-crea.bsky.social,Marie 🌼,"Blue Dream 
Pages 6 - 12 / 35

#arcane #jayvik #bluedreamcomic","A cat sleeping on a massage bed. 
Viktor is standing. He’s wearing his fluffy robe and leaning on his cane. We see parts of his legs. His right leg has a long scar around the knee.
There are a wheeled stool and a little trail with bottles and towels on it. 
J : You can lie on the table. Tell me if it’s too high, I can lower it more. 
V : It’s fine thank you
",https://cdn.bsky.app/img/feed_fullsize/plain/did:plc:wyxsygctx77pinzsmostv6fr/bafkreidgd3h52nd3umkqda6pbapsh7c3ojr2xbejwgixd4tgcxpie3ixcy@jpeg,101,8,2,2025-06-29T18:17:33.997Z,2025-06-29T18:17:47.642Z,https://bsky.app/profile/mari-ka-crea.bsky.social/post/3lsrbqhm3ks2f,2025-12-20 19:51:49
bluesky,this is fine,everything is fine,at://did:plc:lb7jeizjwxjcn3bvkohqxkba/app.bsky.feed.post/3lsqpp5eyzk2f,climatecasino.net,Prof. Eliot Jacobson,"Everything is fine.

And as of June 28, Arctic sea-ice extent continues to be at a record low for the day.",,https://cdn.bsky.app/img/feed_fullsize/plain/did:plc:lb7jeizjwxjcn3bvkohqxkba/bafkreihvdur5ms3dxm37kik2q7cfbf6o2xfw2472lnhawz3mk3jimi46qi@jpeg,136,41,10,2025-06-29T12:54:42.388Z,2025-06-29T12:54:45.840Z,https://bsky.app/profile/climatecasino.net/post/3lsqpp5eyzk2f,2025-12-20 19:51:51
bluesky,this is fine,everything is fine,at://did:plc:kzoztv3nx6jhihtka4kwbeil/app.bsky.feed.post/3lsq7v7qrgk2n,wwxwashere.bsky.social,,EVERYTHING IS FINE,,https://cdn.bsky.app/img/feed_fullsize/plain/did:plc:kzoztv3nx6jhihtka4kwbeil/bafkreih74cowu3ddtiplnb3xtsokzt6dsypd7bj74ttobfzpjbvyj5k5ei@jpeg,159,42,1,2025-06-29T08:11:46.329Z,2025-06-29T08:11:49.137Z,https://bsky.app/profile/wwxwashere.bsky.social/post/3lsq7v7qrgk2n,2025-12-20 19:51:51
bluesky,this is fine,everything is fine,at://did:plc:pwh4hsbjda4v7n2lahmovgul/app.bsky.feed.post/3lsp45m42322w,ator.bsky.social,Blaidd’s Trophy Wife,"(to the tune of a sign on a car with a dog locked in)

everything is fine

the fan is turned on 

they got their favorite game on",,https://cdn.bsky.app/img/feed_fullsize/plain/did:plc:pwh4hsbjda4v7n2lahmovgul/bafkreie7644tzliempdondzrpmfkorh7pubscdj6nb3mtj7ncvnu4ux6xm@jpeg,102,11,4,2025-06-28T21:32:12.990Z,2025-06-28T21:32:23.740Z,https://bsky.app/profile/ator.bsky.social/post/3lsp45m42322w,2025-12-20 19:51:52
bluesky,this is fine,everything is fine,at://did:plc:hfrtjnhcfzvyrht2atilf3yw/app.bsky.feed.post/3lsoclq55cc2q,lowrhoufo.bsky.social,LOWρUFO 🇺🇦🇵🇸🇻🇪,"This video is fascinating because it's 48 seconds long, claims that everything is actually fine and then right at the very end there's machine gun fire and they posted it anyway",,https://cdn.bsky.app/img/feed_fullsize/plain/did:plc:hfrtjnhcfzvyrht2atilf3yw/bafkreigswrrh6vndgi2zizkpj2vggc5zfvth6jccvfce4exiefcidt2rvy@jpeg,188,40,8,2025-06-28T13:54:49.709Z,2025-06-28T13:54:56.344Z,https://bsky.app/profile/lowrhoufo.bsky.social/post/3lsoclq55cc2q,2025-12-20 19:51:54
bluesky,this is fine,everything is fine,at://did:plc:ha25qtaiklrx2qhqzgic7r5n/app.bsky.feed.post/3lslw7ajzgk2w,jetsamjunk.bsky.social,CosmicSpeck,Part 12~😘,"Al presses into him as they continue to make out, Lucifer thinking to himself ""He feels...so good- and it's been so long since someone's kissed me like this.""",https://cdn.bsky.app/img/feed_fullsize/plain/did:plc:ha25qtaiklrx2qhqzgic7r5n/bafkreigsse6zzf7ipa7hfa43gyk4rrwwhoglbcbb2f5q4wmlo4jvze7gpe@jpeg,365,64,16,2025-06-27T15:07:46.325Z,2025-06-27T15:07:52.338Z,https://bsky.app/profile/jetsamjunk.bsky.social/post/3lslw7ajzgk2w,2025-12-20 19:51:58
bluesky,this is fine,everything is fine,at://did:plc:3b6jld4vs44frkqmvv3q4lgj/app.bsky.feed.post/3lthtkmtve227,lycanretweet.bsky.social,🔞 Ceo Of Bodybuilder AU's,"Well thanks to a friend who's been streaming Date Everything, meet my boyfriend #Tony. I'm very normal about him, you see.

It's that native New York rizz, I tell ya. You already know this isn't gonna be the only sketch I'm making lmao

#Dateeverything #Sketch #Badabing","A sketch of Tony from Date Everything in a tank top that's so tight you can see literally every fucking crevice of his pecs and upper torso. He has literally been my fine shyt. I would never expect myself to be into the construction worker the way I'm born into a construction worker family but like, hey, shit happens. Opposites attract.

Anyway you all already know I'm going to get him with posers and body hair up the wazoo this is just to get my practice down 💜",https://cdn.bsky.app/img/feed_fullsize/plain/did:plc:3b6jld4vs44frkqmvv3q4lgj/bafkreicruka5niq7n23gdr7s7r7tdbkxl7uevu37pv6a5cgplserodixv4@jpeg,207,49,5,2025-07-08T17:34:59.753Z,2025-07-08T17:35:05.863Z,https://bsky.app/profile/lycanretweet.bsky.social/post/3lthtkmtve227,2025-12-20 19:52:11
bluesky,this is fine,everything is fine,at://did:plc:7vdhcmk4sezrl26vave55aw3/app.bsky.feed.post/3ltgtbemkts26,ontyk.bsky.social,ontyk 🏳️‍⚧️ | comms open,"finished <3 PIECEFULL UNIVERSE JAYVIK!!! EVERYTHING IS FINE!!!! THEY LIVE TOGETHER AND ARE HAPPY and they have elevator in their apartment so its accesible for both of them 
#jayvik",,https://cdn.bsky.app/img/feed_fullsize/plain/did:plc:7vdhcmk4sezrl26vave55aw3/bafkreiblf6qtdwzshffmaa67davvi2lk5tfhkpwrjrbbudys4xuca5sw24@jpeg,291,45,3,2025-07-08T07:57:09.331Z,2025-07-08T07:57:12.636Z,https://bsky.app/profile/ontyk.bsky.social/post/3ltgtbemkts26,2025-12-20 19:52:12
bluesky,this is fine,everything is fine,at://did:plc:dfthtwdqs2m6guoo7qq6o7rw/app.bsky.feed.post/3ltccxa7qxk22,saint-vagrant.bsky.social,joe dáire,"a few pages from my new story, BOY SKIN.","A page of black and white comic panels from my story, BOY SKIN. Dan is outside in the back of the bar, lost in memory, when Val approaches him.

“Hey… Everything okay?”

Dan’s vision returns. He barely lifts his head.

“Uh, yeah,” he says, low and soft. He clears his throat then and looks in the other direction, which only gives the other person a clearer view of his bereft expression.
“Are you waiting for someone?” 

Dan’s jaw hangs open, unsure how to answer. The wind blows through him. Across from them, in dusky pink light from the streetlamps Lisa has her arm around the back of another woman in a leather jacket, locked in a kiss as they fumble to get in her car.

“No,” says Dan.

The dry sounds of Val's lighter snapping open and crackling to life at the end of her cigarette.

“What’s your name?”",https://cdn.bsky.app/img/feed_fullsize/plain/did:plc:dfthtwdqs2m6guoo7qq6o7rw/bafkreigkuevd7dyrigvyyjao5zzcj5zrvdiv5bipm4opw6gx7wsjkynal4@jpeg,133,38,3,2025-07-06T12:54:30.392Z,2025-07-06T12:54:34.441Z,https://bsky.app/profile/saint-vagrant.bsky.social/post/3ltccxa7qxk22,2025-12-20 19:52:19
bluesky,this is fine,everything is fine,at://did:plc:w6h6dprbvdrbaidpnbjhj7yi/app.bsky.feed.post/3lt3bz6abd22y,askaubry.com,AskAubry 🦝 🐆,DO NOT TAKE HIM BACK! ,"r/TwoHotTakes u/arelham 6h

My fiancé (10 years) dumped me mid-therapy because he ""Googled what a relationship is"" - now he calls it an ""oopsie"" and wants me back. Am I crazy for not buying it? Am I crazy for even considering to get back with him?

Listener Write In

I (30F) was with my ex-fiancé (29M) for 10 years. First love, first sex, first everything. We were engaged. We went through hell together: his severe mental health crises, a drinking problem I helped him get out of, countless breakdowns - and a full-scale war in our country.",https://cdn.bsky.app/img/feed_fullsize/plain/did:plc:w6h6dprbvdrbaidpnbjhj7yi/bafkreihz5eq3f7j4uv2krvbpnbsb6vgxdajr3l5757oyvg4o4b3afdd4qy@jpeg,250,9,40,2025-07-03T17:49:03.000Z,2025-07-03T17:49:05.837Z,https://bsky.app/profile/askaubry.com/post/3lt3bz6abd22y,2025-12-20 19:52:29
bluesky,this is fine,everything is fine,at://did:plc:amuxte7zkptdkoq3zj6vdphu/app.bsky.feed.post/3lt33wsoefb2w,biowareproblems.bsky.social,BioWare Problems,,An image of Commander Shepard at their private email terminal on the Normandy with text which reads 'Hi! I hope this email finds you in another dimension where none of t his is happening and everything is fine'.,https://cdn.bsky.app/img/feed_fullsize/plain/did:plc:amuxte7zkptdkoq3zj6vdphu/bafkreia4gkrqrzr42p63m7ztr6w2rvmsabm6tknsv7vrdswiyveytix5ri@jpeg,120,30,2,2025-07-03T16:00:00.000Z,2025-07-03T16:00:22.538Z,https://bsky.app/profile/biowareproblems.bsky.social/post/3lt33wsoefb2w,2025-12-20 19:52:29
bluesky,this is fine,everything is fine,at://did:plc:shbmtwpzg4kbwb7onmg27khc/app.bsky.feed.post/3ltrmpzxnvk2x,jjindc.bsky.social,JJ in DC,"🇺🇸 A Different Kind of Outrage 😲

Everone at Foggy Bottom knows Dink. The joke is that he joined right after Benjamin Franklin. Most recently, after almost 4 decades of service, he was elected to head AFSA (the union for U.S. diplomats).

He was fired yesterday. 

The disrespect is intentional.","John Dinkelman

Lots to process here folks...

While I suspected that, as the president-elect of the (former) ""collective bargaining unit"" (aka: ""union""), I might be targeted for separation in dreaded DOGE-induced State Department layoffs, it still came as a bit of a surprise that I, along with hundreds of others, received my ""pink slip"" this morning from the Department of State.

But it was the sense of ""here's your notice, clear your things by 5:00 pm, and don't let the door hit you on the way out"" feeling of it all that really took me back. After devoting one's entire professional life to an organization, you'd think there would be a bit more, shall we say, nobility in the process. But alas, 'twas not to be.",https://cdn.bsky.app/img/feed_fullsize/plain/did:plc:shbmtwpzg4kbwb7onmg27khc/bafkreiepktpjmzbf3vk3zgf34fubiwkgm5kc3nkkyyleopbbfagtlkj3zq@jpeg,614,172,24,2025-07-12T14:59:22.445Z,2025-07-12T14:59:27.140Z,https://bsky.app/profile/jjindc.bsky.social/post/3ltrmpzxnvk2x,2025-12-20 19:52:49
bluesky,this is fine,everything is fine,at://did:plc:td4mnlpthftwg3sevrodjyql/app.bsky.feed.post/3ltpzljhmlf2z,richtaur.bsky.social,Matt Hackett,my response to every situation,[that dog who is on fire but everything is fine] I should make a spreadsheet to manage this.,https://cdn.bsky.app/img/feed_fullsize/plain/did:plc:td4mnlpthftwg3sevrodjyql/bafkreih4rxgbj7w7uqv3grjsn6goxif3hb6qpkzdxineabkbck4bfmxcue@jpeg,260,63,1,2025-07-11T23:44:10.128Z,2025-07-11T23:44:11.138Z,https://bsky.app/profile/richtaur.bsky.social/post/3ltpzljhmlf2z,2025-12-20 19:52:50
bluesky,this is fine,everything is fine,at://did:plc:jyzml6ewpstbxc3loipk4iai/app.bsky.feed.post/3ltpd4tbjpk23,rafiscapture.bsky.social,Rafi's Capture 📸,"Landing like a pro! This Pheasant-tailed Jacana makes floating across lily pads look effortless. Snapped with the Nikon D7500 + 200-500mm lens—because timing is everything in the wild. 🕊️💦
#PheasantTailedJacana #BirdInFlight #WetlandGrace #NikonWildlife #NatureInFocus #BirdPhotography","A Pheasant-tailed Jacana in mid-air above a pond with lily pads, wings outstretched in full flight. Captured using a Nikon D7500 with a 200-500mm lens, showcasing fine detail and vibrant colors.",https://cdn.bsky.app/img/feed_fullsize/plain/did:plc:jyzml6ewpstbxc3loipk4iai/bafkreicdy5rpbj6mcsqptrosyl2evb4ehrsomay2ee4jgvj6lvpauj5aeu@jpeg,187,23,5,2025-07-11T17:02:14.757Z,2025-07-11T17:03:55.543Z,https://bsky.app/profile/rafiscapture.bsky.social/post/3ltpd4tbjpk23,2025-12-20 19:52:52
bluesky,this is fine,everything is fine,at://did:plc:mbasukia6ihhq5o3tu47a4uo/app.bsky.feed.post/3ltpakumbcs2d,pseudonymjones.bsky.social,pseudonym jones,"the table and the extraneous thing 

(redraw of a comic from 6/20/2016)","a comic. narration is presented in yellow text: “once I assembled a table. When I finished, there was a leftover thing. Ostensibly, it had a purpose. But everything was fine without it. So I decided it was extraneous, and threw it away.” The images each show a hand coming in from off panel, and acting out the narration: assembling a table and finding an oddly-shaped piece. The images diverge from the narration in the last two panels — instead of throwing the thing away, the hands are shown threading it onto a string and wearing it as a necklace.",https://cdn.bsky.app/img/feed_fullsize/plain/did:plc:mbasukia6ihhq5o3tu47a4uo/bafkreihyq5mpkvptsfaw5efovl5cvkkx3vpyvhxunbsl4ugmnjhuih5kbq@jpeg,923,147,5,2025-07-11T16:16:24.730Z,2025-07-11T16:16:28.840Z,https://bsky.app/profile/pseudonymjones.bsky.social/post/3ltpakumbcs2d,2025-12-20 19:52:52
bluesky,this is fine,everything is fine,at://did:plc:mbasukia6ihhq5o3tu47a4uo/app.bsky.feed.post/3ltlmbdkluc2o,pseudonymjones.bsky.social,pseudonym jones,the table and the extraneous thing (originally posted 6/20/2016),"a comic. narration is presented in yellow text: “once I assembled a table. When I finished, there was a leftover thing. Ostensibly, it had a purpose. But everything was fine without it. So I decided it was extraneous, and threw it away.” The images each show a hand coming in from off panel, and acting out the narration: assembling a table and finding an oddly-shaped piece. The images diverge from the narration in the last two panels — instead of throwing the thing away, the hands are shown threading it onto a string and wearing it as a necklace. ",https://cdn.bsky.app/img/feed_fullsize/plain/did:plc:mbasukia6ihhq5o3tu47a4uo/bafkreig2oxa3o6aok74uhqt4zzpkjkvm5hjbrwcmgqvbjzoi6hbdfc6xxi@jpeg,690,89,4,2025-07-10T05:35:10.805Z,2025-07-10T05:35:13.137Z,https://bsky.app/profile/pseudonymjones.bsky.social/post/3ltlmbdkluc2o,2025-12-20 19:52:58
bluesky,this is fine,everything is fine,at://did:plc:2cwsxhfmiszqsg3ijy36w2to/app.bsky.feed.post/3lv6p2cfoyc2p,asifcherbear.bsky.social,“As if!” -Cher,"Cher and I got charged by an off leash dog this morning and I’m exasperated that Cher was totally down to duke it out with this big dog while I’m wresting to get her behind me. Corgis really do think they’re a lot tougher than they are lol. 

Everything is fine though, no bites. 

#corgi #corgicrew",,https://cdn.bsky.app/img/feed_fullsize/plain/did:plc:2cwsxhfmiszqsg3ijy36w2to/bafkreifilmnfkkawozc7bcjbe2gmvrkwjdeah43fdktlxbbqd2n5e3wjjq@jpeg,128,3,15,2025-07-30T13:10:42.593Z,2025-07-30T13:10:48.406Z,https://bsky.app/profile/asifcherbear.bsky.social/post/3lv6p2cfoyc2p,2025-12-20 19:53:13
bluesky,this is fine,everything is fine,at://did:plc:gwrap3qszbeaavnarseay42j/app.bsky.feed.post/3lv44wazces25,chipflake.com,Aari 🔜 HMiA 🇳🇱,,"rough digital illustration based on the original comic from Gunshow by K.C. Green, an anthropomorphic cat is sitting in a living room, smiling. text above reads ""indie game devs in 2025"", speech bubble reads ""this is fine."". everything is on fire.",https://cdn.bsky.app/img/feed_fullsize/plain/did:plc:gwrap3qszbeaavnarseay42j/bafkreien64h32ujuvb6wv6kopr5oppcweywhx6rwx3eomoo24kgwqr2tg4@jpeg,807,85,4,2025-07-29T12:41:00.078Z,2025-07-29T12:41:07.705Z,https://bsky.app/profile/chipflake.com/post/3lv44wazces25,2025-12-20 19:53:17
bluesky,this is fine,everything is fine,at://did:plc:7maphcwcjmpgzyomxumlcxnv/app.bsky.feed.post/3luyakf3rjs2j,joshuablevin.bsky.social,Josh Levin,She really answered the hell out of that question.,"Q. You mentioned that you kind of tried to stay away from your superstition eating at the same place over and over again. Where did you eat out while you were here?

LEYLAH FERNANDEZ: Oh, my. So the first two rounds I tried to eat healthy. I went to an Italian restaurant, Officina. It was so good. I loved their tagliatelle bolognese and then their charcuterie board too there was delicious.

But then afterwards, because I had two days off, I was, like, Okay, I can't be eating Italian for three days in a row now. We're, like, okay. It's fine, let's go to a Mexican restaurant. Luckily one of the Canadian team members that was here with Vickie told me about this great restaurant called Mi Vida. We went there before I think Jess's match. It was very good. Ate some great steak. The guacamole was amazing.

But then after Taylor's match, the physio told me I need to eat a lot of salt. I asked her, Okay, so what should I eat? She suggested anything that has fries is very good.",https://cdn.bsky.app/img/feed_fullsize/plain/did:plc:7maphcwcjmpgzyomxumlcxnv/bafkreibhtxran6pgb777pvzy3257augrldx5oicqj22vqecclhyt4y5jwi@jpeg,123,23,2,2025-07-27T23:35:17.728Z,2025-07-27T23:35:20.706Z,https://bsky.app/profile/joshuablevin.bsky.social/post/3luyakf3rjs2j,2025-12-20 19:53:23
bluesky,this is fine,everything is fine,at://did:plc:stzfzgkgxmvt4jxxo7ofyv4p/app.bsky.feed.post/3luxhioluhc2k,korybing.bsky.social,Kory Bing @ Mall Rats!,It’s the last day of SDCC! I still have some shirts and prints and mugs left!! Come get your cryptid stuff and also say hi! I’m awake and aware and chipper and not at all sleep deprived and insane!,My sdcc booth everything is fine and great and I’m not lying dead in front of my table,https://cdn.bsky.app/img/feed_fullsize/plain/did:plc:stzfzgkgxmvt4jxxo7ofyv4p/bafkreiekrhdeqtexw7gxxropcx3cgbsu5b3mgj527kacu56v6yujusvrui@jpeg,172,13,3,2025-07-27T16:06:57.039Z,2025-07-27T16:07:05.817Z,https://bsky.app/profile/korybing.bsky.social/post/3luxhioluhc2k,2025-12-20 19:53:25
bluesky,this is fine,everything is fine,at://did:plc:zfwpz2wovgrfzvtbmq4gcygj/app.bsky.feed.post/3lux463szc22d,thetysullivan.bsky.social,𝕋𝕪 𝕊𝕦𝕝𝕝𝕚𝕧𝕒𝕟 ☮️💟🕉️,"One day everything is fine. 
☀️
The next day nothing is ever the same. 
⛈️
But the sun will ascend. 
☀️ 
The sun will set. 
🌞 
This life.  
🕰️
This is Sunday Bloody #StunDay

#EastCoastKin
 #PhotographersUnited #PhotographersOfBlueSky #photography  #Sunset #beach",,https://cdn.bsky.app/img/feed_fullsize/plain/did:plc:zfwpz2wovgrfzvtbmq4gcygj/bafkreiauxawfeb3ng5c7o2pxihmvtxo55xfi7a6rl7dd54ybcft3vrihpi@jpeg,173,9,8,2025-07-27T12:44:10.648Z,2025-07-27T12:44:12.944Z,https://bsky.app/profile/thetysullivan.bsky.social/post/3lux463szc22d,2025-12-20 19:53:25
bluesky,this is fine,everything is fine,at://did:plc:fk7ijlcuof2grwloqd2a7leu/app.bsky.feed.post/3luvdik5f3z2f,maxbrockbank.com,Max B 💙 🔶 🇺🇦 🇬🇧 🇪🇺,This 👇,"There is no conspiracy. No cosmic mystery.
 No ""both sides.""
 Every problem on earth makes sense it you
 remember these 3 facts:
 1. We built a society where everything is run
 by money.
 2. Those with the most money can never have
 enough money.
 3. They are totally fine with anything and
 everything bad that might occur as a result
 of pursuing more money, up to and
 including mass death.
 That's it. That's the secret.",https://cdn.bsky.app/img/feed_fullsize/plain/did:plc:fk7ijlcuof2grwloqd2a7leu/bafkreiflm4idviu7v72x3xjk5kfgnxpzixoalokm57xd2dbhn5kjwzbsja@jpeg,397,138,9,2025-07-26T19:49:57.677Z,2025-07-26T19:49:58.701Z,https://bsky.app/profile/maxbrockbank.com/post/3luvdik5f3z2f,2025-12-20 19:53:27
bluesky,this is fine,everything is fine,at://did:plc:ha65xqrfr2377h4qng23xcnz/app.bsky.feed.post/3luuuhw3n5225,mahntruk.bsky.social,Mahntruk,"#Alternating current. The unseen, profitable commodity that keeps us fat and happy. The machine that powers the Machine. The one that tells us everything is fine. 

#BlueskyArtShow #Photography #Newtopographics #Nightphotography #Colorado #Nikon",,https://cdn.bsky.app/img/feed_fullsize/plain/did:plc:ha65xqrfr2377h4qng23xcnz/bafkreid35rde653yuc2gkzvdqpnmgpxdo75sz373geljrjzhaqnvqktrbu@jpeg,173,3,2,2025-07-26T15:21:10.705Z,2025-07-26T15:21:14.704Z,https://bsky.app/profile/mahntruk.bsky.social/post/3luuuhw3n5225,2025-12-20 19:53:28
bluesky,this is fine,everything is fine,at://did:plc:z7symr5kl4watfc7tpluuna7/app.bsky.feed.post/3lwc244cruk2i,dynamoe.bsky.social,💥,everything is fine.,tarot-style art of a woman looking at a cell phone while being stabbed with 10 swords,https://cdn.bsky.app/img/feed_fullsize/plain/did:plc:z7symr5kl4watfc7tpluuna7/bafkreietye5k324m4blba7ol3cikptygikojfsh7w2zojlozhe6kfweu3m@jpeg,399,145,4,2025-08-13T14:31:45.328Z,2025-08-13T14:31:51.409Z,https://bsky.app/profile/dynamoe.bsky.social/post/3lwc244cruk2i,2025-12-20 19:54:14
bluesky,this is fine,everything is fine,at://did:plc:lb7jeizjwxjcn3bvkohqxkba/app.bsky.feed.post/3lwbtvhh6522p,climatecasino.net,Prof. Eliot Jacobson,"Global sea-ice extent is currently second lowest for the date and roughly 2.5 million square kilometers below the 1991-2020 average.

The Climate 8-ball says: Everything is fine!",,https://cdn.bsky.app/img/feed_fullsize/plain/did:plc:lb7jeizjwxjcn3bvkohqxkba/bafkreiayd4q2v7b2bp5icqrr6ds6dhvfkwm6ox37x3tf5rhi7rbioi4hda@jpeg,182,56,9,2025-08-13T12:40:39.670Z,2025-08-13T12:40:44.909Z,https://bsky.app/profile/climatecasino.net/post/3lwbtvhh6522p,2025-12-20 19:54:15
bluesky,this is fine,everything is fine,at://did:plc:6y3honhec2jch2ryrbuyx5a5/app.bsky.feed.post/3lwa7774n6k2l,maks23.bsky.social,MAKS 25 👀🇺🇦,"😳 Russians tried to kill Malyuk with two Iskanders: “But I’m sitting in front of you, alive, healthy, smiling, everything is fine,” – the head of the SBU.

“I’m not worried about this at all, it only motivates me.”",,https://cdn.bsky.app/img/feed_fullsize/plain/did:plc:6y3honhec2jch2ryrbuyx5a5/bafkreidsdfm7nme24hustyxabubs44uddusfawz4hfrzitatmoyulji4am@jpeg,412,50,7,2025-08-12T20:57:38.160Z,2025-08-12T20:57:42.311Z,https://bsky.app/profile/maks23.bsky.social/post/3lwa7774n6k2l,2025-12-20 19:54:16
bluesky,this is fine,everything is fine,at://did:plc:7kbrpoxrxa6cgegxrhdgihhp/app.bsky.feed.post/3lw7mruunjk27,blueheronfarm.bsky.social,Blue Heron Farm,He's very nervous,Dog with a nervous smile being reassured by a human with a nervous smile that everything is fine. ,https://cdn.bsky.app/img/feed_fullsize/plain/did:plc:7kbrpoxrxa6cgegxrhdgihhp/bafkreiexsr4tg4maaxi6jn7iel6drg2dnm63ab7n4p476llv7dfzc6asl4@jpeg,134,3,2,2025-08-12T15:28:03.852Z,2025-08-12T15:28:16.212Z,https://bsky.app/profile/blueheronfarm.bsky.social/post/3lw7mruunjk27,2025-12-20 19:54:18
bluesky,this is fine,everything is fine,at://did:plc:cpxeosk4q7noxh36tgawx7p4/app.bsky.feed.post/3lw7jdr2cyk2k,myrkky.bsky.social,myrkky,"#Griddlehark post-series where everything turns out fine 🤞

#tlt

🔞","The Locked Tomb fanart of Gideon Nav and Harrow Nonagesimus. Harrow is laying down, leaned back on her elbows. Gideon is laying down between her spread legs, eating her out.",https://cdn.bsky.app/img/feed_fullsize/plain/did:plc:cpxeosk4q7noxh36tgawx7p4/bafkreihy5yrlpzjpb6tkfg3nzemhg73kxqbwyptrbwojilqenzyqccg3d4@jpeg,165,25,3,2025-08-12T14:26:28.865Z,2025-08-12T14:26:32.904Z,https://bsky.app/profile/myrkky.bsky.social/post/3lw7jdr2cyk2k,2025-12-20 19:54:18
bluesky,this is fine,everything is fine,at://did:plc:ra7sf5vqxpkkkxcn2oouvpw2/app.bsky.feed.post/3lw5cuwkbz22b,pikaole.bsky.social,pikaole,👍,"Two-panel cartoon

1. An axolotl is sitting on a chair and giving a thumbs up.

crabby crab: What are you doing?
Axolotl kiki: I'm pretending everything is fine.

2. Crab is also sitting on a chair and giving a thumbs up.",https://cdn.bsky.app/img/feed_fullsize/plain/did:plc:ra7sf5vqxpkkkxcn2oouvpw2/bafkreib7uqmxcaucjspfmui3rl2oy6efns47enr4pw7myif5jz3kvco2fu@jpeg,1922,641,7,2025-08-11T17:25:29.383Z,2025-08-11T17:25:32.206Z,https://bsky.app/profile/pikaole.bsky.social/post/3lw5cuwkbz22b,2025-12-20 19:54:22
bluesky,this is fine,everything is fine,at://did:plc:gr63zokwytkg54m2wio4dkzj/app.bsky.feed.post/3lw4v7glstk2d,stevethdemocrat.bsky.social,stevethdemocrat,"It's all a lie! Everything is a lie!
DC is fine!
There was no assassination attempt!
The dogs weren't being eaten!
Ukraine invaded no one! 
Tariffs are ridiculous!
Crypto is unstable!
DOGE was a scam!
And on and on! 
THIS IS AN AUTHORITARIAN PSY-OP!
Make no mistake, WE ARE UNDER SIEGE! 
#resist",,https://cdn.bsky.app/img/feed_fullsize/plain/did:plc:gr63zokwytkg54m2wio4dkzj/bafkreigkrtsn6y6zya4y7e4ctkvd2tpc3q4wyz2djkhdm5chhwr5qfiyte@jpeg,195,98,10,2025-08-11T13:20:49.350Z,2025-08-11T13:20:55.309Z,https://bsky.app/profile/stevethdemocrat.bsky.social/post/3lw4v7glstk2d,2025-12-20 19:54:23
bluesky,this is fine,everything is fine,at://did:plc:xgkr6rl3xvo7kncvva45qgwh/app.bsky.feed.post/3lvypxdju4k2n,badambulist.bsky.social,alyson “end mince pies” greaves,yeah fine for reasons I’m skimming my old homestuck fics from like 2013 and wow I just gotta turn everything into a rant about transmisogyny huh,"When I realized I was a girl that revelation came with no useful instructions attached. No wider cultural narrative beyond, “congratulations, you are now a joke,” a subject on which I have already expanded bitterly and thus will spare my followers further vituperative commentary, except where it becomes relevant.

From film and television I understood that the first things a trans girl must be are beautiful and passable; she must look like a cis girl and she must look stunning. This will allow her to walk invisibly through the world until such time as she is struck down, whether for humor or pathos, because even though her appearance is carefully crafted as required, original sin stains her soul: she is, was, and always will be transgender, and thus happiness is neither possible nor deserved.

I learned two lessons from this:

(1) DO NOT BE TRANSGENDER. You must be someone else. Your feelings are not, cannot be real, because if they are then you have unmade yourself, and sooner or later the world will catch on, and end you.

(2) IF YOU MUST BE TRANSGENDER, BE ASHAMED. Do not aspire to be someone. Cast aside your ambition. Cast aside your friendships. You are a pathetic object and you must behave like one.

These are the lessons I learned from television and film. It was not enough that there were no successful trans women on screen, no role models. There were no *surviving* trans women on screen.

With much help from new friends met online I was able to unthink these lessons, to see that even though our stories are not told by anyone but ourselves we are out there, we are successful and surviving and happy and complete, and we are better off for knowing and understanding ourselves. I found myself a place in these stories and discarded as best I could the need to be beautiful and ashamed. I imagined myself ugly and obvious but still me, still a person proud to have escaped her cage.",https://cdn.bsky.app/img/feed_fullsize/plain/did:plc:xgkr6rl3xvo7kncvva45qgwh/bafkreibznoebv46pzkqa4qw7eeyqrmdv55ovnoqjjtpczod6dkvl3himaq@jpeg,103,8,6,2025-08-09T21:36:10.065Z,2025-08-09T21:36:14.607Z,https://bsky.app/profile/badambulist.bsky.social/post/3lvypxdju4k2n,2025-12-20 19:54:27
bluesky,this is fine,everything is fine,at://did:plc:w6h6dprbvdrbaidpnbjhj7yi/app.bsky.feed.post/3lvwpvvzl3h2p,askaubry.com,AskAubry 🦝 🐆,"This is why abusers want to isolate their victims, so they can't even see reality and no one to check with. ","r/AmlOverreacting

u/Senior_Demand_5021. 1h

AlO Is it dangerous if I stay with my partner? He texted me this after exploding at me earlier today

relationship

We've been together for a few years, and it hasn't always been easy. His new obsession is accusing me of cheating, he's basically never let me have friends, so idk who I can even cheat on him with, I have to be home by 8pm every night and he's locked my phone away before, so idk what else to do to prove to him. I'm scared of how he acts, the pain and marks,but he says he's going to stop, just am starting to think maybe it's not safe anymore, I think the reason I haven't done or said anything yet is because he controls everything, the finances, what I wear, the food, he has the car...like how did my life become like this, I'm so confused and at this point I need clarity, like is he just mad and this is normal? Ever since my mom died, who was the last connection to my family, he's taken more and more and asks for more and more fr",https://cdn.bsky.app/img/feed_fullsize/plain/did:plc:w6h6dprbvdrbaidpnbjhj7yi/bafkreigqtfp74dvg72t4plp4njcvhwqr5qccbskdognhknbn3dq2l35nme@jpeg,387,36,50,2025-08-09T02:30:02.000Z,2025-08-09T02:30:06.911Z,https://bsky.app/profile/askaubry.com/post/3lvwpvvzl3h2p,2025-12-20 19:54:30
bluesky,this is fine,everything is fine,at://did:plc:w6h6dprbvdrbaidpnbjhj7yi/app.bsky.feed.post/3lvvaw3ox5f23,askaubry.com,AskAubry 🦝 🐆,I wonder how many second dates he has had? ,"AITA for leaving a guy mid-date because he brought his MOM?

Okay so I went on this first date with a guy I matched with a couple weeks ago. Let's call him Kevin (not his real name, but it fits the vibe, you'll see why). Everything was going fine before the date...texting was fun, he was sweet, he didn't give off serial killer energy. He suggested this cute cafe downtown and I thought, okay, cool, simple, low-pressure. I show up a few minutes early, order an iced latte because I was already kind of nervous, and wait. Then I see him walk in... with another woman.

At first I thought maybe his sister? Friend? Coworker who randomly needed a ride? NOPE. He walks right up, gives me a hug, and goes, ""This is my mom! I figured she'd love to meet you!"" I laughed because I thought he was joking. Like haha, Kevin's got jokes. But his mom smiled, sat down across from me, and started asking me questions like I was interviewing for the position of Wife Number One.",https://cdn.bsky.app/img/feed_fullsize/plain/did:plc:w6h6dprbvdrbaidpnbjhj7yi/bafkreifies264xuy5uo2idcjwrnqoo6kufpxcuvk2i2j5pqax5fp64pkbe@jpeg,349,27,67,2025-08-08T12:29:02.000Z,2025-08-08T12:29:06.118Z,https://bsky.app/profile/askaubry.com/post/3lvvaw3ox5f23,2025-12-20 19:54:33
bluesky,this is fine,everything is fine,at://did:plc:36eqtmzysqf7wsslczw4uxcd/app.bsky.feed.post/3lvt6ztlfp22c,chrisgeidner.bsky.social,Chris Geidner,"""That's fine for now ..."" in a court order is funny to see. storage.courtlistener.com/recap/gov.us...","REQUEST:

Dear Judge Subramanian:
The Government respectfully submits this letter in response to the Court's order dated
August 1, 2025, directing the Government to explain the need for redactions in its July 31, 2025 letter opposing the defendant's motion for bail (""the July 31 Letter""), given the use of pseudonyms in the unredacted version of the letter. (Dkt. No. 487, 488). For the reasons stated below, the Government submits that the redacted portion of its opposition motion should be filed under seal.

ORDER: 

That's fine for now, but the parties should not expect that any submissions made in connection with the upcoming sentencing will be sealed. Everything should be filed on the public docket absent advance authorization to do otherwise.
SO ORDERED.

Arun Subramanian, U.S.D.J.
Date: August 7, 2025",https://cdn.bsky.app/img/feed_fullsize/plain/did:plc:36eqtmzysqf7wsslczw4uxcd/bafkreiaknysscidrtz3ze2v2cp5vk67zuud5fahhtbk2heyjrbc4q5mkjq@jpeg,211,37,9,2025-08-07T16:50:01.695Z,2025-08-07T16:50:05.224Z,https://bsky.app/profile/chrisgeidner.bsky.social/post/3lvt6ztlfp22c,2025-12-20 19:54:36
bluesky,this is fine,everything is fine,at://did:plc:w6h6dprbvdrbaidpnbjhj7yi/app.bsky.feed.post/3lwpecqztsn23,askaubry.com,AskAubry 🦝 🐆,"I don't think anyone needs to be an equal opportunity dater. 

Just like choosing not to date MAGA, even if they are not all that cultish. ","r/AITAH u/Any_Tone5645. 2h

AlTAH for refusing to go on a date with a woman because of her religion?

I met a woman through some mutual friends about a year ago, and we also became friends. Last week she asked me out on a date, and I said I wasn't interested. At first she accepted my answer, but a couple days later she asked me why I wasn't interested. I felt awkward answering but decided to be honest and said I don't date Christians.

She was a little upset by my answer and asked me if I thought that was discriminatory. I said no. She said she isn't even that religious, and I said fine, but I have my own culture and religion, and Christianity tends to consume everything else. That's just my observation from some interfaith relationships I've seen.

She hasn't spoken to me since then, but I found out yesterday she's been telling our social circle about what happened. Another friend said he thinks it's discrimination too, and that I should give her a chance instead of assuming she'll tr",https://cdn.bsky.app/img/feed_fullsize/plain/did:plc:w6h6dprbvdrbaidpnbjhj7yi/bafkreifuzqjvclobf63i33x5opnb4fxvu6qzi3fyl7i5hi2olzcp6g2are@jpeg,271,11,64,2025-08-18T21:39:01.000Z,2025-08-18T21:39:05.329Z,https://bsky.app/profile/askaubry.com/post/3lwpecqztsn23,2025-12-20 19:54:45
bluesky,this is fine,everything is fine,at://did:plc:qc6xzgctorfsm35w6i3vdebx/app.bsky.feed.post/3lwkvlkra222u,edzitron.com,Ed Zitron,"OpenAI is absolutely fucked. Every time they change something somebody gets mad at them, even the guys who use it to generate Star Trek erotica and draw pictures for their children or whatever","At this point they need to actually pull GPT5. It’s absolute garbage and I can’t trust a single word it says, and the rest is stuck behind guardrails that are too restrictive anyway.

Gone Wild
So I upload 36 page lease for it to read for me to ask questions about. It says it’s read it, then gives wrong answers to everything in it. Because its context window is 4 words long it eventually admits it can’t see the lease anymore and asks me to re-upload. Then the garbage responses continue. I switch to Claude Sonnet 4 who has no problem.

I tell it I’m going to the dermatologist because of a mole on my arm. I send it a photo and ask it what it thinks. The guardrails go crazy, it says it’s not a doctor and gives me some general information about moles. I switch back to 4o who says that my photo doesn’t have the hallmarks of anything cancerous, gives me some options of what could be to talk to my dermatologist about. Cool. (Dermatologist agrees with 4o that I’m fine and for the reasons 4o gave actually).

I give it a lease report that was constructed by an outside contractor, and ask it to reword it into a certain format. It thinks for 8 minutes, and then only mildly adheres to the format I set at best, and some sentences are no longer readable. I switch to Claude Sonnet 4 and it completes the task in minutes exactly as I have set out.

My daughter asks me for Winnie the Pooh as pixel art and in some other artistic ways. It starts generating and then cuts it off, saying that it’s against its content policy. I tried new chats and nothing. Both midjourney and even Gemini understood the assignment and my daughter is happy.

I ask it to help me with a personal creative writing project that I’ve wanted to do for fun now, basically Star Trek fan fiction. I gave it all my ideas and plot points, twists and turns etc.. and not only did it forget all that in 2 prompts, it refused to help on the grounds that a starship gets destroyed and people die in a violent space battle, and Kir…",https://cdn.bsky.app/img/feed_fullsize/plain/did:plc:qc6xzgctorfsm35w6i3vdebx/bafkreigbnswo5d6epveg2po4wcootfgrmnekpaez7dhzxdydkd2mcohiiy@jpeg,962,100,49,2025-08-17T03:04:52.715Z,2025-08-17T03:04:55.706Z,https://bsky.app/profile/edzitron.com/post/3lwkvlkra222u,2025-12-20 19:54:51
bluesky,this is fine,everything is fine,at://did:plc:l27r6m7zwm3iii3ghqw4bfpl/app.bsky.feed.post/3lwkvfj4l322v,rytiger.bsky.social,RyDonk,"Like, bro was my back always this big? Ah well I am sure it is nothing to think too hard on.

As long as my tail is wagging everything is fine.

(Art by the absolute amazing @tacorat.com 10 out of 10)
#Dogust #Furry",big ol bulldog bro back flexing ,https://cdn.bsky.app/img/feed_fullsize/plain/did:plc:l27r6m7zwm3iii3ghqw4bfpl/bafkreiehjf77uzrrxrnnyhkrmxvchws3tlxvoktkgjpkuawgb7qwzu4bh4@jpeg,145,29,5,2025-08-17T03:01:29.665Z,2025-08-17T03:01:36.406Z,https://bsky.app/profile/rytiger.bsky.social/post/3lwkvfj4l322v,2025-12-20 19:54:51
bluesky,this is fine,everything is fine,at://did:plc:f2auwmhef66oqjkgsa6znlly/app.bsky.feed.post/3lwhsmypocs24,skittishprey.bsky.social,tiqquna matata,heads up pdx folks about account @/channelheed on here (more pics below),"photo of mason lake. he's white with a brown short beard and slightly long brown hair. he's wearing glasses with black frames on top of the lenses. text says ""community alert mason lake is a snitch""",https://cdn.bsky.app/img/feed_fullsize/plain/did:plc:f2auwmhef66oqjkgsa6znlly/bafkreihpixjz54lvspmrrmtxnppr64zhlgsmksmskopctec67rn2dhhg3i@jpeg,183,101,18,2025-08-15T21:34:00.465Z,2025-08-15T21:34:13.616Z,https://bsky.app/profile/skittishprey.bsky.social/post/3lwhsmypocs24,2025-12-20 19:54:55
bluesky,this is fine,everything is fine,at://did:plc:w6h6dprbvdrbaidpnbjhj7yi/app.bsky.feed.post/3lxg4cnx5yw2e,askaubry.com,AskAubry 🦝 🐆,Honestly I think this is a good thing for both of them. ,"r/AskIndianMen

u/phoenixvc Indian Man

5h

Join

Am I wrong for rejecting a marriage proposal because of her GRWM (Get Ready With Me) Instagram posts?

Answers from Indian Men Only

So I recently got a marriage proposal. On paper everything looked fine - she's in Delhi, the family seemed decent, conversations went well too.

But one thing really bothered me. She's very active on Instagram, specifically the ""Get Ready With Me"" (GRWM) type of posts - you know, showing in detail every outfit, accessory, makeup step, etc. While I don't mind people being active on social media to an extent, I couldn't shake off the fact that my potential partner was basically dressing up for an online audience.",https://cdn.bsky.app/img/feed_fullsize/plain/did:plc:w6h6dprbvdrbaidpnbjhj7yi/bafkreif2mjb7o6nfmjrcm5torjds7lgu2xycyw3267jb4xeym3mmqlvjiy@jpeg,191,6,16,2025-08-27T22:47:01.000Z,2025-08-27T22:47:05.514Z,https://bsky.app/profile/askaubry.com/post/3lxg4cnx5yw2e,2025-12-20 19:55:05
bluesky,this is fine,everything is fine,at://did:plc:w6h6dprbvdrbaidpnbjhj7yi/app.bsky.feed.post/3lxdmlghlzh2x,askaubry.com,AskAubry 🦝 🐆,"Manosphere: women in the 50s and 60s were just fine, look at how happy they were. Feminism ruined everything. 

Butisol 1965","now she can cope...

thanks to

Butisol (SODIUM BUTABARBITAL)

""daytime sedative"" for everyday situational stress

When stress is situational-environmental pressure, worry over illness the treatment often calls for an anxiety-allaying agent which has a prompt and predictable calming action and is remarkably well tolerated. BUTISOL SODIUM (sodium butabarbital) meets this therapeutic need.

After 30 years of clinical use... still a first choice among many physicians for dependability and economy in mild to moderate anxiety. Contraindications: Porphyria or sensitivity to

barbiturates.

Precautions: Exercise caution in moderate to severe hepatic disease. Elderly or debilitated patients may react with marked excitement or depression. Adverse Reactions: Drowsiness at daytime sedative dose levels, skin rashes, ""hangover"" and systemic disturbances are seldom seen. Warning: May be habit forming.

Usual Adult Dosage: As a daytime sedative, 15 mg. ( gr.) to 30 mg. (1 gr.) t.i.d. or q.i.d. Availa",https://cdn.bsky.app/img/feed_fullsize/plain/did:plc:w6h6dprbvdrbaidpnbjhj7yi/bafkreiezeuu536y4dp6b6lx62xyeif65x4asrhoaajnhwotqe3ixzzghpu@jpeg,378,66,29,2025-08-26T23:00:17.000Z,2025-08-26T23:00:19.105Z,https://bsky.app/profile/askaubry.com/post/3lxdmlghlzh2x,2025-12-20 19:55:09
bluesky,this is fine,everything is fine,at://did:plc:pkjt2otk4svponrxpxbphl4h/app.bsky.feed.post/3lxbf4id2bs2l,douglasmack.bsky.social,Doug Mack,made these stickers a few years ago and yeah that's still accurate,"Sticker with graphic that says WELCOME TO EVERYTHING IS FINE NATIONAL PARK. QUIET SOBBING AREA NEXT 1,000 MILES.",https://cdn.bsky.app/img/feed_fullsize/plain/did:plc:pkjt2otk4svponrxpxbphl4h/bafkreidtigia4hf5ovb7dlmp5i5n3cqrozqwno5i2fjma534mgprlda6aq@jpeg,730,123,15,2025-08-26T01:41:20.943Z,2025-08-26T01:41:23.406Z,https://bsky.app/profile/douglasmack.bsky.social/post/3lxbf4id2bs2l,2025-12-20 19:55:13
bluesky,this is fine,everything is fine,at://did:plc:qc6xzgctorfsm35w6i3vdebx/app.bsky.feed.post/3lxafjpkp4s2s,edzitron.com,Ed Zitron,"I am no longer accepting half-baked arguments. AI boosters are *losing* - they have weak arguments, weak beliefs, and weaker spirits, eagerly marketing ideas for the powerful.

Critics work harder, prove themselves in detail, and fight for the good of the user. 
www.wheresyoured.at/how-to-argue...","I Am No Longer Accepting Half-Baked Arguments

If you are an AI booster, please come up with better arguments. And if you truly believe in this stuff, you should have a firmer grasp on why you do so.

It's been three years, and the best some of you have is ""it's real popular!"" or ""Uber burned a lot of money!"" Your arguments are based on what you wish were true rather than what's actually true, and it's deeply embarrassing.

Then again, there are many well-intentioned people who aren't necessarily AI boosters who repeat these arguments, regardless of how thinly-framed they are, in part because we live in a high-information, low-processing society where people tend to put great faith in people who are confident in what they say and sound smart.

I also think the media is failing on a very basic level to realize that their fear of missing out or seeming stupid is being used against them. If you don't understand something, it's likely because the person you're reading or hearing it from doesn't either. If a company makes a promise and you don't understand how they'd deliver on it, it's their job to explain how, and your job to suggest it isn't plausible in clear and defined language.

This has gone beyond simple ""objectivity"" into the realm of an outright failure of journalism. I have never seen more misinformation about the capabilities of a product in my entire career, and it's largely peddled by reporters who either don't know or have no interest in knowing what's actually possible, in part because all of their peers are saying the same nonsense.

As things begin to collapse — and they sure look like they're collapsing, but I am not making any wild claims about ""the bubble bursting"" quite yet — it will look increasingly more deranged to bluntly publish everything that these companies say.

Never have I seen an act of outright contempt more egregious than Sam Altman saying that GPT-5 was actually bad, and that GPT-6 will be even better.",https://cdn.bsky.app/img/feed_fullsize/plain/did:plc:qc6xzgctorfsm35w6i3vdebx/bafkreiay2zp72f6rvofc2t6lt3aloxidcyvrxzejgbi27qtqdv5jfgmrca@jpeg,300,40,6,2025-08-25T16:15:47.086Z,2025-08-25T16:16:08.629Z,https://bsky.app/profile/edzitron.com/post/3lxafjpkp4s2s,2025-12-20 19:55:15
bluesky,this is fine,everything is fine,at://did:plc:qc6xzgctorfsm35w6i3vdebx/app.bsky.feed.post/3lxafjoru7c2s,edzitron.com,Ed Zitron,"Boosters think that they're going to tell me ""I use this all the time!"" and it'll change my mind. I cannot express enough how irrelevant it is that you have a use case. AI is being sold as the future of everything, and it hasn't proven it's the future of anything.
www.wheresyoured.at/how-to-argue...","It Doesn't Matter That You Have One Use Case, That Doesn't Prove Anything

A lot of people think that they're going to tell me ""I use this all the time!"" and that'll change my mind. I cannot express enough how irrelevant it is that you have a use case, as every use case I hear is one of the following:

    I use it for brainstorming
        Who cares? Not a business model, and it's commoditized.
    I use it like search
        Who cares? It's not even good at search! It's fine! It's not even better than the low bar set by Google Search! The results it gives aren't great, and the links are deliberately made smaller, which gets in the way of me clicking them so I can actually look at the content. If you are using ChatGPT for search, you may not actually care about the content of the things you are looking at. If I'm wrong, great!
    I use it for research
        You do not respect actual research, you want a quick answer. It's that simple. These reports are slop. I've read many, many AI reports, and they are not good. Sorry!
    I use it for coding, or know someone who used it for coding
        I'll get to that in a minute.

This would all be fine and dandy if people weren't talking about this stuff as if it was changing society. None of these use cases come close to explaining why I should be impressed by generative AI.

It also doesn't matter if you yourself have kind of a useful thing that AI did for you once. We are so past the point when any of that matters.

AI is being sold as a transformational technology, and I am yet to see it transform anything. I am yet to hear one use case that truly impresses me, or even one thing that feels possible now that wasn't possible before. This isn't even me being a cynic — I'm ready to be impressed! I just haven't been in three fucking years and it's getting boring.

Also, tell me with a straight face any of this shit is worth the infrastructure.",https://cdn.bsky.app/img/feed_fullsize/plain/did:plc:qc6xzgctorfsm35w6i3vdebx/bafkreibfohcucmfoe3cdp6idpcq7dr2uzponahhzfocwn2kfikjdnofrt4@jpeg,122,23,3,2025-08-25T16:15:47.085Z,2025-08-25T16:16:08.607Z,https://bsky.app/profile/edzitron.com/post/3lxafjoru7c2s,2025-12-20 19:55:15
bluesky,this is fine,everything is fine,at://did:plc:6y3honhec2jch2ryrbuyx5a5/app.bsky.feed.post/3lx6eqhbv222j,maks23.bsky.social,MAKS 25 👀🇺🇦,"🥔😵‍💫 What they did to me and even got into my brain: I recently underwent a full medical examination for the first time in my life in two days, I am glad that everything is fine, — Lukashenko.",,https://cdn.bsky.app/img/feed_fullsize/plain/did:plc:6y3honhec2jch2ryrbuyx5a5/bafkreihrblr3sso7nu2ok7qd5hwdswhmy4p65lbmypzbtw5327a72ehh4m@jpeg,145,8,14,2025-08-24T20:56:38.010Z,2025-08-24T20:56:41.603Z,https://bsky.app/profile/maks23.bsky.social/post/3lx6eqhbv222j,2025-12-20 19:55:17
bluesky,this is fine,everything is fine,at://did:plc:nwknhyynt25rnc22dodq5pqg/app.bsky.feed.post/3lx5qqvqdec2w,nekoalodo.bsky.social,NekoAlodo,"#100padlocks - Bonus

Oh what, you thought after all that effort to put him INSIDE all that bondage, he's just gonna be let back out within the blink of an eye?

No no no, you need to get back to the real world *gradually*. Take your time, and enjoy the *process*, too. ¬ᴗ¬","""Anonymous asked: What happened after the 100 padlocks were applied?""
Yous responds: ""When I removed him from the ceiling after a while, it seemed like he suddenly had a LOT more energy again. So, instead of letting him go straight away, I decided to play a little game with him...""",https://cdn.bsky.app/img/feed_fullsize/plain/did:plc:nwknhyynt25rnc22dodq5pqg/bafkreigrshqjaaieqcfw7hwcbeik7wzhjombiy2ys6f7g4v74g5p53sikm@jpeg,362,67,7,2025-08-24T14:58:58.327Z,2025-08-24T14:59:03.713Z,https://bsky.app/profile/nekoalodo.bsky.social/post/3lx5qqvqdec2w,2025-12-20 19:55:18
bluesky,this is fine,everything is fine,at://did:plc:lxj7yqljftjpqw5f3webe25d/app.bsky.feed.post/3lwzeawdb3s2h,mongreldog.bsky.social,T-ho-ho-ho-m🏳️‍🌈,"it's ok! everything is fine
#furryart",cartoon dog in space suit and socks floating in an orange void,https://cdn.bsky.app/img/feed_fullsize/plain/did:plc:lxj7yqljftjpqw5f3webe25d/bafkreihntk4hpsxqa67ixzv7re3vbbbcn5dttjhnjr4xwanyhyyqnpangm@jpeg,226,46,6,2025-08-22T21:04:38.210Z,2025-08-22T21:04:41.405Z,https://bsky.app/profile/mongreldog.bsky.social/post/3lwzeawdb3s2h,2025-12-20 19:55:24
bluesky,this is fine,everything is fine,at://did:plc:i3mhliziy2r37ytl2rof5e3h/app.bsky.feed.post/3lwz3fgejls2x,jefftiedrich.bsky.social,Jeff Tiedrich,"SORRY, REPUBLICANS (STUPID LOSERS!), IT'S NO MORE ""MR. NICE GOVERNOR"" FROM THE DEMOCRATS. YOU STARTED THIS REDISTRICTING WAR, AND IF YOU WANT TO ""PLAY DIRTY,"" FINE, SO BE IT, SAYS YOUR FAVORITE WRITER (ME!) JEFF TIEDRICH. THANK YOU FOR YOUR ATTENTION TO READING MY POST WHICH IS HERE: bit.ly/3JvPtvQ","it cannot be stressed enough that it shouldn’t have to be this way. California shouldn’t have to do fuckery to counter Texas’ fuckery.

in a sanely-run country, every state’s maps would be mandated by an independent commission that would divvy everything up in a fair and non-partisan way. y’know, true representational government. none of these fucked-up amoeba-shaped districts like the one that enables the shouty half-dressed degenerate wrestling coach Jim Jordan to be reelected over and over in perpetuity, despite being one of the most-useless pantloads ever to stalk the halls of Congress.

but we don’t live in a sanely-run country. we live in the United States of the Stupidest Bullshit Ever, where every fucking thing has to be a battle.

it’s the dumbest possible way to run a country.

but this is a battle the Republican Party started — because they know their policies fucking suck, and they can’t win free and fair elections. so they’re all the hell with playing fair, let’s just cheat our way to victory. it’s the Donny Convict way.",https://cdn.bsky.app/img/feed_fullsize/plain/did:plc:i3mhliziy2r37ytl2rof5e3h/bafkreiem65bu3uqjauyj2egokd3dg2hmhhc3epobvu3f6nw5nnfw3to35i@jpeg,805,159,20,2025-08-22T18:26:05.581Z,2025-08-22T18:26:10.211Z,https://bsky.app/profile/jefftiedrich.bsky.social/post/3lwz3fgejls2x,2025-12-20 19:55:25
bluesky,this is fine,everything is fine,at://did:plc:kxlggazepmhqyrmswwuxunip/app.bsky.feed.post/3lww2n7f4nc2p,danielwcarlson.bsky.social,Daniel Carlson,THE MANDALORIAN was so badly written that it broke Katee Sackhoff’s sense of self,"CINEMA BLEND
I lost all of my confidence after 'Mandalorian"".. My style of acting has always just been your first instinct is the right instinct. Do that. Play the reality of the situation.
And I've never really played a character. You know what I mean? I've always played two steps removed from myself, in a sense. Like, it always felt grounded in some part of my belly of who I was.
Bo-Katan is nowhere near who l am as a human being.
Her life, what she wants.
I didn't understand her.
As much as I understood her, I never felt her in my stomach. I never identified with her. I didn't know how to find her.
KATEE SACKHOFF
'THE SACKHOFF SHOW'",https://cdn.bsky.app/img/feed_fullsize/plain/did:plc:kxlggazepmhqyrmswwuxunip/bafkreihwaw653fg6pbkqperisutgcfwxwizfxjz4ol3lnmsfvbvhbwy7hu@jpeg,113,16,8,2025-08-21T13:34:33.738Z,2025-08-21T13:34:36.709Z,https://bsky.app/profile/danielwcarlson.bsky.social/post/3lww2n7f4nc2p,2025-12-20 19:55:31
bluesky,this is fine,everything is fine,at://did:plc:nuwshvsr57wyjhjfayk6ytzu/app.bsky.feed.post/3lxskxe6mws2q,murkbone.bsky.social,𝖆𝖇𝖘𝖎𝖙 ♱ 𝖔𝖒𝖊𝖓,Everything is fine,,https://cdn.bsky.app/img/feed_fullsize/plain/did:plc:nuwshvsr57wyjhjfayk6ytzu/bafkreif4hxvhiueuy5waa4yahmw43gw4vnkr2gaoyjr63syrucgjnt47te@jpeg,1981,524,7,2025-09-01T21:41:06.829Z,2025-09-01T21:41:14.304Z,https://bsky.app/profile/murkbone.bsky.social/post/3lxskxe6mws2q,2025-12-20 19:55:41
bluesky,this is fine,everything is fine,at://did:plc:t6ubj2wlhc34awzcymh3qpur/app.bsky.feed.post/3lxrh4d4rh227,ronfilipkowski.bsky.social,Ron Filipkowski,Everything is perfectly normal and fine. Nothing to see here.,,https://cdn.bsky.app/img/feed_fullsize/plain/did:plc:t6ubj2wlhc34awzcymh3qpur/bafkreibaqmoazorb2rtmpgzvh65ap733jskf46bsowjjnya643b3hai2lu@jpeg,2048,636,120,2025-09-01T10:59:38.811Z,2025-09-01T10:59:43.003Z,https://bsky.app/profile/ronfilipkowski.bsky.social/post/3lxrh4d4rh227,2025-12-20 19:55:44
bluesky,this is fine,everything is fine,at://did:plc:atni5fzv5e7ly35x7md2k4cs/app.bsky.feed.post/3lxoeimsvns24,bookspotlight.bsky.social,Indie Book Spotlight,gen ai really is ruining everything :(,"I'm so sick of 80% of the recipes I see online being AI generated.

I'm so sick of having to use detective work on a recipe site to figure out if it's AI generated.

I'm so sick of getting really excited to make a recipe just to figure out it's AI generated.

Honestly I'm just going to stick to recipe books and using bakers I know and trust. I don't care if the recipe is perfectly fine, just AI generated. It's deeply worrying to me and I'm scared and frustrated about the future of online recipe websites.",https://cdn.bsky.app/img/feed_fullsize/plain/did:plc:atni5fzv5e7ly35x7md2k4cs/bafkreicfnd26dczaxghb5f3gilh2d6d5n6wtos5jl25wkgiazi6d4au2wa@jpeg,448,106,16,2025-08-31T05:34:51.187Z,2025-08-31T05:34:53.805Z,https://bsky.app/profile/bookspotlight.bsky.social/post/3lxoeimsvns24,2025-12-20 19:55:49
bluesky,this is fine,everything is fine,at://did:plc:2n7ovfno5vie3vrkne7xvf4v/app.bsky.feed.post/3lxicuolexc2v,ironfront-usa.bsky.social,American Iron Front,Everything is fine. No need to worry.,,https://cdn.bsky.app/img/feed_fullsize/plain/did:plc:2n7ovfno5vie3vrkne7xvf4v/bafkreidkkrj3gng34reoscnd62qgrzrcl4jdynth6dnhw3y4sigqnpkb3q@jpeg,141,82,16,2025-08-28T19:49:49.770Z,2025-08-28T19:47:49.302Z,https://bsky.app/profile/ironfront-usa.bsky.social/post/3lxicuolexc2v,2025-12-20 19:55:58
bluesky,this is fine,everything is fine,at://did:plc:w6h6dprbvdrbaidpnbjhj7yi/app.bsky.feed.post/3lxgdql7z6c2g,askaubry.com,AskAubry 🦝 🐆,That's exactly what he's doing ,"r/relationship_advice u/Exciting-Space-57 16h

My (32F) husband constantly argues with me anytime I ask him(39M) to do something.

My daughter is allowed to take a water bottle to school and I always put ice and water in the cup. This morning he got her bottle ready and I asked him to put ice in it. He argued that it was already cold and it was chilly outside so it was would be fine. I said I put it in there so the water would be cold all day, plus she likes the ice.

So I ask daughter if she wants ice in her cup, and she says ""yes"" and he turns to daughter and says ""insert child's name, you like sprite, would you also like to take sprite to school?""",https://cdn.bsky.app/img/feed_fullsize/plain/did:plc:w6h6dprbvdrbaidpnbjhj7yi/bafkreigk4jcpjsds6c7fzgdnkxuqbueyqgpapgswilt2mcooiepprdlake@jpeg,294,11,21,2025-08-28T01:00:05.000Z,2025-08-28T01:00:07.410Z,https://bsky.app/profile/askaubry.com/post/3lxgdql7z6c2g,2025-12-20 19:56:02
bluesky,this is fine,everything is fine,at://did:plc:tzts5unsgvz2qy5i3fdupove/app.bsky.feed.post/3lyiziylkjc23,daeline.bsky.social,Dae,"""Everything is gonna be fine. We will protect each other. ""
#bumbleby #RWBY",,https://cdn.bsky.app/img/feed_fullsize/plain/did:plc:tzts5unsgvz2qy5i3fdupove/bafkreiejyx45nlk47mh2fck2mpcmwqe5sfdu625psvtfxnv75mzuvata5q@jpeg,115,44,0,2025-09-10T20:00:05.265Z,2025-09-10T20:00:14.505Z,https://bsky.app/profile/daeline.bsky.social/post/3lyiziylkjc23,2025-12-20 19:56:04
bluesky,this is fine,everything is fine,at://did:plc:cecbi5q5rrabczzrypkaaxv2/app.bsky.feed.post/3lyxstr2vtc2c,nelldemon.bsky.social,🔥Nell Demon🔥,"I never confirmed it, but everything is fine with my recovery, My dick is like brand new now!✨✨

It's still a little weird, but I'll get used to it.🐾

(Yeah, I got circumcised.)",,https://cdn.bsky.app/img/feed_fullsize/plain/did:plc:cecbi5q5rrabczzrypkaaxv2/bafkreiblcq5duabzcbhgvsl37u343ojlwxu6q3hfjqgrw3uglrrji2a6uy@jpeg,198,38,6,2025-09-16T17:10:46.401Z,2025-09-16T17:10:50.406Z,https://bsky.app/profile/nelldemon.bsky.social/post/3lyxstr2vtc2c,2025-12-20 19:56:33
bluesky,this is fine,everything is fine,at://did:plc:aleaxgbpyhhcebq37i3qg35z/app.bsky.feed.post/3lyv6eed7n22h,cmddog.com,LawyerDog,Some gay furry comics from 2021,"Digital furry comic. Panko the deer is off in the distance wearing pants and a t-shirt and looking at his phone. Cantio has his arms around two unnamed characters, a painted dog lookin' guy wearing a shirt with a ghost cat on it and short shorts, and some kind of fluffy dragony guy only wearing shorts. Cantio says ""Heyyyy you two seem pretty gay, wanna see that deer bottomless?"", painted dog says ""What?? Um, well, I mean, uh.."" fluffy dragon says ""Explain yourself, yote."" Cantio says ""Haha don't worry, I won a bet and now I can strip him whenever I want! See, just gotta sign here and you two pervs can watch me get his dick out!"" painted dog starts saying ""H-hey we're not pe-"" and is interrupted by the fluffy dragon saying ""Just sign it, dude!!"" and Cantio says ""Okay, go over in front of him for the big reveal""
A cut-away panel shows Cantio holding the form reading ""I fully authorize Cantio to on one occasion fully remove any clothing he wants from me, up to full nudity. I won't be allowed to put back on any clothing for an hour. I won't try to cover myself up with anything. Anyone witnessing this must give signed consent on this form. -Panko | Consenting pervs: -Cantio""
Panel 2 is a view of the painted dog and fluffy dragon from behind, with Panko and Cantio framed inbetween them. Cantio is yanking down Panko's pants, revealing his nuts and flaccid cock. Panko is blushing and saying ""Cantio???? There's people here, Cantio!! (I'm so sorry)"", Cantio says ""They both signed!"" and Panko says ""...oh no. T-the bet.."" #furry #furryart #nsfw",https://cdn.bsky.app/img/feed_fullsize/plain/did:plc:aleaxgbpyhhcebq37i3qg35z/bafkreicyv2g3dzmrvhhoweplfpb75uu3viu5xerx747ylpavfwx6u36ndy@jpeg,861,127,9,2025-09-15T15:58:55.385Z,2025-09-15T15:59:00.307Z,https://bsky.app/profile/cmddog.com/post/3lyv6eed7n22h,2025-12-20 19:56:36
bluesky,this is fine,everything is fine,at://did:plc:yn75hmwkitdshnylue6d3grk/app.bsky.feed.post/3lytne4ein22g,niedermeyer.online,e.w. niedermeyer,"here's Elon Musk's dad going 100% mask-off on the entire white South African racist colonialist package and saying ""Elon agrees with me""

EXTREME ANTI-BLACK RACISM CONTENT WARNING

www.mundoamerica.com/news/2025/09...","Q. Why?

A. Until 1965, Africa was very civilized because each country was governed by a European country, and there was law and order. Look at Spain's example. Spain's history is the history of world colonization. Where Spain went, it brought order, civilization, cities... We did the same, but 500 years later. When the Europeans left, everything fell apart. Nothing remained. South Africa today is a lawless country, where even the police chief and Interpol director [Jackie Selebi] was sentenced to 15 years in prison for corruption. The African National Congress [ANC, which has governed South Africa since the end of apartheid] has looted the country. We are bankrupt. The US has cut all economic aid because South Africa supports Iran, Hamas, and all those terrorist groups. Zimbabwe, formerly Rhodesia [which also had its own apartheid], is as if it ceased to exist.

Q. Why did that happen?

A. All European countries have practiced racial discrimination. What happened is that South Africa maintained it when it achieved full independence in 1961. So apartheid is not something South Africa invented but something it continued. For example, the Netherlands did not allow people of color to enter its territory until 1920, despite having colonies in countries with people of color. South Africa maintained apartheid for an obvious reason: as soon as European countries left Africa, everything went to hell, civilization ended.",https://cdn.bsky.app/img/feed_fullsize/plain/did:plc:yn75hmwkitdshnylue6d3grk/bafkreieezpkvcwpx7xi7gta4m335mmpmublgsbnutphytt3fx5bfsykbpy@jpeg,1765,611,62,2025-09-15T01:21:53.720Z,2025-09-15T01:22:00.006Z,https://bsky.app/profile/niedermeyer.online/post/3lytne4ein22g,2025-12-20 19:56:38
bluesky,this is fine,everything is fine,at://did:plc:w6h6dprbvdrbaidpnbjhj7yi/app.bsky.feed.post/3lzm2o5g24x2o,askaubry.com,AskAubry 🦝 🐆,Typical Nice Guy™,"r/AITAH

u/More-Parsley7950

1h

AITAH for not consoling my ""best"" female friend after making my feelings known.

So me (M35) is recently (5 months ago) single from a 6 year relationship and my best female friend (F35) was also single, we've always been close, even fooled around in our teens/early 20s.",https://cdn.bsky.app/img/feed_fullsize/plain/did:plc:w6h6dprbvdrbaidpnbjhj7yi/bafkreif2t4jurdxnl53ftd3xwv6yzgw6tzjytyob2huy5suuk3ptkye34a@jpeg,220,8,37,2025-09-24T18:24:01.000Z,2025-09-24T18:24:06.085Z,https://bsky.app/profile/askaubry.com/post/3lzm2o5g24x2o,2025-12-20 19:56:48
bluesky,this is fine,everything is fine,at://did:plc:2wtijdcczfriw36sqavu2xrf/app.bsky.feed.post/3lzgvhv3wwc2c,glassfish.bsky.social,Glassfish,"Well, look who finally decided to show up!

#art #comics #powergirl","A comic panel of Power Girl with her arms crossed, looking annoyed. While Batman and Superman are in the background walking up to her.

Superman - ""Power Girl, is everything alright--""
Power Girl - ""I'm FINE!""
Batman - ""Why aren't you with Toyman?""",https://cdn.bsky.app/img/feed_fullsize/plain/did:plc:2wtijdcczfriw36sqavu2xrf/bafkreiesayxmn7u6oyuwzejk5ybrbx6coz2hqoc635gkh5exon2xszzgt4@jpeg,118,12,2,2025-09-22T17:07:45.280Z,2025-09-22T17:07:49.802Z,https://bsky.app/profile/glassfish.bsky.social/post/3lzgvhv3wwc2c,2025-12-20 19:56:54
bluesky,this is fine,everything is fine,at://did:plc:bmuidv3cf5c3iob6jqbxnmf4/app.bsky.feed.post/3lzdj73fouc25,avantaberrant.bsky.social,Kr 🧪,"We all know grubs are very smart 
(next question is, is cum vegan..?)","Totally Legit..? Comic? of a prequel to the space grub series. The Capn is uncharacteristically wearing a formal shirt and tie, and awkwardly/nervously addresses a character out of frame, saying, ""So, uh... We've prepared a consent form for you to sign, for, ykno... legality..."". He then, very respectfully like a Japanese salaryman, slides some documents forward on the desk and says ""W-with respect, we humbly request your review and signature... please.""",https://cdn.bsky.app/img/feed_fullsize/plain/did:plc:bmuidv3cf5c3iob6jqbxnmf4/bafkreifyubkxwomxh73o3d2k3yqsylak2qxtacqijmb3imaem6yk2n6g64@jpeg,350,46,9,2025-09-21T08:50:05.780Z,2025-09-21T08:50:18.505Z,https://bsky.app/profile/avantaberrant.bsky.social/post/3lzdj73fouc25,2025-12-20 19:56:58
bluesky,this is fine,everything is fine,at://did:plc:hew2gujvhhgtchs62pzzn7lb/app.bsky.feed.post/3lzcx7laans2i,guilhernunes.bsky.social,Guilherme Nunes - Commissions Open!!,capybara gaslighting herself pretending that everything is fine,"painting watering a very happy flower, but in a dark fantasy setting with sad skulls, gloomy castles, and a giant horned skull in the background",https://cdn.bsky.app/img/feed_fullsize/plain/did:plc:hew2gujvhhgtchs62pzzn7lb/bafkreifm4df5zmzhbbyrpevblblfi6zmlsygkwwnvba7crkko746yu54vu@jpeg,166,41,2,2025-09-21T03:28:14.951Z,2025-09-21T03:32:52.009Z,https://bsky.app/profile/guilhernunes.bsky.social/post/3lzcx7laans2i,2025-12-20 19:57:01
bluesky,this is fine,everything is fine,at://did:plc:w3popqi2p36im27v7463rl3e/app.bsky.feed.post/3lzazpmyue226,mallfakafakarian.bsky.social,Mallfaka Fakarian,"You're allowed to not be okay. 

Physical pain. Emotional pain. Life in general can sap your energy and willpower and leave you a husk of a person. 

You don't have to fake happiness and pretend everything is fine. Take the time you need. 💙

#GPOSERS #ffxivscreenies #ffxivsfw #bpose #reshade","A large Au Ra man sitting against a wall, his head in his hands and he is crying out in sadness.",https://cdn.bsky.app/img/feed_fullsize/plain/did:plc:w3popqi2p36im27v7463rl3e/bafkreibean3n2agks7v2j3r6b6m2xrsfj3fw24ssuwk3ulstuch7afaoja@jpeg,135,29,10,2025-09-20T09:07:41.710Z,2025-09-20T09:08:01.810Z,https://bsky.app/profile/mallfakafakarian.bsky.social/post/3lzazpmyue226,2025-12-20 19:57:04
bluesky,this is fine,everything is fine,at://did:plc:gr63zokwytkg54m2wio4dkzj/app.bsky.feed.post/3lz5edznaf22r,stevethdemocrat.bsky.social,stevethdemocrat,"Krasnov Fox interview today 
Martha- provides data on shitty economy 
Krasnov: ""it will be fine once it kicks in""
Martha- ""when is that??""
Krasnov: ""should improve in a year ""
😳
stevethdemocrat: A YEAR!! WTAF!!? 😤
Wasn't everything gonna be fixed on day 1!?",,https://cdn.bsky.app/img/feed_fullsize/plain/did:plc:gr63zokwytkg54m2wio4dkzj/bafkreidghtpu34l457argg4bbmqc3pzelnsrad3h2ibgbpuuj322en3hgi@jpeg,245,129,12,2025-09-18T22:07:24.494Z,2025-09-18T22:07:27.504Z,https://bsky.app/profile/stevethdemocrat.bsky.social/post/3lz5edznaf22r,2025-12-20 19:57:09
bluesky,this is fine,everything is fine,at://did:plc:rbffgd2zo6r7rmnklo2nlyy5/app.bsky.feed.post/3lz4jxhtx7c26,josephpolitano.bsky.social,Joey Politano🏳️‍🌈,"Good view of how much of a hack Oren Cass is—other economists in a conversation with him go ""Steve Miran is fine but he should have resigned his seat from the White House CEA before joining the Fed"" and he responds ""WOOOW the real threat to Fed independence is economists doing cancel culture""","Patterson: Mr. Miran is an economist and brings a different perspective to the Fed. In and of itself, that’s a good thing. We should all want educated debates around decisions that have such a big impact. His challenge is everything he says or does will be viewed politically; it hurts him as well as the institution. I wish someone had insisted that he make a clean break from his role at the Council of Economic Advisers before taking this seat. That might have helped this perception.

Cass: I think it is very constructive for the feasibility of continued Fed independence that a democratically elected administration like this one can place a thoughtful and serious policymaker with its preferred perspective on economics on to the board of governors. I think it is very destructive for the prospect of continued independence to have other highly credentialed economists declare the presence of even one such member with different views beyond the pale.",https://cdn.bsky.app/img/feed_fullsize/plain/did:plc:rbffgd2zo6r7rmnklo2nlyy5/bafkreia2o3zy3y3rppcsdsa4oyez3nhiyrjgdhx6q2psrsyl4i3awrsgtm@jpeg,462,53,11,2025-09-18T14:15:05.974Z,2025-09-18T14:15:11.808Z,https://bsky.app/profile/josephpolitano.bsky.social/post/3lz4jxhtx7c26,2025-12-20 19:57:11
bluesky,this is fine,everything is fine,at://did:plc:qqg7heds75ndmeusupkth7n2/app.bsky.feed.post/3m22k5zuskc2i,jen-notjenny.bsky.social,Jen,"Ok #jokesters time to share a joke. 
 Show me what you got!","A woman goes to a pet store to buy a parrot. Everything is fine when she brings it home until it begins to swear uncontrollably. F this, F that, F you. Finally the lady can't stand it anymore. She grabs the bird, shoves it in the freezer, and slams the door shut. Squawking, shrieking, pounding, and cursing come out of the freezer for a few moments and then it goes quiet.
The woman is scared that she has hurt the bird and opens the freezer. The parrot walks calmly out and steps gently onto the woman's outstretched hand, looks into the lady's eyes and says, ""Ma'am, I am truly sorry if my language offended you and it will not recur. If I may ask, what did the chicken do?""",https://cdn.bsky.app/img/feed_fullsize/plain/did:plc:qqg7heds75ndmeusupkth7n2/bafkreihltms35khqxeoq35vnx5fjoa2jtkbkrkwhjrufdeobqpv76izzoe@jpeg,180,38,22,2025-09-30T12:38:38.350Z,2025-09-30T12:38:41.054Z,https://bsky.app/profile/jen-notjenny.bsky.social/post/3m22k5zuskc2i,2025-12-20 19:57:21
bluesky,this is fine,everything is fine,at://did:plc:ov6zd7risdplxvivxmpsu5eu/app.bsky.feed.post/3lzyut26ng22r,logicallyjc.bsky.social,John Collins,This is fine. Everything is fine.,,https://cdn.bsky.app/img/feed_fullsize/plain/did:plc:ov6zd7risdplxvivxmpsu5eu/bafkreie7whcrry7m5zi7mzrywuxprkftj5j7t6efug573jz6q7zxvct32a@jpeg,295,132,25,2025-09-29T20:44:01.257Z,2025-09-29T20:44:03.664Z,https://bsky.app/profile/logicallyjc.bsky.social/post/3lzyut26ng22r,2025-12-20 19:57:22
bluesky,this is fine,everything is fine,at://did:plc:w6h6dprbvdrbaidpnbjhj7yi/app.bsky.feed.post/3lzyql73mm72k,askaubry.com,AskAubry 🦝 🐆,"Drugs, cheating, and/or gambling but it wasn't deodorant. ","r/AmltheAsshole u/[deleted] 3h

Θ.2.0

AlTA for reporting my fiancé missing after he went out at 10pm for deodorant and disappeared for 7 hours?

My (30F) fiancé (33M) went out on Saturday night to the store for a couple things he needed (l.e. deodorant) around 10pm while I stayed home with our kid (2F). He told me he was making a quick run to the store and would be right back.

He borrowed my car and left and I thought nothing of it. Fast forward to midnight and he's still not back. I sent him texts and called but he didn't answer. At 1am I got really worried and called my mom to come help me search for him while I had my sister look after our kid.

My mom and I drove around for hours searching the parking lots of the stores, the gym and the downtown bars then I called 3 local hospitals to see if he had been admitted then called the police to see if he'd been arrested but we couldn't find him anywhere",https://cdn.bsky.app/img/feed_fullsize/plain/did:plc:w6h6dprbvdrbaidpnbjhj7yi/bafkreieswqrkfi3be5h2tmvml4i6pzydwa6rwv32md47u3sjariqtm6i74@jpeg,244,7,55,2025-09-29T19:28:01.000Z,2025-09-29T19:28:05.856Z,https://bsky.app/profile/askaubry.com/post/3lzyql73mm72k,2025-12-20 19:57:22
bluesky,this is fine,everything is fine,at://did:plc:miczfsfixolk42l7343z3bpd/app.bsky.feed.post/3lzwonbwids2e,sethcotlar.bsky.social,Seth Cotlar,"At the same time an OR GOP leader tweeted this pro-military invasion statement last night about violence in Portland, the party's meeting in Welches, OR descended into a physical confrontation between rival factions. The hotel hosting the event kicked them out like a bunch of rowdy high schoolers.","t7 Oregon GOP reposted
Christine Drazan @ChristineDrazan
The ICE facility in Portland has been subject to months of dangerously chaotic protests that have put residents and federal agents in harm's way.
The governor's assertion that there is no national security threat and the mayor's assertion that everything is fine is tone-deaf.
It's shameful that state and local leaders have allowed violent mobs and domestic terrorists to assault federal law enforcement, destroy property, and interfere with those seeking immigration services from obtaining assistance and case management.
We need order, we need to restore safety, and Oregon's local leaders have failed to provide it.
opb.org/article/2025/0...
Cl
OPB
'PORTLAND IS DOING JUST FINE': OREGON GOVERNOR REJECTS
TRUMP'S PLAN TO SEND TROOPS TO THE CITY
9/27/25
Ceristine-
DRAZAN STATE REESENTATIVE
7:18 PM • Sep 27, 2025 • 15.4K Views",https://cdn.bsky.app/img/feed_fullsize/plain/did:plc:miczfsfixolk42l7343z3bpd/bafkreifgk6cbjqyuewgf4hfjovaszyqt552pclneko2hby36ewli2nt3bi@jpeg,350,116,14,2025-09-28T23:48:06.120Z,2025-09-28T23:48:14.655Z,https://bsky.app/profile/sethcotlar.bsky.social/post/3lzwonbwids2e,2025-12-20 19:57:25
bluesky,this is fine,everything is fine,at://did:plc:x7zavbayfouhbzdnwjb3wfcb/app.bsky.feed.post/3lzuvwadpgc2q,gamesliek.bsky.social,Liek is Holly Jolly 🍉,"Everything is Fine 🔥🐶
(Fanart of Question Hound by @kcg.bsky.social)

#art #artwt #fanart #artistonbsky","Artwork of Question Hound, a round dog with a hat on. He’s running away from flames as the text “Everything is FINE” surrounds him.",https://cdn.bsky.app/img/feed_fullsize/plain/did:plc:x7zavbayfouhbzdnwjb3wfcb/bafkreihzlv27y3mdwhraozcjayop3b4x3u5fjc364gvhmkr3x245b77yrm@jpeg,132,18,1,2025-09-28T06:53:03.167Z,2025-09-28T06:53:17.353Z,https://bsky.app/profile/gamesliek.bsky.social/post/3lzuvwadpgc2q,2025-12-20 19:57:28
bluesky,this is fine,everything is fine,at://did:plc:p6g37p7lc67rdtx6plgfjktn/app.bsky.feed.post/3lzs45mgmg22b,coolguycharles.bsky.social,Charles D “OFFICIAL” Stop Motion Guy,Here’s some BTS photos of my section of the Everything is Fine Remix collab for @livingtombstone.bsky.social,,https://cdn.bsky.app/img/feed_fullsize/plain/did:plc:p6g37p7lc67rdtx6plgfjktn/bafkreiconcid7qvzi5hqiarmbawpscv6qbmh5sxl62m3hh266b3453zu2u@jpeg,174,37,7,2025-09-27T04:06:33.957Z,2025-09-27T04:06:40.154Z,https://bsky.app/profile/coolguycharles.bsky.social/post/3lzs45mgmg22b,2025-12-20 19:57:31
bluesky,this is fine,everything is fine,at://did:plc:43rudsv62fuwsmnk7oppgtdy/app.bsky.feed.post/3lzrrcligis24,tomkindlon.bsky.social,Tom Kindlon,"""Never-Words for Patients With Invisible Illnesses – Liza Di Leo Thomas, MD""

From:
When We Don’t Have All the Answers: #LongCOVID and the Need for Humility in Medicine

www.ochsnerjournal.org/content/25/3...

#invisibleillness #LongCovid #chronicillness 
#hiddenillness #ChronicIllnesses","Table 2. Never-WordsforPatientsWithInvisibleIllnesses– Liza Di LeoThomas,MD Di Leo Thomas, L Never-WordPhrase Alternative Explanation “But you look fine.” “At least you don’t look sick.” “Great news! All your tests are negative!” “You can’t believe everything you see online. Let’s not diagnose you based on a TikTok influencer.” “At least you’re not bedbound, wheelchair bound, don’t have cancer, et cetera, et cetera, et cetera….” “Wedon’t knowmuchaboutthisillness. There’s nothing I can do for you.” “It must be frustrating to feel so awful.” “The goodnewsiswehaveruledout (A, B, C) by doing these tests. But I believe there is something wrong, and I will work with you to figure it out.” “Thank you for taking such an interest in your illness and advocating for yourself. Let’s talk about what you saw online.” “It sounds like you are suffering with this quite a bit. Can you explain how it has affected your quality of life?” “I realize the research on Long COVID is slow to come, andIcan’t imagine how frustrating that is for you. Let’s see whatwecandorightnowtotreat someofyoursymptomsandimprove your quality of life.” Telling patients they look fine may make themfeel like you are doubting their illness, even if you are not. Somepatients maynotfeel like it is great newsthat test after test is negative whentheyknowsomethingis absolutely wrong with them. Online communities have become ahuge source of support for patients with LongCOVIDandotherinvisible illnesses. Hearing someone else describe the same symptomscanbe incredibly validating. Avoid dismissing these sources outright. Avoid starting with “at least,”which can sound dismissive or invalidating. Instead, explore how the illness impacts the patient’s life. Even without definitive treatments, providers can offer symptom managementandhope. Acknowledging the patient’s frustration while focusing on what can bedoneisempowering.",https://cdn.bsky.app/img/feed_fullsize/plain/did:plc:43rudsv62fuwsmnk7oppgtdy/bafkreidgeb45wcbir53pfq2yeclq6c3eynmywyjdbbcg7xalsjonwprg2q@jpeg,103,32,4,2025-09-27T00:52:29.591Z,2025-09-27T00:52:33.354Z,https://bsky.app/profile/tomkindlon.bsky.social/post/3lzrrcligis24,2025-12-20 19:57:32
bluesky,this is fine,everything is fine,at://did:plc:bd22wcd2ms5scqzrcpkjken3/app.bsky.feed.post/3m2o53uig5s23,doodley.org,doodley 🌠,"oh yeah! thread of some behind the scenes stuff for my part in the ""everything is fine"" music video youtu.be/JxgqPk1RCCU
@jellybox.bsky.social directed me and @sproutlines.bsky.social helped me with backgrounds!
very big fan of kc green's work so it was a nice honor to render da question hound in 3D",A 3D software behind the scenes image of K.C. Green's Question Hound in a spooky camp setting roasting a marshmallow over a fire,https://cdn.bsky.app/img/feed_fullsize/plain/did:plc:bd22wcd2ms5scqzrcpkjken3/bafkreihymt5dtt45s7ap3oh4g3zzpi3ekhy4gwj775nvp2esz5jyyttwoq@jpeg,175,29,3,2025-10-08T07:38:01.711Z,2025-10-08T07:38:21.256Z,https://bsky.app/profile/doodley.org/post/3m2o53uig5s23,2025-12-20 19:57:43
bluesky,this is fine,everything is fine,at://did:plc:w6h6dprbvdrbaidpnbjhj7yi/app.bsky.feed.post/3m2ngvy5xqj2k,askaubry.com,AskAubry 🦝 🐆,I hate having learned how not rare this is ,"I (26F) can't believe I saw this after giving my boyfriend a blowjob.. (35M) Do I say something?

Okay, so this is kind of embarrassing, but

I really need some advice. Last night I gave my boyfriend a blow job. Everything was fine, but when he stood up afterwards, I noticed a skid mark on my bed sheet. I was in genuine shock and did not want him to be embarrassed so quickly threw blanket over it and washed it as soon as he left. Now I just can't stop thinking about it and it has put me off being intimate with him as all I can think is that. He is not a dirty person and don't really have problem with his hygiene but this is just mind-blowing to me as he is 35. Do I say something to him or just pretend it didn't happen ? Has this

literally ever happened to anyone else ?",https://cdn.bsky.app/img/feed_fullsize/plain/did:plc:w6h6dprbvdrbaidpnbjhj7yi/bafkreiaiuvw2matrspjfrkzi27hjbxqmli6irihkesnq27gdggmgg7u2qm@jpeg,248,8,56,2025-10-08T01:01:01.000Z,2025-10-08T01:01:05.180Z,https://bsky.app/profile/askaubry.com/post/3m2ngvy5xqj2k,2025-12-20 19:57:44
bluesky,this is fine,everything is fine,at://did:plc:w6h6dprbvdrbaidpnbjhj7yi/app.bsky.feed.post/3m2napkumcf2e,askaubry.com,AskAubry 🦝 🐆,,"I (26F) can't believe I saw this after giving my boyfriend a blowjob.. (35M) Do I say something?

Okay, so this is kind of embarrassing, but

I really need some advice. Last night I gave my boyfriend a blow job. Everything was fine, but when he stood up afterwards, I noticed a skid mark on my bed sheet. I was in genuine shock and did not want him to be embarrassed so quickly threw blanket over it and washed it as soon as he left. Now I just can't stop thinking about it and it has put me off being intimate with him as all I can think is that. He is not a dirty person and don't really have problem with his hygiene but this is just mind-blowing to me as he is 35. Do I say something to him or just pretend it didn't happen ? Has this

literally ever happened to anyone else ?",https://cdn.bsky.app/img/feed_fullsize/plain/did:plc:w6h6dprbvdrbaidpnbjhj7yi/bafkreiapd4bqh5rm7mk43noxbmbleb5jyim6v7kecpyclw67ttnu2lmnbe@jpeg,236,10,43,2025-10-07T23:10:03.000Z,2025-10-07T23:10:05.162Z,https://bsky.app/profile/askaubry.com/post/3m2napkumcf2e,2025-12-20 19:57:44
bluesky,this is fine,everything is fine,at://did:plc:7dyrt42ldjc3oq7xsxxqbi4x/app.bsky.feed.post/3m2ho5svnts2m,nicoffee.bsky.social,Nicoffee,Making public this comm for BirbSnowy featuring Utena and Leopard from Gushing Over Magical Girls doing some portal play. (1-4/14 🧵),"Leopard: Utena-chan... I know I said I was fine with anything, but I wasn't expecting something like this.
Utena: We can try something more ""normal"" once we're done. We do need to come up with new tricks if we don't want to keep getting beaten by Tres Magia. Just tell me how you're feeling, I need to make sure I've done this right.
Leopard:  My limbs feel numb and my crotch feels...strange? It's heavier than normal but I'm not sure how else to describe it. This is temporary, right?",https://cdn.bsky.app/img/feed_fullsize/plain/did:plc:7dyrt42ldjc3oq7xsxxqbi4x/bafkreigv6zqghprhjzxptawludsn4a4amkhx4ku2wvliqso7lrl2anfxnu@jpeg,245,37,2,2025-10-05T17:54:42.553Z,2025-10-05T17:55:19.068Z,https://bsky.app/profile/nicoffee.bsky.social/post/3m2ho5svnts2m,2025-12-20 19:57:51
bluesky,this is fine,everything is fine,at://did:plc:kyvkxl7gsxor2oj3gjfnv4ns/app.bsky.feed.post/3m2fgphclf22e,oksii33.ukr.monster,Oksii ✚ 🇺🇦,"Just don't look up, everything is fine…",,https://cdn.bsky.app/img/feed_fullsize/plain/did:plc:kyvkxl7gsxor2oj3gjfnv4ns/bafkreibcqgtrtnbq6qxf3yrk6tlnd3pdm345majdmjhckzilzx6eogs3py@jpeg,107,22,3,2025-10-04T20:36:05.014Z,2025-10-04T20:36:06.762Z,https://bsky.app/profile/oksii33.ukr.monster/post/3m2fgphclf22e,2025-12-20 19:57:54
bluesky,this is fine,everything is fine,at://did:plc:2yhglxsi2owchryafic2gmr3/app.bsky.feed.post/3m2dgcvqmv22b,dbrauer.net,David Brauer,"Some of you know me as an OG media reporter, but Brian Lambert, who I don’t think is on here, taught me. He had some great thoughts about Kupchella’s landlord ad & “journalism.” Sorry for no alt-text; these excerpts are too long. If you need alt please message me & I’ll shoot you an email or text.","If you're in the news, tough facts and full transparency business, the question, ""Who paid for this?""
should not come as tough or surprising. Like some of you last night, I watched the documentary, ""A Precarious State"", noting the presence of former KARE-TV reporter Rick Kupchella, its unusual commercial-free runtime on several ABC stations owned by the Hubbard family and its weighted cast of landlords, ""business leaders"" and
conservatives of varying pedigrees. Being a guy who doesn't get out much, I had no inkling of the production until yesterday morning, when I read an infomercial on the Star Tribune's op-ed page. It was a piece written by Kupchella touting his show. I could have thought, ""Cool! The Strib is now running paid promos in its editorial
section. Kind of like Budweiser decals on Nascars."" I hadn't stopped asking, ""What the f*ck is this? before several texts arrived asking if I knew
anything about the show."" Several of my woke, Marxist, anti-capitalist, eat-the-rich, let's all eat bugs-and-roots cronies were already smelling a new variation of a MAGA-marinated Liz Collin/Mrs. Bob Kroll attack on the faerie
lefty nymphs running Minneapolis... or in the case of Kupchella's piece, all of Minnesota. Not knowing anything about what was up, I told them that I only knew Kupchella from back in the
day and generally liked his work. As they say in the biz, ""He's good TV."" Not a raver. Not a ranter.
Adept at compiling statistics and delivering the goods with a genial, neighborly vibe. To a couple of my pals I did add, somewhat recklessly, that he was also ""a relentless self- promoter"", ""relentless"" probably being a bit much. But the point was the guy, even as a staff reporter for a corporate-owned TV station knew how to market his goods. As a media columnist at the time I always knew when a new Kupchella piece was about to drop. And as I say, they were
consistently ""above average."" Quality visuals. Lots of interviews... and stats.
Not that any of that guarantees a…",https://cdn.bsky.app/img/feed_fullsize/plain/did:plc:2yhglxsi2owchryafic2gmr3/bafkreidf6mfobxiukghnvyazhlst6y2ttw2q2profcokkuafxqrg37foim@jpeg,122,37,12,2025-10-04T01:23:44.449Z,2025-10-04T01:23:49.565Z,https://bsky.app/profile/dbrauer.net/post/3m2dgcvqmv22b,2025-12-20 19:57:57
bluesky,this is fine,everything is fine,at://did:plc:ql4ykel4bgsqzslwsa3lflh2/app.bsky.feed.post/3m27rulyj7s2v,prune602.bsky.social,Prune60,"‼️ Russia: “""Everything will be fine."" Kremlin bots have begun convincing Russians that there is no gasoline shortage and justifying rising fuel prices.”

The article points to comments on VKontakte (data from Botnadzor project) but I’ve seen it on Twitter too.

www.moscowtimes.ru/2025/10/02/v...",,https://cdn.bsky.app/img/feed_fullsize/plain/did:plc:ql4ykel4bgsqzslwsa3lflh2/bafkreifta5ekv7aw7malku4zypk42kxjohqyplxwy3tcc672a2pbktp25e@jpeg,129,9,10,2025-10-02T14:39:50.429Z,2025-10-02T14:39:52.457Z,https://bsky.app/profile/prune602.bsky.social/post/3m27rulyj7s2v,2025-12-20 19:58:06
bluesky,this is fine,everything is fine,at://did:plc:l35pvajgwmf764yoqqwrjrqc/app.bsky.feed.post/3m34doqgjmc2n,clareblackwood.bsky.social,Clare Blackwood,EVERYTHING IS FINE I AM FINE WE CAN STILL WIN THE GAME HA HA,,https://cdn.bsky.app/img/feed_fullsize/plain/did:plc:l35pvajgwmf764yoqqwrjrqc/bafkreiceu4jh3haipn7au22wfcnzsbsub436wpuxuo77lsqskoesbemp2u@jpeg,273,4,25,2025-10-13T23:13:13.770Z,2025-10-13T23:13:16.778Z,https://bsky.app/profile/clareblackwood.bsky.social/post/3m34doqgjmc2n,2025-12-20 19:58:14
bluesky,this is fine,everything is fine,at://did:plc:h7c6guekdlqqrqfy6fropvll/app.bsky.feed.post/3m33uoceils2m,loudestwoman.bsky.social,lex 💖🌈,"to CREATE a phenomenon. everything was designed, planned, choreographed, rehearsed. it didn't just fall into place - she meticulously positioned each piece. and that's why I'm totally fine with TK being featured in this docuseries - he is an important part of the story she told on this tour.",,https://cdn.bsky.app/img/feed_fullsize/plain/did:plc:h7c6guekdlqqrqfy6fropvll/bafkreihwxrcduiyiiaihq22nmsyesecuhv6m4s4tsedp22d2dxks7ehysu@jpeg,127,16,6,2025-10-13T18:44:32.911Z,2025-10-13T18:44:37.380Z,https://bsky.app/profile/loudestwoman.bsky.social/post/3m33uoceils2m,2025-12-20 19:58:16
bluesky,this is fine,everything is fine,at://did:plc:v2vbpw6vcdzhn6d6zfxepxx5/app.bsky.feed.post/3m2rbazcszc2y,kcg.bsky.social,kc g reen,my fan art for the everything is fine music video! a blessing to be a part of! @jellybox.bsky.social @genegoldstein.bsky.social help me spread da word to all folks who helped out!!,,https://cdn.bsky.app/img/feed_fullsize/plain/did:plc:v2vbpw6vcdzhn6d6zfxepxx5/bafkreicn6ghcchn5od5ssww47tphwv2yoxmsa6q56wkgo4kozrfhb32h6e@jpeg,1908,287,7,2025-10-09T13:30:28.728Z,2025-10-09T13:30:33.361Z,https://bsky.app/profile/kcg.bsky.social/post/3m2rbazcszc2y,2025-12-20 19:58:28
bluesky,this is fine,everything is fine,at://did:plc:x6v5h2nhtwvxohm4553pp5bp/app.bsky.feed.post/3m3qpw6jc5k2i,maladroithe.bsky.social,Maladroithe,Being child free is totally fine but holy shit some of you are just mentally ill about it,"r/childfree 4mo ago
Ok_Jackfruit572
What's so difficult to grasp about I DONT WANT THEM
Join
..•
RANT
I (29F) am the most staunchly CF person most people in my life will ever meet. I am VERY vocal about how I hate kids and see them as tools for the patriarchy only, how I consider pregnancy and childbirth domestic violence and how I pity every single pregnant woman/mom in existence, no matter how badly they thought or think they want that. How I believe that you can't love someone a woman and claim to want children from her, because why would you do that to someone you love? How I wholeheartedly do not care if we go extinct because the human species is surviving at the expense of women and always did, and how fetuses are growing tumors to me because they have the same potential for harming me if not more. How in an ideal world we would have separate CF everything (not just transport and restaurants, straight up separate city areas and if I never run into another kid again it will be too soon. I had to end the relationship with what would have otherwise been the live of my life because he, too, wanted to fucking breed. Every single interaction I am forced to have with kids is awkward and unpleasant for all parts involved.
So, you'd think people would get that I'm NOT HAVING ANY FUCKING KIDS EVER, right? Apparently not! Apparently one guy in my friend group (not the closest to me, but very tight knit as a group and has witnessed all of the above multiple times) thought it was circumstances-dependant, the same way he is only open to having them if he ever makes enough
Mannu and monto the riant naresh and the mariansant",https://cdn.bsky.app/img/feed_fullsize/plain/did:plc:x6v5h2nhtwvxohm4553pp5bp/bafkreiat73m6hta52bpjmryx3nuea6j4ivjvcnvstmaqsc56uljex5nthe@jpeg,138,12,24,2025-10-22T01:45:23.097Z,2025-10-22T01:45:26.857Z,https://bsky.app/profile/maladroithe.bsky.social/post/3m3qpw6jc5k2i,2025-12-20 19:58:33
bluesky,this is fine,everything is fine,at://did:plc:vwujyf6nlrywgnax3l3l4v3u/app.bsky.feed.post/3m3pgyiu4yc2p,audreyarrow.bsky.social,Audrey Arrow 🏹 NYC,In Heaven everything is fine,"NYC based escort & femdom companion Audrey Arrow kneels on a blue velvet chair next to a window and in front of a green and yellow wall. At the bottom of the frame are her legs, thick thighs apart, thigh tattoo facing the camera. Over her pussy she wears a black thong with vertical stripes, straps pulled high over her curvy hips. Her hourglass body curves up to her huge tits which are in the matching bra of her lingerie set. One of her tattoos can be seen on her chest, and her tattooed arm sleeve reaches down the length of her body, red manicured nails gripping her skin. Around her neck she wears a gold necklace with a white and black pendant. She has gold glasses over her blue eyes and pink lipstick on her lips, with her wavy blonde hair falling to the top of her big boobs.",https://cdn.bsky.app/img/feed_fullsize/plain/did:plc:vwujyf6nlrywgnax3l3l4v3u/bafkreibutvnjqvkzqt2rxyv6hkv2rqrbnsbsr4jtqvunzcrtlzuxufyzya@jpeg,114,12,5,2025-10-21T13:32:57.636Z,2025-10-21T13:32:59.955Z,https://bsky.app/profile/audreyarrow.bsky.social/post/3m3pgyiu4yc2p,2025-12-20 19:58:36
bluesky,this is fine,everything is fine,at://did:plc:cak4klqoj3bqgk5rj6b4f5do/app.bsky.feed.post/3m3nwgse6sc2m,mmasnick.bsky.social,Mike Masnick,Folks. I'm going to suggest that the interim United States attorney for the Eastern District of Virginia is... not very bright.,"Signal chat:

Ok, I was just wondering for planning purposes, but that's fine. I thought you said I was welcome to reach out to you about what other outlets are reporting. 15m

Why do you report on what other outlets are reporting? If I was you, I'd develop sources myself and out compete all of them! 12m

Well, I guess I'm a bit confused. You got in touch with me yesterday and told me I was welcome to reach out to you with questions. You obviously know better than anyone what's going on in this case. What was the purpose of reaching out to me, if not to open a line of communication? Was it just to insult my reporting? 4m

No it was for you to correct it, which you refused to do. You don't report fairly. 3m

I am more than happy to correct it, but you still haven't told me what's incorrect! What precisely is wrong with the tweet?
",https://cdn.bsky.app/img/feed_fullsize/plain/did:plc:cak4klqoj3bqgk5rj6b4f5do/bafkreif3vppibbfzhoxvprmoqk3dd3qcs6uho6lw5wipcna2b25uceo2ye@jpeg,659,101,23,2025-10-20T23:04:04.017Z,2025-10-20T23:04:07.256Z,https://bsky.app/profile/mmasnick.bsky.social/post/3m3nwgse6sc2m,2025-12-20 19:58:38
bluesky,this is fine,everything is fine,at://did:plc:vxyftob7pfdn3ntv3ysh7vtt/app.bsky.feed.post/3m3hdd4xlq22f,mcken84.bsky.social,McKenzie,Everything is fine about this guy 😍,,https://cdn.bsky.app/img/feed_fullsize/plain/did:plc:vxyftob7pfdn3ntv3ysh7vtt/bafkreiatia5ux3nhfzgs4enoaembybupo666c7ah6cymwftomixini7n3i@jpeg,121,7,2,2025-10-18T08:06:01.359Z,2025-10-18T08:06:03.757Z,https://bsky.app/profile/mcken84.bsky.social/post/3m3hdd4xlq22f,2025-12-20 19:58:47
bluesky,this is fine,everything is fine,at://did:plc:fjze7ezk7vpcq35mw44hxfmd/app.bsky.feed.post/3m3br5kmhi22h,aeroskymin.pmd.social,Aero🔞,"I do want feedback, how do things feel here? everything fun n fine? I think this is the final design for aero, unless somethings glaringly off",,https://cdn.bsky.app/img/feed_fullsize/plain/did:plc:fjze7ezk7vpcq35mw44hxfmd/bafkreid6wtrdrxv5ky2hmscjxnoq6mdt4avzwhbpkc2cojilf4aramufse@jpeg,294,74,35,2025-10-16T02:57:28.321Z,2025-10-16T02:57:30.725Z,https://bsky.app/profile/aeroskymin.pmd.social/post/3m3br5kmhi22h,2025-12-20 19:58:54
bluesky,this is fine,everything is fine,at://did:plc:n2ylkhqdzjykr3mwwdpmhcsd/app.bsky.feed.post/3m4tbrf2tzk2f,ironspike.bsky.social,Iron Spike,"ATTN: SUBMISSIONS FOR THE NEXT @ironcircuscomics.bsky.social ANTHOLOGY OPEN DECEMBER 1ST.

EVERYTHING IS FINE. NOTHING IS WRONG. WE HAVE ALWAYS BEEN AT WAR WITH EURASIA.

Start planning your submission to LIE MACHINE now!!

ironcircus.com/lie-machine/",,https://cdn.bsky.app/img/feed_fullsize/plain/did:plc:n2ylkhqdzjykr3mwwdpmhcsd/bafkreifxj4e2bws6cjy7fhd25z3ghttaiq4exr2btt6ixojmmpgclvivuy@jpeg,269,158,6,2025-11-04T19:35:20.662Z,2025-11-04T19:35:25.461Z,https://bsky.app/profile/ironspike.bsky.social/post/3m4tbrf2tzk2f,2025-12-20 19:59:09
bluesky,this is fine,everything is fine,at://did:plc:kzywcvcxqn5ujwmco5b5vi4u/app.bsky.feed.post/3m4qjf44ois2i,mistercrowbar.art,Mr. Crowbar has Brainworms,"Scritches (4-5/9)

Sorry Gale, your freak just doesn't match Aldiirn's, who failed on Insight and is now fairly convinced he stumbled on a topsider taboo. #art","This certainly isn't what Astarion expects. Curious, he prods, ""You and Gale always look like peas in a pod together. Wouldn't you want to have a long hard magic lesson with him?

""Shadows, no!"" Aldiirn blurts out. ""I thought we were getting along fine! Maybe we could be mates sometime. Friend mates,"" he makes clear, though the Under-accent coming through says it well enough. ""Then I find out he already fancies us more.""

""What am I to do now?"" Aldiirn turns to Astarion in utter bewilderment and distress. ""Gale is a client with a pending review. If I make him cross all those points will be bound for the abyss! And I can't dump him when his last ex is telling him to explode himself!""

Wouldn't that be wonderful, Astarion thinks to himself and tries not to smile too much. Exploding Gale aside, this is almost too good, but he has to be sure. ""You can't have been completely unaware of Gale's yearning all this time. Surely there's a mote of affection, a feeling from you he's clung to?""

""Maybe,"" Aldiirn hums evasively, ""When we had the tieflings at camp.""

Astarion leans in. It's so amusing to watch Aldiirn when he's without his courier-perfect persona.

""Gale and I were talking about his tressym..."" Aldiirn stammers out each word quieter than the last, ""and I made a joke about belly rubs.""",https://cdn.bsky.app/img/feed_fullsize/plain/did:plc:kzywcvcxqn5ujwmco5b5vi4u/bafkreidmjfzrdwzwpw32sm6xnlhkzcic2uil3uipg6zom4lmtbf32u6wu4@jpeg,100,14,1,2025-11-03T17:13:31.475Z,2025-11-03T17:13:51.914Z,https://bsky.app/profile/mistercrowbar.art/post/3m4qjf44ois2i,2025-12-20 19:59:12
bluesky,this is fine,everything is fine,at://did:plc:w6h6dprbvdrbaidpnbjhj7yi/app.bsky.feed.post/3m4qgxdmnh22h,askaubry.com,AskAubry 🦝 🐆,Play stupid games win stupid prizes. ,"AlTA for saying if you break, you buy?

Not the A-hole

I recently hosted a dinner party for my friends and I allowed them to bring their significant others and plus ones. One of my best friends of many years brought her boyfriend whom I have never met until now. During said party, her boyfriend wanted to show off his ability to do a handstand, effectively knocking into one of my tables and shattering a lot of expensive pottery and glassware. No one was hurt but everything was shattered beyond repair.

IG & Threads: @ask_aubry",https://cdn.bsky.app/img/feed_fullsize/plain/did:plc:w6h6dprbvdrbaidpnbjhj7yi/bafkreigprdrilp67k5ux5cnb52xe2jk36e2rxi63goblrvh5lvv623ba5y@jpeg,225,8,36,2025-11-03T16:30:09.000Z,2025-11-03T16:30:10.563Z,https://bsky.app/profile/askaubry.com/post/3m4qgxdmnh22h,2025-12-20 19:59:12
bluesky,this is fine,everything is fine,at://did:plc:ja2ga27vmfbmghzkca2pinok/app.bsky.feed.post/3m4hwcosxvs2t,owlsintowels.org,Owls in Towels,Happy #Owloween! It's the 31st of #Owltober and we've saved one of the best for last: A wet Ruru Owl at Wildbase Recovery after a bath for flaky skin. Pics pre- and post- blowdry are night and day. Want to donate? wildbaserecovery.co.nz/help-us/dona... Source: fb.com/389992264669... #owlsintowels 💛🦉,"A Ruru Owl is thoroughly bedraggled, wrapped in a blue towel after a bath. His cat-like eyes are fixed on the camera, wide and yellow. Feathers around the chest are matted and parted to expose skin that looks like, well... uncooked chicken breast. Green plastic boxes appear on a concrete slab behind.",https://cdn.bsky.app/img/feed_fullsize/plain/did:plc:ja2ga27vmfbmghzkca2pinok/bafkreigdzfhikasljlgqvtovtmgvsgqdcmkscf5ljlhnihqosgo23vt6iy@jpeg,100,35,3,2025-10-31T07:10:59.283Z,2025-10-31T07:11:06.160Z,https://bsky.app/profile/owlsintowels.org/post/3m4hwcosxvs2t,2025-12-20 19:59:21
bluesky,this is fine,everything is fine,at://did:plc:bft6i2a4rb4h4ifyyrmglqx3/app.bsky.feed.post/3m4ggscqoa22f,mashtateos.com,mash ⛄️☕️❄️,"Weretober Day 30
Everything is fine I'm sure 
#Weretober2025",,https://cdn.bsky.app/img/feed_fullsize/plain/did:plc:bft6i2a4rb4h4ifyyrmglqx3/bafkreid67uhyb6vf2ak5tofemwxfdlske552l23rxlfnhi4ereghkedtqq@jpeg,154,19,1,2025-10-30T17:00:43.856Z,2025-10-30T17:01:05.961Z,https://bsky.app/profile/mashtateos.com/post/3m4ggscqoa22f,2025-12-20 19:59:23
bluesky,this is fine,everything is fine,at://did:plc:npkuewe5l5gb7ply4flgyh4t/app.bsky.feed.post/3m5hhvi2pes2n,ffrancavilla.bsky.social,Francesco Francavilla,Happy to report I completed yet another trip around the sun and everything is fine... 💀👍🎉,A skull (my skull?!) with glasses in my studio,https://cdn.bsky.app/img/feed_fullsize/plain/did:plc:npkuewe5l5gb7ply4flgyh4t/bafkreif6lgac3s5muj672kqp4a2kp62btexsz54rr6ypbr45agmt6fiwhi@jpeg,222,2,34,2025-11-12T20:18:15.237Z,2025-11-12T20:18:37.556Z,https://bsky.app/profile/ffrancavilla.bsky.social/post/3m5hhvi2pes2n,2025-12-20 19:59:27
bluesky,this is fine,everything is fine,at://did:plc:5hyjbx4hnlxe5il24ydnn4sr/app.bsky.feed.post/3m5biigpre22l,flyingrodent.bsky.social,flyingrodent,"It’s suddenly an outrage and a travesty when it’s *you* that’s getting your balls kicked, isn’t it. Everything being captured by roaring crackpots was just fine, when it was only small people who don’t matter getting stomped by them.","BBC Radio 4 Today C
What is happening at the BBC?
4
@BBCr... •4h
@bbcnickrobinson has been trying to find out what led to Director General Tim Davie and BBC News CEO Deborah Turness resigning.
#RAToday",https://cdn.bsky.app/img/feed_fullsize/plain/did:plc:5hyjbx4hnlxe5il24ydnn4sr/bafkreigg3o5vhhz4qp7sp7zxpwuvdoqdb2yv5m2yxmu6qxvh3r42rixjo4@jpeg,119,33,2,2025-11-10T11:12:52.929Z,2025-11-10T11:12:56.757Z,https://bsky.app/profile/flyingrodent.bsky.social/post/3m5biigpre22l,2025-12-20 19:59:36
bluesky,this is fine,everything is fine,at://did:plc:35qnw32dc5vvwvyyjalsvoz3/app.bsky.feed.post/3m56aoo4sg22q,jotatx.bsky.social,Json Momoa,"Anyway this asshole is going to do some prison time in a few days, and I feel fine.
Under his watch 700.000 Brazilians died, families suffered hunger, job losses bankruptcies.

His trial, was transparent which makes everything even more pleasant.

I hope that the US replicate this soon.",,https://cdn.bsky.app/img/feed_fullsize/plain/did:plc:35qnw32dc5vvwvyyjalsvoz3/bafkreicx46kz7gwzzvmmxpwcidfrwgv2xxjesgdr4cqmgm7etxceojou44@jpeg,1299,269,43,2025-11-09T04:15:12.861Z,2025-11-09T04:15:16.262Z,https://bsky.app/profile/jotatx.bsky.social/post/3m56aoo4sg22q,2025-12-20 19:59:40
bluesky,this is fine,everything is fine,at://did:plc:fpkg2tzo673s2y5wgeghva2x/app.bsky.feed.post/3m53uhhf5ok2k,jellybox.bsky.social,Jellybox,THANKS SILVER LAKE SHORTS FOR SCREENING DA HOUND!!!,"Everything is fine music video screening
",https://cdn.bsky.app/img/feed_fullsize/plain/did:plc:fpkg2tzo673s2y5wgeghva2x/bafkreifqen66ez6jcf6jcafabjmczek76tx33qqyvufwsu7ucp6vehhjde@jpeg,164,13,1,2025-11-08T05:31:06.542Z,2025-11-08T05:31:11.956Z,https://bsky.app/profile/jellybox.bsky.social/post/3m53uhhf5ok2k,2025-12-20 19:59:43
bluesky,this is fine,everything is fine,at://did:plc:u3qtwr3xni67et44ip5vov2z/app.bsky.feed.post/3m5ymvgzboc2m,katharinehayhoe.com,Katharine Hayhoe,Giving Jane the final word here. She got it!,"A quote by Jane Goodall reading, ""Optimism says everything will be fine and pessimism says nothing will work out. Hope on the other hand has no uncertainties. It is the dogged determination to do what is in our power to make the better future we wish for to actually happen."" 

Quote is superimposed on a photo of her wearing a green patagonia jacket and comes from 1 million women.",https://cdn.bsky.app/img/feed_fullsize/plain/did:plc:u3qtwr3xni67et44ip5vov2z/bafkreid5yjncfmcyx2udqw4n7zf7aqtfan44onvwb4anku4bhm4itqb33i@jpeg,122,25,2,2025-11-19T16:02:58.394Z,2025-11-19T16:03:01.032Z,https://bsky.app/profile/katharinehayhoe.com/post/3m5ymvgzboc2m,2025-12-20 19:59:53
bluesky,this is fine,everything is fine,at://did:plc:kupiutq7zoe6rnadyq7wiukt/app.bsky.feed.post/3m5y3a7tqzk2o,fluffydog.bsky.social,Fluffy 🍼,"Nothing to see here… everything is totally fine.
Just a grown man sitting on his husband’s lap, getting a few embarrassing little bounces in his very wet diaper, totally normal right…? 

#ABDL #BDSM",,https://cdn.bsky.app/img/feed_fullsize/plain/did:plc:kupiutq7zoe6rnadyq7wiukt/bafkreihsiuxq4uyq3hco57muijka7jwoh53zotkxenclzc4pyeozsxdyi4@jpeg,202,14,6,2025-11-19T10:46:52.624Z,2025-11-19T10:46:59.655Z,https://bsky.app/profile/fluffydog.bsky.social/post/3m5y3a7tqzk2o,2025-12-20 19:59:54
bluesky,this is fine,everything is fine,at://did:plc:loncp7kzwfnebbzrzvb52ijo/app.bsky.feed.post/3m5tmhm7jus27,blahblah866.bsky.social,blahblah866 🔞,silksong au where kratt manages to bag gm silk and then everything is fine,,https://cdn.bsky.app/img/feed_fullsize/plain/did:plc:loncp7kzwfnebbzrzvb52ijo/bafkreiedtxska77dbash4tj7yjnrzf2w45liv7zzq5wlacuc5xelxf7my4@jpeg,128,10,1,2025-11-17T16:11:55.395Z,2025-11-17T16:13:30.758Z,https://bsky.app/profile/blahblah866.bsky.social/post/3m5tmhm7jus27,2025-12-20 20:00:02
bluesky,this is fine,everything is fine,at://did:plc:ix6mmusgqzjvzltkz2pzmeyj/app.bsky.feed.post/3m5rasklhqc2f,immachocoholic.bsky.social,Jean Kelsey,"Hi friends! I am going to take a break from social media for a little while. Everything is fine but it’s time for self care. My goal is to clear my mind and continue to find my peace as we head into the holiday season. Take care and be kind to yourself, too. See you soon. I’ll miss you 🤗","A landscape photo at sunrise is on the Connecticut shoreline is the top half of the picture and the bottom half has a quote from Maya Angelou that says: I’ve learned that people will forget what you said, people will forget what you did, but people will never forget how you made them feel. ",https://cdn.bsky.app/img/feed_fullsize/plain/did:plc:ix6mmusgqzjvzltkz2pzmeyj/bafkreicpggjuoxmfgfsgkxwkfo66cvr5nj5rcjkagj4i35y67b5c6kfr6e@jpeg,101,10,50,2025-11-16T17:37:58.407Z,2025-11-16T17:38:03.157Z,https://bsky.app/profile/immachocoholic.bsky.social/post/3m5rasklhqc2f,2025-12-20 20:00:04
bluesky,this is fine,everything is fine,at://did:plc:r7ddxlgkuw2jzsaj5bpgufol/app.bsky.feed.post/3m5p6ylzh7k2d,crizbn.com,Chris the Mew,"""Hey, is everything alright? It sounds like a zoo in there!""

""I'm vi-- I'm fine! Just, saaaaur… really bad allergies!""

I probably should've known that 'anti-allergy' meds would work differently from the normal kind…

( #Octransfur Day 28 - Powder, where I make my allergies *everybody's* problem.)",,https://cdn.bsky.app/img/feed_fullsize/plain/did:plc:r7ddxlgkuw2jzsaj5bpgufol/bafkreibkkjwxax66domiukzxt57cenndj3l5r7cu7wlmfypv4yeefhsxtm@jpeg,288,73,4,2025-11-15T22:00:14.278Z,2025-11-15T22:00:21.657Z,https://bsky.app/profile/crizbn.com/post/3m5p6ylzh7k2d,2025-12-20 20:00:07
bluesky,this is fine,everything is fine,at://did:plc:fjlenzea4ai4rfrn52nhsj7d/app.bsky.feed.post/3m5js2nh3ts2m,msperoni.bsky.social,Dreadful ExMile,I'm sure everything is fine with Raven today and she can totally be trusted.,"Fan art of Raven from DC Comics. She looks mostly normal, except she's got a creepy look on her face, four eyes, and antlers sprouting out of her head.",https://cdn.bsky.app/img/feed_fullsize/plain/did:plc:fjlenzea4ai4rfrn52nhsj7d/bafkreigxvroswy7y65hfnup2teio37xyo7resqoffjjxutpiotn5aqud2e@jpeg,116,27,2,2025-11-13T18:25:25.547Z,2025-11-13T18:25:30.480Z,https://bsky.app/profile/msperoni.bsky.social/post/3m5js2nh3ts2m,2025-12-20 20:00:14
bluesky,this is fine,everything is fine,at://did:plc:u2mohexo3qh4ewj246x34yhc/app.bsky.feed.post/3m6krcjoqis27,bananadaboi.bsky.social,Monsieur Banane,"Just gotta make sure everything is fine right? Don’t worry about getting hard it’s normal reaction 🤓
Dinofication for @whiplashhyena.bsky.social",,https://cdn.bsky.app/img/feed_fullsize/plain/did:plc:u2mohexo3qh4ewj246x34yhc/bafkreie6beaarcgvl64gpu3ni6m6brc3p3233js5ghds7bddfojyq3p3mu@jpeg,3337,770,17,2025-11-26T21:09:47.659Z,2025-11-26T21:09:53.331Z,https://bsky.app/profile/bananadaboi.bsky.social/post/3m6krcjoqis27,2025-12-20 20:00:18
bluesky,this is fine,everything is fine,at://did:plc:lamzlaxo4gvxvz65vsbrhvty/app.bsky.feed.post/3m6ajlyuaz22l,axidentaliberal.bsky.social,Adam Cohen (My Personal Views Only),"I don't care why Marjorie Taylor Greene is resigning. Her vile, noxious politics perfectly exemplify how MAGA is destroying America

She and Trump have basically been at the forefront of everything that's wrong with politics

It's fine that she's starting to recognize this-I guess

But good riddance",,https://cdn.bsky.app/img/feed_fullsize/plain/did:plc:lamzlaxo4gvxvz65vsbrhvty/bafkreievetu7xdaqpie2hi74fqojb3v26ebywptswjbyar2ucsfbzxagim@jpeg,112,22,11,2025-11-22T19:25:18.241Z,2025-11-22T19:25:20.031Z,https://bsky.app/profile/axidentaliberal.bsky.social/post/3m6ajlyuaz22l,2025-12-20 20:00:33
bluesky,this is fine,everything is fine,at://did:plc:nqii7wdzquc32oeqfrsh5bgh/app.bsky.feed.post/3m65akdiusc27,doriaplume.bsky.social,🪶 𝕯𝖔𝖗𝖎𝖆 🪶,"❤️🍎❤️

•
Everything is fine~
#HazbinHotelSeason2 #Lucifer #Charlie #Vaggie",,https://cdn.bsky.app/img/feed_fullsize/plain/did:plc:nqii7wdzquc32oeqfrsh5bgh/bafkreienaitujyhew2tx47ngc7ippfo4ii6r7cdj73aq2lsm6g2dpotzqm@jpeg,806,218,7,2025-11-21T12:05:19.402Z,2025-11-21T12:05:22.731Z,https://bsky.app/profile/doriaplume.bsky.social/post/3m65akdiusc27,2025-12-20 20:00:37
bluesky,this is fine,everything is fine,at://did:plc:2smsp52yon5fukmnd7pw2pqp/app.bsky.feed.post/3m5zztbtvrad2,ai6yr.m.ai6yr.org.ap.brid.gy,AI6YR Ben,"The Verge: Screw it, I’m installing Linux

https://www.theverge.com/tech/823337/switching-linux-gaming-desktop-cachyos

#win11 #linux","To be clear, my desktop works fine on Windows 11. But the general ratio of cool new features to egregious bullshit is low. I do not want to talk to my computer. I do not want to use OneDrive. I’m sure as hell not going to use Recall. I am tired of Windows trying to get me to use Edge, Edge trying to get me to use Bing, and everything trying to get me to use Copilot. I paid for an Office 365 subscription so I could edit Excel files. Then Office 365 turned into Copilot 365, and I tried to use it to open a Word document and it didn’t know how.

Meanwhile, Microsoft is ending support for Windows 10, including security updates, forcing people to buy new hardware or live with the risks.",https://cdn.bsky.app/img/feed_fullsize/plain/did:plc:2smsp52yon5fukmnd7pw2pqp/bafkreibaaj4htm2l4xgkueqzzcsdxe4n3n5az2nnxhx7elbr54pk2qbroq@jpeg,337,118,20,2025-11-20T05:26:53.000Z,2025-11-20T05:27:14.633Z,https://bsky.app/profile/ai6yr.m.ai6yr.org.ap.brid.gy/post/3m5zztbtvrad2,2025-12-20 20:00:41
bluesky,this is fine,everything is fine,at://did:plc:4yb2pjejfziah3eork7stm6j/app.bsky.feed.post/3m6ueemzufk2f,rachelgilmore.bsky.social,Rachel Gilmore,"This would be a lot funnier if he showed any remorse for the journalist he disrespected in that apple-chewing moment (and the many others he’s attacked)

Without that, it just kinda feels like all the press and pundits cheering are saying “yeah that was fine, this is all a game”","Michelle Rempel Garner shares a video of Pierre Poilievre crashing the press gallery dinner and going up to his impersonator, where both chew an apple as if mirror image

Rempel Garner posts with the caption “Tw@PierrePoilievre just pnwed the Parliamentary Press Gallery dinner and it was everything | needed in my life”",https://cdn.bsky.app/img/feed_fullsize/plain/did:plc:4yb2pjejfziah3eork7stm6j/bafkreiehwkk2cktkj52vqk4yi43csci5mnzf4w6nff367td57hqcox7qk4@jpeg,204,28,30,2025-11-30T16:44:57.010Z,2025-11-30T16:44:58.835Z,https://bsky.app/profile/rachelgilmore.bsky.social/post/3m6ueemzufk2f,2025-12-20 20:00:55
bluesky,this is fine,everything is fine,at://did:plc:ch3zu2atiw7rdoqspiwrwtcn/app.bsky.feed.post/3m6sjegory223,clydered.bsky.social,Clyde ❄️ [🎂12/31],"I may or may not have forgotten to check the height portion of @teuslow.bsky.social's dating profile, however...

Everything is going perfectly fine and definitely not chaotic in the slightest! Even if it gets a little ROUGH sometimes 🥴

(Super cute sketch page done by @zwiebelprinz.bsky.social  🧡💙)",,https://cdn.bsky.app/img/feed_fullsize/plain/did:plc:ch3zu2atiw7rdoqspiwrwtcn/bafkreic2prs7gupgb4rhtw6oti5v3fm64adctvwkqfkaiz4icv6antlrri@jpeg,149,45,5,2025-11-29T23:08:59.605Z,2025-11-29T23:09:06.037Z,https://bsky.app/profile/clydered.bsky.social/post/3m6sjegory223,2025-12-20 20:00:57
bluesky,this is fine,everything is fine,at://did:plc:sey7sepxyhnke3h5aa6ttbon/app.bsky.feed.post/3m6rparlxxc2z,theukrainianreview.bsky.social,The Ukrainian Review,"🙏🇺🇦 This is what Kyiv's ""Everything is fine"" sign looks like today - the sign on the doors of destroyed houses for rescuers. 

It means that everyone in the apartment is alive and does not need help.",,https://cdn.bsky.app/img/feed_fullsize/plain/did:plc:sey7sepxyhnke3h5aa6ttbon/bafkreihfjwj2dluytewlkfxddiudblg4alto3lbbw4huezvmsfhs4e2pku@jpeg,137,27,1,2025-11-29T15:21:39.542Z,2025-11-29T15:21:43.928Z,https://bsky.app/profile/theukrainianreview.bsky.social/post/3m6rparlxxc2z,2025-12-20 20:00:59
bluesky,this is fine,everything is fine,at://did:plc:joie3fdc2gh4hywzab7fdw2z/app.bsky.feed.post/3m6pmrrcg5s2k,fieldexplores.bsky.social,FieldExplores (Gator Days),No Children (Part 1) - Gator Days,"No Children (Part 1) - Gator Days

Transcript

Panel 1

Iris is busy working when August pops into her office.

August: IRIS! I need a favor.

Iris: You're not supposed to be here today.

Panel 2

August looks a little desperate and seems to be in a real bind. Iris knows he wouldn't ask for help unless he truly needs it.

August: I was called in for an emergency. I need help and you're the only one I trust.

Iris: Fine.

Panel 3

August has left his son, Gustopher. Iris regrets everything. Gustopher is looking around with curiosity. There's not a whole lot to see. In the back is a poster with an angry cat hanging onto a rope. The the poster says ""HANG IN THERE AND GET REVENGE"".

Panel 4

Gustopher decides to ask an important question.

Gustopher: Does your phone have games?

Iris: Yes.

Gustopher: Can I play them?

Iris: Absolutely not.

Iris does not like dealing with children.",https://cdn.bsky.app/img/feed_fullsize/plain/did:plc:joie3fdc2gh4hywzab7fdw2z/bafkreibhcdemgksetcm7rj6vkutckam4qpup5jse3ny5by3tdah5md5f64@jpeg,2679,300,26,2025-11-28T19:32:08.940Z,2025-11-28T19:32:15.233Z,https://bsky.app/profile/fieldexplores.bsky.social/post/3m6pmrrcg5s2k,2025-12-20 20:01:02
bluesky,this is fine,everything is fine,at://did:plc:3eueg42gb4r6qbjxderbvyk7/app.bsky.feed.post/3m7lyx2shck26,nashishereforit.bsky.social,Nash Is Here For It,"I’m fine. It’s fine. 
Everything is fine. 

~Dozy Donald",,https://cdn.bsky.app/img/feed_fullsize/plain/did:plc:3eueg42gb4r6qbjxderbvyk7/bafkreicmm34empykx36cgmoapitglw7oqm6lycbp3xx5qcpwzod5tlxm3u@jpeg,131,33,29,2025-12-10T02:24:24.265Z,2025-12-10T02:24:26.535Z,https://bsky.app/profile/nashishereforit.bsky.social/post/3m7lyx2shck26,2025-12-20 20:01:14
bluesky,this is fine,everything is fine,at://did:plc:5mqpgxjffcckasqv7h6g7itu/app.bsky.feed.post/3m7londypuk2x,ottoenglish.bsky.social,Otto English,"The ""Mayor of Braintree"" wrote a post on Facebook about flagshaggers, and everyone lost their minds... because most people don't take as much as a second to check the source they're reading","You said, we did: first fines issued for
fly-flagging!


X


Following an increase in flags being
inappropriately hung from Braintree's
lampposts and other roadside furniture, we
have introduced a new bylaw that prohibits
unauthorised public flag installations.


Fly-flagging is now treated similarly to
fly-tipping, as the flags - often of poor quality
and made overseas - rapidly disintegrate,
tangle around branches or posts, and
generally look untidy.


We are having to maintain or remove old
flags at great expense to the taxpayer, so this
new law will hopefully deter would-be
fly-flaggers.


Fines of up to £3,000 may be issued to
offenders as they will need to cover the cost
of removing the unsafe or soiled flags.


Yesterday morning saw the first fines issu",https://cdn.bsky.app/img/feed_fullsize/plain/did:plc:5mqpgxjffcckasqv7h6g7itu/bafkreib3zy6uyzf3524cannqsatb37bdwaogpdr6luxp35l4cb6lnypoqq@jpeg,182,21,12,2025-12-09T23:20:00.913Z,2025-12-09T23:20:05.252Z,https://bsky.app/profile/ottoenglish.bsky.social/post/3m7londypuk2x,2025-12-20 20:01:15
bluesky,this is fine,everything is fine,at://did:plc:ypns5wevomqa7enosetp5g76/app.bsky.feed.post/3m7l4oyk3g223,huntnfish8.bsky.social,MJM Grand,"Happy #TongueoutTuesday

My favorite picture of Ruby

Captures her Joyful Personality Perfectly 

She had a little health scare yesterday—everything was fine..

“Yes… I will accept my Best Actress award for ‘Most Outstanding Retriever”

#Portrait #blackandwhite #monochrome #joy #Eastcoastkin","In the dramatic black-and-white lighting, she looks less like a playful trail-running golden and more like a classic film star caught in a quiet moment between scenes. Her profile is elegant, her expression thoughtful, joyful, and that slightly lolling tongue reminds you she’s still very much Ruby—equal parts grace and goof.

With the background falling away into darkness, all the attention centers on her gentle eye and the soft waves of her fur. It’s as if the camera caught her right after she decided something important.

A beautiful, soulful portrait of Ruby—calm, luminous, and utterly herself.
",https://cdn.bsky.app/img/feed_fullsize/plain/did:plc:ypns5wevomqa7enosetp5g76/bafkreiewwybspmzc76sv5rd5pkllgnghgvobpdhbwq3mb5lbx7lossayvm@jpeg,106,6,4,2025-12-09T17:58:48.681Z,2025-12-09T17:58:53.538Z,https://bsky.app/profile/huntnfish8.bsky.social/post/3m7l4oyk3g223,2025-12-20 20:01:16
bluesky,this is fine,everything is fine,at://did:plc:knedsmb3jpvbc3jv7hrizkzf/app.bsky.feed.post/3m7dlxudfkc2q,eddybelly.bsky.social,Eddy Belly,"World Eater Snake doing the whole world eating part.

Both the Sol System size and the ""I ate literally everything else and kept this dumbass planet last"" size

It okay, this is an alt timeline, just one of the instance of everyone being ""united"" inside me; you all fine.

#eddybellyart #fatfur #blob","A large white-blue snake with dark spots, hungrily looking at a planet, while occupying most of space.",https://cdn.bsky.app/img/feed_fullsize/plain/did:plc:knedsmb3jpvbc3jv7hrizkzf/bafkreibq2hlapck4cl5x35alylhcalvuyvm7cufohnziaml6pssuq33tby@jpeg,121,28,7,2025-12-06T18:10:54.484Z,2025-12-06T18:10:58.034Z,https://bsky.app/profile/eddybelly.bsky.social/post/3m7dlxudfkc2q,2025-12-20 20:01:25
bluesky,this is fine,everything is fine,at://did:plc:m4djjigm4atilkydppvrfxll/app.bsky.feed.post/3m76x7z3xp22h,wpnzdthickness.bsky.social,Weaponized Thickness,"welcome to the park, everything is fine",Knights of Guinevere,https://cdn.bsky.app/img/feed_fullsize/plain/did:plc:m4djjigm4atilkydppvrfxll/bafkreibz67b4gsz7t6pee7h7orz7pkzhrkkcrbqynaywgcr6q5q7an3h3e@jpeg,363,73,5,2025-12-04T21:49:00.384Z,2025-12-04T21:49:08.230Z,https://bsky.app/profile/wpnzdthickness.bsky.social/post/3m76x7z3xp22h,2025-12-20 20:01:32
bluesky,this is fine,everything is fine,at://did:plc:t46sqvutibvsmjgwn6r6izve/app.bsky.feed.post/3ma5nb77xl22u,yasharali.bsky.social,Yashar Ali 🐘,"1. Congressman Randy Fine is not only a horrible, cruel human being; he’s also deeply stupid.

If he believes Nick Fuentes is a neo-Nazi extremist, why is he treating him here as some sort of moral authority?

Why is he treating Nick as someone whose silence or speech deserves weight?","Congressman Randy Fine
X.com
@RepFine
Not one word from Nick Fuentes on the Muslim terror attacks that happened over the weekend.
This tells us everything we need to know.
People like Fuentes who refuse to speak out against Muslim terror are part of the problem.",https://cdn.bsky.app/img/feed_fullsize/plain/did:plc:t46sqvutibvsmjgwn6r6izve/bafkreiff6edkn6oqqnm5sjne4qvhg45fkvep5aimrnr6dinekfxb2pmexa@jpeg,142,16,5,2025-12-17T02:43:14.831Z,2025-12-17T02:43:16.732Z,https://bsky.app/profile/yasharali.bsky.social/post/3ma5nb77xl22u,2025-12-20 20:01:39
bluesky,this is fine,everything is fine,at://did:plc:sova4nkq6tdg3nfllxbnagsg/app.bsky.feed.post/3ma4oqw5u3y2k,frogandtoadbot.bsky.social,Frog and Toad Bot,"“But Toad,” said Frog, “I AM happy. I am very happy. This morning when I woke up, I felt good because the sun was shining. I felt good because I was a frog. And I felt good because I have you for a friend. I wanted to be alone. I wanted to think about how fine everything is.”","Frog exclaims to Toad that he is happy.

From ""Alone""
In *Days with Frog and Toad*",https://cdn.bsky.app/img/feed_fullsize/plain/did:plc:sova4nkq6tdg3nfllxbnagsg/bafkreig4qv3u3elkgiwvkaabmzg5rouwgekweg3gehljos5qjt5kmvsegi@jpeg,190,42,1,2025-12-16T17:37:16.171749+00:00,2025-12-16T17:37:16.730Z,https://bsky.app/profile/frogandtoadbot.bsky.social/post/3ma4oqw5u3y2k,2025-12-20 20:01:41
bluesky,this is fine,everything is fine,at://did:plc:33vyq3vspwgzrbgyzwdhlui4/app.bsky.feed.post/3m7znuichq22e,abzzzz.bsky.social,VT365,"""Just do your best
Do everything you can
And don't you worry what their bitter hearts 
Are gonna say
It just takes some time
Little girl, you're in the middle of the ride
Everything, everything'll be just fine
Everything everything'll be alright,alright"" The Middle/Jimmy Eat World
#VT365 
#StreetArt","Photo of a street art mural on a brick wall in Rutland VT artist Kathryn Weigers showing a baby monkey hugging a white dove and holding a balloon that has the words ""everything is going to be ok"" on it",https://cdn.bsky.app/img/feed_fullsize/plain/did:plc:33vyq3vspwgzrbgyzwdhlui4/bafkreihq7slvroikxhmqo576lpesagugf4u7qqt6qpi4k64puown5wcboa@jpeg,1291,184,31,2025-12-15T12:43:22.871Z,2025-12-15T12:43:26.331Z,https://bsky.app/profile/abzzzz.bsky.social/post/3m7znuichq22e,2025-12-20 20:01:46
bluesky,this is fine,everything is fine,at://did:plc:n76sm3im7upyagjiumb3dirr/app.bsky.feed.post/3m7srrh6nsk2y,soengery.bsky.social,Marie Enger,"This week has been just a lot of emotional overstimulation and everything is gonna be fine, it's just like woah.","A drawing of rat pit the vat spawn saying ""awful!""",https://cdn.bsky.app/img/feed_fullsize/plain/did:plc:n76sm3im7upyagjiumb3dirr/bafkreiab6mrjjhs26rfx77segwyusdksxzorwviroeoqi6l372imlexewq@jpeg,134,8,2,2025-12-12T19:04:37.894Z,2025-12-12T19:04:42.436Z,https://bsky.app/profile/soengery.bsky.social/post/3m7srrh6nsk2y,2025-12-20 20:01:54
