platform,meme_template,search_query,post_id,author_handle,author_display,caption,alt_text,image_url,likes,reposts,replies,created_at,indexed_at,post_url,image_path,image_width,image_height,template_id,template_name
reddit,change my mind,"""change my mind""",1pl0f4v,Pilozox,Pilozox,Mathematics ain't lyin',,https://i.redd.it/8wclljf6ot6g1.jpeg,1134,,88,2025-12-12T19:12:31+00:00,2025-12-22T13:54:28.847892,https://www.reddit.com/r/memes/comments/1pl0f4v/mathematics_aint_lyin/,,,,0,change my mind
reddit,change my mind,"""change my mind""",1pi3cxv,SouthernOccasion8117,SouthernOccasion8117,Take It Back now Y'all!,,https://i.redd.it/i374itolf56g1.png,18,,3,2025-12-09T09:40:56+00:00,2025-12-22T13:54:28.847892,https://www.reddit.com/r/memes/comments/1pi3cxv/take_it_back_now_yall/,,,,0,change my mind
reddit,change my mind,"""change my mind""",1pgwbhi,ScotChattersonz,ScotChattersonz,Change My Mind,,https://i.redd.it/1dx0goa74v5g1.jpeg,0,,3,2025-12-07T22:59:07+00:00,2025-12-22T13:54:28.847892,https://www.reddit.com/r/memes/comments/1pgwbhi/change_my_mind/,,,,0,change my mind
reddit,change my mind,"""change my mind""",1pguoc9,Terrabert,Terrabert,Change my mind!,,https://i.redd.it/w5j5eu2zru5g1.jpeg,40,,4,2025-12-07T21:50:05+00:00,2025-12-22T13:54:28.847892,https://www.reddit.com/r/memes/comments/1pguoc9/change_my_mind/,,,,0,change my mind
reddit,change my mind,"""change my mind""",1p8tfpg,DrAGoNZ_ArE_REal,DrAGoNZ_ArE_REal,they've been acting kinda sus (late meme),,https://i.redd.it/bss7ubhmpz3g1.png,0,,15,2025-11-28T12:17:40+00:00,2025-12-22T13:54:28.847892,https://www.reddit.com/r/memes/comments/1p8tfpg/theyve_been_acting_kinda_sus_late_meme/,,,,0,change my mind
reddit,change my mind,"""change my mind""",1p6igof,Imaginary_Emu7615,Imaginary_Emu7615,anime is educational change my mind,,https://i.redd.it/vc1r6k4ctf3g1.png,682,,56,2025-11-25T17:23:21+00:00,2025-12-22T13:54:28.847892,https://www.reddit.com/r/memes/comments/1p6igof/anime_is_educational_change_my_mind/,,,,0,change my mind
reddit,change my mind,"""change my mind""",1p3tuoj,responsible_use_only,responsible_use_only,Why is he still accepted anywhere at all?,,https://i.redd.it/zkelwh3wdt2g1.jpeg,0,,19,2025-11-22T13:57:02+00:00,2025-12-22T13:54:28.847892,https://www.reddit.com/r/memes/comments/1p3tuoj/why_is_he_still_accepted_anywhere_at_all/,,,,0,change my mind
reddit,change my mind,"""change my mind""",1owg5ld,Xerzajik,Xerzajik,Nickels are the better product. Change my Mind!,,https://i.redd.it/pkq7nxmkw31g1.jpeg,34,,5,2025-11-13T23:12:01+00:00,2025-12-22T13:54:28.847892,https://www.reddit.com/r/memes/comments/1owg5ld/nickels_are_the_better_product_change_my_mind/,,,,0,change my mind
reddit,change my mind,"""change my mind""",1oprjhn,Luminexia1201,Luminexia1201,Change my Mind,,https://i.redd.it/kc92l2gdykzf1.png,0,,11,2025-11-06T06:23:21+00:00,2025-12-22T13:54:28.847892,https://www.reddit.com/r/memes/comments/1oprjhn/change_my_mind/,,,,0,change my mind
reddit,change my mind,"""change my mind""",1o7bk2t,CaptianBrasiliano,CaptianBrasiliano,A succulent Chinese meal?,,https://i.redd.it/8owp3ke56avf1.jpeg,110,,15,2025-10-15T13:50:47+00:00,2025-12-22T13:54:28.847892,https://www.reddit.com/r/memes/comments/1o7bk2t/a_succulent_chinese_meal/,,,,0,change my mind
reddit,change my mind,"""change my mind""",1nzd7oq,New-Winner-1410,New-Winner-1410,Me every single Monday,,https://i.redd.it/qkk423119gtf1.jpeg,26,,24,2025-10-06T08:09:44+00:00,2025-12-22T13:54:28.847892,https://www.reddit.com/r/memes/comments/1nzd7oq/me_every_single_monday/,,,,0,change my mind
reddit,change my mind,"""change my mind""",1nqv6e2,sergemeister,sergemeister,Pepperoni is a Basic B*tch,,https://i.redd.it/tnranygwqgrf1.jpeg,0,,15,2025-09-26T07:41:15+00:00,2025-12-22T13:54:28.847892,https://www.reddit.com/r/memes/comments/1nqv6e2/pepperoni_is_a_basic_btch/,,,,0,change my mind
reddit,change my mind,"""change my mind""",1npyn65,Ranger_Hawk3046,Ranger_Hawk3046,"Samsung>>> apple, try changing my mind",,https://i.redd.it/by26ahvwz8rf1.jpeg,4868,,842,2025-09-25T05:37:32+00:00,2025-12-22T13:54:28.847892,https://www.reddit.com/r/memes/comments/1npyn65/samsung_apple_try_changing_my_mind/,,,,0,change my mind
reddit,change my mind,"""change my mind""",1nmlyai,jsah8,jsah8,It should work better ig,,https://i.redd.it/yomrstov3hqf1.png,184,,1,2025-09-21T07:49:53+00:00,2025-12-22T13:54:28.847892,https://www.reddit.com/r/memes/comments/1nmlyai/it_should_work_better_ig/,,,,0,change my mind
reddit,change my mind,"""change my mind""",1nitwhk,biggerppgfan,biggerppgfan,Imagine your bloodline in a situation so bad that your older sibling changes roles,,https://i.redd.it/7gk0apovdlpf1.jpeg,0,,2,2025-09-16T21:10:08+00:00,2025-12-22T13:54:28.847892,https://www.reddit.com/r/dankmemes/comments/1nitwhk/imagine_your_bloodline_in_a_situation_so_bad_that/,,,,0,change my mind
reddit,change my mind,"""change my mind""",1mz9k14,heyAkaKitsune,heyAkaKitsune,Need a brain transplant,,https://i.redd.it/mjchtbs8n1lf1.jpeg,115,,4,2025-08-24T22:29:40+00:00,2025-12-22T13:54:28.847892,https://www.reddit.com/r/dankmemes/comments/1mz9k14/need_a_brain_transplant/,,,,0,change my mind
reddit,change my mind,"""change my mind""",1my0i4l,ApollonSerg,ApollonSerg,UE5 is garbage and you can't change my mind.,,https://i.redd.it/pm0vz9r4mrkf1.jpeg,308,,122,2025-08-23T12:45:11+00:00,2025-12-22T13:54:28.847892,https://www.reddit.com/r/memes/comments/1my0i4l/ue5_is_garbage_and_you_cant_change_my_mind/,,,,0,change my mind
reddit,change my mind,"""change my mind""",1mpmswk,King_Yeeticus728,King_Yeeticus728,Change My Mind...You Can't,,https://i.redd.it/qwtmj8cxzvif1.jpeg,9,,0,2025-08-14T01:21:24+00:00,2025-12-22T13:54:28.847892,https://www.reddit.com/r/memes/comments/1mpmswk/change_my_mindyou_cant/,,,,0,change my mind
reddit,change my mind,"""change my mind""",1mj71ri,BrainArson,BrainArson,"I'm just jealous, that's all.",,https://i.redd.it/rss6w8q3zehf1.jpeg,7,,0,2025-08-06T15:02:19+00:00,2025-12-22T13:54:28.847892,https://www.reddit.com/r/memes/comments/1mj71ri/im_just_jealous_thats_all/,,,,0,change my mind
reddit,change my mind,"""change my mind""",1mj3gac,Kitchen_Knee4860,Kitchen_Knee4860,This will make all the YT shorts kids mad,,https://i.redd.it/tess43xr8ehf1.jpeg,0,,19,2025-08-06T12:34:46+00:00,2025-12-22T13:54:28.847892,https://www.reddit.com/r/memes/comments/1mj3gac/this_will_make_all_the_yt_shorts_kids_mad/,,,,0,change my mind
reddit,change my mind,"""change my mind""",1mgnkpy,all_is_okay,all_is_okay,Sorry pumpkin,,https://i.redd.it/hmh38fmrztgf1.png,20,,1,2025-08-03T16:28:39+00:00,2025-12-22T13:54:28.847892,https://www.reddit.com/r/memes/comments/1mgnkpy/sorry_pumpkin/,,,,0,change my mind
reddit,change my mind,"""change my mind""",1mgi45r,all_is_okay,all_is_okay,Sorry pumpkin,,https://i.redd.it/zisq2hdrtsgf1.png,806,,11,2025-08-03T12:33:12+00:00,2025-12-22T13:54:28.847892,https://www.reddit.com/r/dankmemes/comments/1mgi45r/sorry_pumpkin/,,,,0,change my mind
reddit,change my mind,"""change my mind""",1mfpdwy,GenericAHHyoutuber,GenericAHHyoutuber,Change my mind,,https://i.redd.it/xyz22pbdolgf1.jpeg,51,,4,2025-08-02T12:30:31+00:00,2025-12-22T13:54:28.847892,https://www.reddit.com/r/memes/comments/1mfpdwy/change_my_mind/,,,,0,change my mind
reddit,change my mind,"""change my mind""",1lksvhb,OneLiterature2897,OneLiterature2897,Change my mind,,https://i.redd.it/jgs02i3ns79f1.jpeg,2381,,60,2025-06-26T06:20:34+00:00,2025-12-22T13:54:28.847892,https://www.reddit.com/r/dankmemes/comments/1lksvhb/change_my_mind/,,,,0,change my mind
reddit,change my mind,"""change my mind""",1lf9sol,SouHiyoriReviews,SouHiyoriReviews,You Can’t Change My Mind,,https://i.redd.it/o4jjnamypv7f1.jpeg,13,,4,2025-06-19T12:40:03+00:00,2025-12-22T13:54:28.847892,https://www.reddit.com/r/memes/comments/1lf9sol/you_cant_change_my_mind/,,,,0,change my mind
reddit,change my mind,"""change my mind""",1kh7t9m,Desperate-Grocery-53,Desperate-Grocery-53,Chuck would win - change my mind!,,https://i.redd.it/tf8ig8347fze1.jpeg,8,,23,2025-05-07T20:33:40+00:00,2025-12-22T13:54:28.847892,https://www.reddit.com/r/memes/comments/1kh7t9m/chuck_would_win_change_my_mind/,,,,0,change my mind
reddit,change my mind,"""change my mind""",1kek9j4,Ancelly,Ancelly,I change my mind.,,https://i.redd.it/p8u0hlbgsrye1.jpeg,37,,4,2025-05-04T13:50:18+00:00,2025-12-22T13:54:28.847892,https://www.reddit.com/r/memes/comments/1kek9j4/i_change_my_mind/,,,,0,change my mind
reddit,change my mind,"""change my mind""",1k76xp5,plzhelpIdieing,plzhelpIdieing,"Change my mind, lets see you try.",,https://i.redd.it/j0l43hkmdvwe1.jpeg,41,,0,2025-04-24T23:45:27+00:00,2025-12-22T13:54:28.847892,https://www.reddit.com/r/memes/comments/1k76xp5/change_my_mind_lets_see_you_try/,,,,0,change my mind
reddit,change my mind,"""change my mind""",1jugykq,National-Frame8712,National-Frame8712,"Mods are gae, change my mind",,https://i.redd.it/dsu51snxumte1.jpeg,255,,0,2025-04-08T15:53:59+00:00,2025-12-22T13:54:28.847892,https://www.reddit.com/r/dankmemes/comments/1jugykq/mods_are_gae_change_my_mind/,,,,0,change my mind
reddit,change my mind,"""change my mind""",1jqo9bu,Xerzajik,Xerzajik,Change my mind,,https://i.redd.it/prqcuw67lnse1.png,162,,13,2025-04-03T17:17:17+00:00,2025-12-22T13:54:28.847892,https://www.reddit.com/r/memes/comments/1jqo9bu/change_my_mind/,,,,0,change my mind
reddit,change my mind,"""change my mind""",1jczse7,Naghutfrenmey,Naghutfrenmey,You can't change my mind,,https://i.redd.it/xyrdxmgw65pe1.png,17,,8,2025-03-17T00:12:28+00:00,2025-12-22T13:54:28.847892,https://www.reddit.com/r/memes/comments/1jczse7/you_cant_change_my_mind/,,,,0,change my mind
reddit,change my mind,"""change my mind""",1j8e1nk,Efficient_Minute_698,Efficient_Minute_698,It’s superior to all others change my mind,,https://i.redd.it/1dm305i0gyne1.jpeg,11,,3,2025-03-11T00:26:56+00:00,2025-12-22T13:54:28.847892,https://www.reddit.com/r/memes/comments/1j8e1nk/its_superior_to_all_others_change_my_mind/,,,,0,change my mind
reddit,change my mind,"""change my mind""",1ima0ai,ChimkimNugger,ChimkimNugger,Gwen Paltrow is female Joe Rogan,,https://i.redd.it/hgw4cv728cie1.jpeg,107,,9,2025-02-10T16:23:04+00:00,2025-12-22T13:54:28.847892,https://www.reddit.com/r/memes/comments/1ima0ai/gwen_paltrow_is_female_joe_rogan/,,,,0,change my mind
reddit,change my mind,"""change my mind""",1epshfm,Tomafix,Tomafix,Change my mind,,https://i.redd.it/w50gz68z03id1.jpeg,14,,10,2024-08-11T18:57:56+00:00,2025-12-22T13:54:28.847892,https://www.reddit.com/r/memes/comments/1epshfm/change_my_mind/,,,,0,change my mind
reddit,change my mind,"""change my mind""",1eciys7,PinguFella,PinguFella,Making different rules for people based on something will never stop that society from from treating people differently based on that something - change my mind.,,https://i.redd.it/q6ruv6hkoted1.jpeg,4,,5,2024-07-26T08:26:57+00:00,2025-12-22T13:54:28.847892,https://www.reddit.com/r/memes/comments/1eciys7/making_different_rules_for_people_based_on/,,,,0,change my mind
reddit,change my mind,"""change my mind""",1e4tg3v,MembraneintheInzane,MembraneintheInzane,There's an E in judgement and a U in favour. I will not change my mind.,,https://i.redd.it/11h3te52twcd1.jpeg,9663,,593,2024-07-16T16:44:49+00:00,2025-12-22T13:54:28.847892,https://www.reddit.com/r/memes/comments/1e4tg3v/theres_an_e_in_judgement_and_a_u_in_favour_i_will/,,,,0,change my mind
reddit,change my mind,"""change my mind""",1e0abtt,RobotAssassin951,RobotAssassin951,The average Redditor is single; change my mind,,https://i.redd.it/3b8amuc00sbd1.jpeg,515,,59,2024-07-10T23:28:07+00:00,2025-12-22T13:54:28.847892,https://www.reddit.com/r/memes/comments/1e0abtt/the_average_redditor_is_single_change_my_mind/,,,,0,change my mind
reddit,change my mind,"""change my mind""",1dtk3bm,danny_divillo,danny_divillo,The internet is just the wiki for earth. Change my mind.,,https://i.redd.it/jt4eqvj2i3ad1.jpeg,51,,2,2024-07-02T12:00:39+00:00,2025-12-22T13:54:28.847892,https://www.reddit.com/r/memes/comments/1dtk3bm/the_internet_is_just_the_wiki_for_earth_change_my/,,,,0,change my mind
reddit,change my mind,"""change my mind""",1d2l68i,SensingWorms,SensingWorms,It’s Possible,,https://i.redd.it/z5z288pbj63d1.jpeg,0,,0,2024-05-28T14:44:05+00:00,2025-12-22T13:54:28.847892,https://www.reddit.com/r/memes/comments/1d2l68i/its_possible/,,,,0,change my mind
reddit,change my mind,"""change my mind""",1ctsrix,Lyoko01,Lyoko01,In his house at R'lyeh dead Cthulhu waits dreaming change my mind,,https://i.redd.it/lurp60v7xv0d1.jpeg,2,,1,2024-05-17T00:54:06+00:00,2025-12-22T13:54:28.847892,https://www.reddit.com/r/memes/comments/1ctsrix/in_his_house_at_rlyeh_dead_cthulhu_waits_dreaming/,,,,0,change my mind
reddit,change my mind,"""change my mind""",1ctoj2a,fleshandcolor,fleshandcolor,Lilac with a hint of decay.,,https://i.redd.it/8lii3vs1xu0d1.jpeg,59,,4,2024-05-16T21:31:22+00:00,2025-12-22T13:54:28.847892,https://www.reddit.com/r/memes/comments/1ctoj2a/lilac_with_a_hint_of_decay/,,,,0,change my mind
reddit,change my mind,"""change my mind""",1crcerh,SMONpl,SMONpl,spore is a way better game than Hoi4 change my mind,,https://i.redd.it/tldndpofs90d1.png,50,,5,2024-05-13T22:28:17+00:00,2025-12-22T13:54:28.847892,https://www.reddit.com/r/memes/comments/1crcerh/spore_is_a_way_better_game_than_hoi4_change_my/,,,,0,change my mind
reddit,change my mind,"""change my mind""",1cpgr6e,BrockBracken,BrockBracken,Change my mind,,https://i.redd.it/c6ztqh51nszc1.jpeg,26,,1,2024-05-11T12:47:31+00:00,2025-12-22T13:54:28.847892,https://www.reddit.com/r/memes/comments/1cpgr6e/change_my_mind/,,,,0,change my mind
reddit,change my mind,"""change my mind""",1c0fwuq,Chris15252,Chris15252,Dark mode is superior and you can’t change my mind,,https://i.redd.it/7rrby85cvltc1.jpeg,2070,,66,2024-04-10T07:36:48+00:00,2025-12-22T13:54:28.847892,https://www.reddit.com/r/memes/comments/1c0fwuq/dark_mode_is_superior_and_you_cant_change_my_mind/,,,,0,change my mind
reddit,change my mind,"""change my mind""",1bt40oo,definitely_Joseph,definitely_Joseph,Best written video game character and you can't change my mind,,https://i.redd.it/g9odee75gvrc1.jpeg,22,,4,2024-04-01T13:41:12+00:00,2025-12-22T13:54:28.847892,https://www.reddit.com/r/memes/comments/1bt40oo/best_written_video_game_character_and_you_cant/,,,,0,change my mind
reddit,change my mind,"""change my mind""",1b2u3dc,firechaos70,firechaos70,Change my mind,,https://i.redd.it/g2dc2v5h2hlc1.jpeg,62,,35,2024-02-29T06:54:57+00:00,2025-12-22T13:54:28.847892,https://www.reddit.com/r/memes/comments/1b2u3dc/change_my_mind/,,,,0,change my mind
reddit,change my mind,"""change my mind""",1b2phpv,Nookiguak,Nookiguak,Change my mind,,https://i.redd.it/jxm4u2ciuflc1.jpeg,542,,12,2024-02-29T02:48:26+00:00,2025-12-22T13:54:28.847892,https://www.reddit.com/r/dankmemes/comments/1b2phpv/change_my_mind/,,,,0,change my mind
reddit,change my mind,"""change my mind""",1amkjj8,PJ-The-Awesome,PJ-The-Awesome,Absolutely no one can change my mind.,,https://i.redd.it/fcfr6gn56jhc1.jpeg,0,,74,2024-02-09T09:42:33+00:00,2025-12-22T13:54:28.847892,https://www.reddit.com/r/dankmemes/comments/1amkjj8/absolutely_no_one_can_change_my_mind/,,,,0,change my mind
reddit,change my mind,"""change my mind""",1acskia,nakedcrusaydur,nakedcrusaydur,"French isn't even a real language, change my mind.",,https://i.redd.it/io1h193qj3fc1.jpeg,125,,110,2024-01-28T03:01:48+00:00,2025-12-22T13:54:28.847892,https://www.reddit.com/r/funny/comments/1acskia/french_isnt_even_a_real_language_change_my_mind/,,,,0,change my mind
reddit,change my mind,"""change my mind""",19ep2gk,lkpllcasuwhs,lkpllcasuwhs,It’s cooler!,,https://i.redd.it/gzq11r6dxfec1.jpeg,271,,31,2024-01-24T19:35:29+00:00,2025-12-22T13:54:28.847892,https://www.reddit.com/r/memes/comments/19ep2gk/its_cooler/,,,,0,change my mind
reddit,change my mind,"""change my mind""",1938hep,MrNalli,MrNalli,Change my mind,,https://i.redd.it/6hruvp7z8mbc1.jpeg,68,,3,2024-01-10T13:38:53+00:00,2025-12-22T13:54:28.847892,https://www.reddit.com/r/memes/comments/1938hep/change_my_mind/,,,,0,change my mind
reddit,change my mind,"""change my mind""",190wa4i,Get-the-Vibe,Get-the-Vibe,In the end was all a metaphor for who makes the best food.,,https://i.redd.it/d6d0pphfr1bc1.jpeg,38,,4,2024-01-07T16:45:21+00:00,2025-12-22T13:54:28.847892,https://www.reddit.com/r/dankmemes/comments/190wa4i/in_the_end_was_all_a_metaphor_for_who_makes_the/,,,,0,change my mind
reddit,change my mind,"""change my mind""",18yuu8r,Builder_184,Builder_184,Lego Meme,,https://i.redd.it/x7ckabm33jac1.png,40,,4,2024-01-05T01:56:31+00:00,2025-12-22T13:54:28.847892,https://www.reddit.com/r/memes/comments/18yuu8r/lego_meme/,,,,0,change my mind
reddit,change my mind,"""change my mind""",18x856g,YeetDaMeatToDaBeat,YeetDaMeatToDaBeat,lost woods better than any crap song change my mind,,https://i.redd.it/u2o8z4sh05ac1.png,56,,79,2024-01-03T02:37:08+00:00,2025-12-22T13:54:28.847892,https://www.reddit.com/r/memes/comments/18x856g/lost_woods_better_than_any_crap_song_change_my/,,,,0,change my mind
reddit,change my mind,"""change my mind""",18x75zp,cwx149,cwx149,Change my mind,,https://i.redd.it/10d24cmjs4ac1.jpeg,191,,19,2024-01-03T01:52:19+00:00,2025-12-22T13:54:28.847892,https://www.reddit.com/r/memes/comments/18x75zp/change_my_mind/,,,,0,change my mind
reddit,change my mind,"""change my mind""",18x572s,YeetDaMeatToDaBeat,YeetDaMeatToDaBeat,lost woods is better than any crap song change my mind,,https://i.redd.it/9fgpgb7rc4ac1.png,0,,21,2024-01-03T00:24:07+00:00,2025-12-22T13:54:28.847892,https://www.reddit.com/r/dankmemes/comments/18x572s/lost_woods_is_better_than_any_crap_song_change_my/,,,,0,change my mind
reddit,change my mind,"""change my mind""",18uzv9v,Fr3nchT0astCrunch,Fr3nchT0astCrunch,"Robert Plant's voice is horrible, you can't change my mind",,https://i.redd.it/1mxy8yx4bk9c1.png,0,,9,2023-12-31T04:59:21+00:00,2025-12-22T13:54:28.847892,https://www.reddit.com/r/memes/comments/18uzv9v/robert_plants_voice_is_horrible_you_cant_change/,,,,0,change my mind
reddit,change my mind,"""change my mind""",18ucmpj,Riley8284,Riley8284,Change my mind (BTW you can’t!),,https://i.redd.it/vob9g69are9c1.jpeg,60,,5,2023-12-30T10:18:57+00:00,2025-12-22T13:54:28.847892,https://www.reddit.com/r/memes/comments/18ucmpj/change_my_mind_btw_you_cant/,,,,0,change my mind
reddit,change my mind,"""change my mind""",18mpl7n,GeneralOtter03,GeneralOtter03,"Santa is real, change my mind",,https://i.redd.it/tylwpkzzre7c1.jpeg,345,,122,2023-12-20T08:14:41+00:00,2025-12-22T13:54:28.847892,https://www.reddit.com/r/memes/comments/18mpl7n/santa_is_real_change_my_mind/,,,,0,change my mind
reddit,change my mind,"""change my mind""",18eh9el,Doveen,Doveen,Winter is shit. You can't change my mind.,,https://i.redd.it/hci73mpoqa5c1.png,2509,,356,2023-12-09T16:32:46+00:00,2025-12-22T13:54:28.847892,https://www.reddit.com/r/dankmemes/comments/18eh9el/winter_is_shit_you_cant_change_my_mind/,,,,0,change my mind
reddit,change my mind,"""change my mind""",186ul0o,Hornet_Lord,Hornet_Lord,"No microtransactions, no toxic voice chat, local multiplayer existed, good times.",,https://i.redd.it/1gqe6p0vkb3c1.png,215,,61,2023-11-29T17:13:44+00:00,2025-12-22T13:54:28.847892,https://www.reddit.com/r/memes/comments/186ul0o/no_microtransactions_no_toxic_voice_chat_local/,,,,0,change my mind
reddit,change my mind,"""change my mind""",180jdkw,UnderstandingOk3784,UnderstandingOk3784,Spongebob Good Neighbors,,https://i.redd.it/qzpwc38exp1c1.jpg,18,,2,2023-11-21T15:19:44+00:00,2025-12-22T13:54:28.847892,https://www.reddit.com/r/memes/comments/180jdkw/spongebob_good_neighbors/,,,,0,change my mind
reddit,change my mind,"""change my mind""",17rsf7d,TUTEFC,TUTEFC,My greatest fear,,https://i.redd.it/1inbiyk98fzb1.jpg,33,,8,2023-11-10T01:12:47+00:00,2025-12-22T13:54:28.847892,https://www.reddit.com/r/memes/comments/17rsf7d/my_greatest_fear/,,,,0,change my mind
reddit,change my mind,"""change my mind""",17ikz0f,BungyBoi704,BungyBoi704,You cant change my mind.,,https://i.redd.it/m2uv3eiuuzwb1.jpg,0,,12,2023-10-28T19:22:34+00:00,2025-12-22T13:54:28.847892,https://www.reddit.com/r/memes/comments/17ikz0f/you_cant_change_my_mind/,,,,0,change my mind
reddit,change my mind,"""change my mind""",17hpv75,LonPlays_Zwei,LonPlays_Zwei,"Every damn time, change my mind.",,https://i.redd.it/9wy5yic5irwb1.jpg,6045,,50,2023-10-27T15:17:10+00:00,2025-12-22T13:54:28.847892,https://www.reddit.com/r/dankmemes/comments/17hpv75/every_damn_time_change_my_mind/,,,,0,change my mind
reddit,change my mind,"""change my mind""",17h6vh8,danny_divillo,danny_divillo,How would they NOT be the perfect couple,,https://i.redd.it/dhttfqx25mwb1.jpg,191,,17,2023-10-26T21:15:00+00:00,2025-12-22T13:54:28.847892,https://www.reddit.com/r/memes/comments/17h6vh8/how_would_they_not_be_the_perfect_couple/,,,,0,change my mind
reddit,change my mind,"""change my mind""",17fbbsr,TwistyMaKneepahls,TwistyMaKneepahls,UK Police is best in the world. Change my mind.,,https://i.redd.it/lum6q7zm65wb1.png,19564,,335,2023-10-24T12:13:40+00:00,2025-12-22T13:54:28.847892,https://www.reddit.com/r/dankmemes/comments/17fbbsr/uk_police_is_best_in_the_world_change_my_mind/,,,,0,change my mind
reddit,change my mind,"""change my mind""",16zl7pu,rober283829_,rober283829_,What the Samsung Galaxy S23FE actually is.,,https://i.redd.it/zgbw1qf6d6sb1.png,0,,1,2023-10-04T11:55:21+00:00,2025-12-22T13:54:28.847892,https://www.reddit.com/r/memes/comments/16zl7pu/what_the_samsung_galaxy_s23fe_actually_is/,,,,0,change my mind
reddit,change my mind,"""change my mind""",16vh9mb,lolovice69,lolovice69,Changemymind,,https://i.redd.it/edzxutlm88rb1.jpg,0,,22,2023-09-29T17:09:16+00:00,2025-12-22T13:54:28.847892,https://www.reddit.com/r/memes/comments/16vh9mb/changemymind/,,,,0,change my mind
reddit,change my mind,"""change my mind""",16uvbbn,PJ-The-Awesome,PJ-The-Awesome,"Grape flavored candy is nasty, change my mind.",,https://i.redd.it/ef9fm1puy2rb1.jpg,58,,34,2023-09-28T23:25:37+00:00,2025-12-22T13:54:28.847892,https://www.reddit.com/r/memes/comments/16uvbbn/grape_flavored_candy_is_nasty_change_my_mind/,,,,0,change my mind
reddit,change my mind,"""change my mind""",16kmwcb,LonPlays_Zwei,LonPlays_Zwei,Change my mind,,https://i.redd.it/aqcojy13opob1.jpg,4907,,252,2023-09-17T00:33:47+00:00,2025-12-22T13:54:28.847892,https://www.reddit.com/r/dankmemes/comments/16kmwcb/change_my_mind/,,,,0,change my mind
reddit,change my mind,"""change my mind""",15v664u,umair-spaghet,umair-spaghet,Change my mind,,https://i.redd.it/bn4f8z1ovzib1.jpg,8,,2,2023-08-19T04:29:19+00:00,2025-12-22T13:54:28.847892,https://www.reddit.com/r/memes/comments/15v664u/change_my_mind/,,,,0,change my mind
reddit,change my mind,"""change my mind""",15nkb6q,GrimUnleashed,GrimUnleashed,Can't change my minde,,https://i.redd.it/hqiondnbtbhb1.jpg,152,,5,2023-08-10T18:29:20+00:00,2025-12-22T13:54:28.847892,https://www.reddit.com/r/dankmemes/comments/15nkb6q/cant_change_my_minde/,,,,0,change my mind
reddit,change my mind,"""change my mind""",15iudq9,DeadDoodie,DeadDoodie,Shrek 4 is not the best. Change my mind.,,https://i.redd.it/n6ryuwzrbagb1.jpg,14466,,329,2023-08-05T12:25:00+00:00,2025-12-22T13:54:28.847892,https://www.reddit.com/r/memes/comments/15iudq9/shrek_4_is_not_the_best_change_my_mind/,,,,0,change my mind
reddit,change my mind,"""change my mind""",15ge8mh,The1stSkyWalker,The1stSkyWalker,"Shrek 2 was the best Shrek movie, change my mind",,https://i.redd.it/u08rc76k9qfb1.jpg,1564,,24,2023-08-02T16:56:57+00:00,2025-12-22T13:54:28.847892,https://www.reddit.com/r/memes/comments/15ge8mh/shrek_2_was_the_best_shrek_movie_change_my_mind/,,,,0,change my mind
reddit,change my mind,"""change my mind""",15bjq3w,Old-Truth-405,Old-Truth-405,Ben’s only mad because he wanted to be Ken (change my mind),,https://i.redd.it/jr0onl3yzleb1.jpg,25,,12,2023-07-28T01:31:51+00:00,2025-12-22T13:54:28.847892,https://www.reddit.com/r/memes/comments/15bjq3w/bens_only_mad_because_he_wanted_to_be_ken_change/,,,,0,change my mind
reddit,change my mind,"""change my mind""",159y9tt,Jkl_zombie,Jkl_zombie,Bts stands for big tity squad Chang my mind,,https://i.redd.it/bizzndj8d9eb1.jpg,56,,4,2023-07-26T07:03:08+00:00,2025-12-22T13:54:28.847892,https://www.reddit.com/r/memes/comments/159y9tt/bts_stands_for_big_tity_squad_chang_my_mind/,,,,0,change my mind
reddit,change my mind,"""change my mind""",159601t,child-of-old-gods,child-of-old-gods,You can't change my mind,,https://i.redd.it/2kl0nsihl3eb1.jpg,55,,4,2023-07-25T11:38:42+00:00,2025-12-22T13:54:28.847892,https://www.reddit.com/r/memes/comments/159601t/you_cant_change_my_mind/,,,,0,change my mind
reddit,change my mind,"""change my mind""",158tjsi,Sir_Fishnugz,Sir_Fishnugz,"When I was a kid, I watched Hulk Hogan and General Hospital",,https://i.redd.it/eenv1lvuj0eb1.jpg,18,,7,2023-07-25T01:24:12+00:00,2025-12-22T13:54:28.847892,https://www.reddit.com/r/memes/comments/158tjsi/when_i_was_a_kid_i_watched_hulk_hogan_and_general/,,,,0,change my mind
reddit,change my mind,"""change my mind""",158mj7t,drichm2599,drichm2599,"Barbie is a masterpiece, change my mind",,https://i.redd.it/f1bnaaw66zdb1.jpg,6,,13,2023-07-24T20:45:52+00:00,2025-12-22T13:54:28.847892,https://www.reddit.com/r/memes/comments/158mj7t/barbie_is_a_masterpiece_change_my_mind/,,,,0,change my mind
reddit,change my mind,"""change my mind""",158giy3,Kondrad_Curze,Kondrad_Curze,"Mark Greyson is model dad, change my mind",,https://i.redd.it/kw1dqyy43ydb1.png,26,,3,2023-07-24T17:06:57+00:00,2025-12-22T13:54:28.847892,https://www.reddit.com/r/memes/comments/158giy3/mark_greyson_is_model_dad_change_my_mind/,,,,0,change my mind
reddit,change my mind,"""change my mind""",158gipe,Kondrad_Curze,Kondrad_Curze,"Mark Greyson is model dad, change my mind",,https://i.redd.it/bx7emd933ydb1.png,24,,6,2023-07-24T17:06:40+00:00,2025-12-22T13:54:28.847892,https://www.reddit.com/r/dankmemes/comments/158gipe/mark_greyson_is_model_dad_change_my_mind/,,,,0,change my mind
reddit,change my mind,"""change my mind""",1566gxn,Dayweesh,Dayweesh,Change my mind,,https://i.redd.it/u17ybbsk6fdb1.jpg,59,,1,2023-07-22T01:32:26+00:00,2025-12-22T13:54:28.847892,https://www.reddit.com/r/dankmemes/comments/1566gxn/change_my_mind/,,,,0,change my mind
reddit,change my mind,"""change my mind""",1566frz,Dayweesh,Dayweesh,Change my mind,,https://i.redd.it/1esq6a696fdb1.jpg,44,,2,2023-07-22T01:30:59+00:00,2025-12-22T13:54:28.847892,https://www.reddit.com/r/memes/comments/1566frz/change_my_mind/,,,,0,change my mind
reddit,change my mind,"""change my mind""",153tor2,Reasonable-Bag342,Reasonable-Bag342,"Kesha the parrot is better than Ke$ha the pop singer, change my mind",,https://i.redd.it/4ui38xq31xcb1.jpg,15,,2,2023-07-19T12:29:41+00:00,2025-12-22T13:54:28.847892,https://www.reddit.com/r/dankmemes/comments/153tor2/kesha_the_parrot_is_better_than_keha_the_pop/,,,,0,change my mind
reddit,change my mind,"""change my mind""",153tofx,Reasonable-Bag342,Reasonable-Bag342,"Kesha the parrot is better than Ke$ha the pop singer, change my mind",,https://i.redd.it/2wn5erlw0xcb1.jpg,3,,4,2023-07-19T12:29:18+00:00,2025-12-22T13:54:28.847892,https://www.reddit.com/r/memes/comments/153tofx/kesha_the_parrot_is_better_than_keha_the_pop/,,,,0,change my mind
reddit,change my mind,"""change my mind""",14zc0n1,Mask_of_creator,Mask_of_creator,Try to change my mind. I dare you.,,https://i.redd.it/ottfr2cqjwbb1.jpg,223,,6,2023-07-14T09:48:06+00:00,2025-12-22T13:54:28.847892,https://www.reddit.com/r/memes/comments/14zc0n1/try_to_change_my_mind_i_dare_you/,,,,0,change my mind
reddit,change my mind,"""change my mind""",14wrfyg,Fail_Marine,Fail_Marine,Nazi-Germany LDA edits are the #1 for children not having dads. Change my mind,,https://i.redd.it/xjtgbgu28cbb1.jpg,18,,0,2023-07-11T13:29:12+00:00,2025-12-22T13:54:28.847892,https://www.reddit.com/r/memes/comments/14wrfyg/nazigermany_lda_edits_are_the_1_for_children_not/,,,,0,change my mind
reddit,change my mind,"""change my mind""",14t9vjc,StaleUnderwear,StaleUnderwear,Nah I change my mind,,https://i.redd.it/5ubv1i276kab1.gif,539,,7,2023-07-07T15:06:46+00:00,2025-12-22T13:54:28.847892,https://www.reddit.com/r/memes/comments/14t9vjc/nah_i_change_my_mind/,,,,0,change my mind
reddit,change my mind,"""change my mind""",14p3bwa,LonPlays_Zwei,LonPlays_Zwei,"Spaghetti is better than sex, change my mind",,https://i.redd.it/tqrmptpx4n9b1.jpg,6970,,525,2023-07-03T00:00:54+00:00,2025-12-22T13:54:28.847892,https://www.reddit.com/r/memes/comments/14p3bwa/spaghetti_is_better_than_sex_change_my_mind/,,,,0,change my mind
reddit,change my mind,"""change my mind""",14gzbgm,ToraThePillowCuddler,ToraThePillowCuddler,She's just a girl who claims that I am the one,,https://i.redd.it/rrzz0zpgxr7b1.jpg,535,,11,2023-06-23T13:59:38+00:00,2025-12-22T13:54:28.847892,https://www.reddit.com/r/dankmemes/comments/14gzbgm/shes_just_a_girl_who_claims_that_i_am_the_one/,,,,0,change my mind
reddit,change my mind,"""change my mind""",140tbmj,Eehuiio,Eehuiio,You all no it's true,,https://i.redd.it/d9xfev79y24b1.png,5,,5,2023-06-04T22:47:40+00:00,2025-12-22T13:54:28.847892,https://www.reddit.com/r/memes/comments/140tbmj/you_all_no_its_true/,,,,0,change my mind
reddit,change my mind,"""change my mind""",13mxsxz,BrockBracken,BrockBracken,Change my mind,,https://i.redd.it/huycld1hp11b1.jpg,16,,1,2023-05-20T15:23:45+00:00,2025-12-22T13:54:28.847892,https://www.reddit.com/r/memes/comments/13mxsxz/change_my_mind/,,,,0,change my mind
reddit,change my mind,"""change my mind""",13ms3ge,MoreTannerZ,MoreTannerZ,Me when I’m debating with someone,,https://i.redd.it/ku9gazj3511b1.jpg,5668,,96,2023-05-20T13:29:32+00:00,2025-12-22T13:54:28.847892,https://www.reddit.com/r/memes/comments/13ms3ge/me_when_im_debating_with_someone/,,,,0,change my mind
reddit,change my mind,"""change my mind""",13jc2gd,The_Destroyd,The_Destroyd,Change my Mind,,https://i.redd.it/5m7w2ctpv90b1.jpg,361,,101,2023-05-16T17:48:50+00:00,2025-12-22T13:54:28.847892,https://www.reddit.com/r/memes/comments/13jc2gd/change_my_mind/,,,,0,change my mind
reddit,change my mind,"""change my mind""",13gjyof,kindofsus38,kindofsus38,"I changed, I changed, I changed my mind",,https://i.redd.it/kucgla2p6mza1.png,23,,1,2023-05-13T15:07:48+00:00,2025-12-22T13:54:28.847892,https://www.reddit.com/r/memes/comments/13gjyof/i_changed_i_changed_i_changed_my_mind/,,,,0,change my mind
reddit,change my mind,"""change my mind""",13f5rjo,Kgmercier,Kgmercier,Strong Words…,,https://i.redd.it/qhfvv15racza1.jpg,93,,35,2023-05-12T00:52:33+00:00,2025-12-22T13:54:28.847892,https://www.reddit.com/r/memes/comments/13f5rjo/strong_words/,,,,0,change my mind
reddit,change my mind,"""change my mind""",13cwl89,haggar,haggar,Change my mind,,https://i.redd.it/4jpqv8wdttya1.png,26,,1,2023-05-09T15:43:21+00:00,2025-12-22T13:54:28.847892,https://www.reddit.com/r/memes/comments/13cwl89/change_my_mind/,,,,0,change my mind
reddit,change my mind,"""change my mind""",133epw7,MPWD64,MPWD64,Change my mind,,https://i.redd.it/4j2s9hqyfzwa1.jpg,16,,5,2023-04-30T03:30:19+00:00,2025-12-22T13:54:28.847892,https://www.reddit.com/r/memes/comments/133epw7/change_my_mind/,,,,0,change my mind
reddit,change my mind,"""change my mind""",131r7sq,CardiologistMobile54,CardiologistMobile54,Change my mind,,https://i.redd.it/iapxdthx0owa1.jpg,19,,21,2023-04-28T13:06:27+00:00,2025-12-22T13:54:28.847892,https://www.reddit.com/r/memes/comments/131r7sq/change_my_mind/,,,,0,change my mind
reddit,change my mind,change-my-mind,1pbiea9,skar220,skar220,It’s already happening you guys,,https://i.redd.it/3xzrkn9ekm4g1.jpeg,41,,12,2025-12-01T17:09:13+00:00,2025-12-22T13:54:28.847892,https://www.reddit.com/r/memes/comments/1pbiea9/its_already_happening_you_guys/,,,,0,change my mind
reddit,change my mind,change-my-mind,1p7fjcm,Nebberlantis,Nebberlantis,AMA as a robot rights activist,,https://i.redd.it/c88v00xqan3g1.jpeg,0,,21,2025-11-26T18:32:47+00:00,2025-12-22T13:54:28.847892,https://www.reddit.com/r/memes/comments/1p7fjcm/ama_as_a_robot_rights_activist/,,,,0,change my mind
reddit,change my mind,change-my-mind,1p65oge,Olistu_,Olistu_,Just use English don't care if it's American or British English,,https://i.redd.it/4tjxitieoc3g1.jpeg,0,,11,2025-11-25T06:49:44+00:00,2025-12-22T13:54:28.847892,https://www.reddit.com/r/memes/comments/1p65oge/just_use_english_dont_care_if_its_american_or/,,,,0,change my mind
reddit,change my mind,change-my-mind,1p4zy9h,SailToAndromeda,SailToAndromeda,I have AI slop fatigue...,,https://i.redd.it/ao0q1zeu133g1.png,241,,13,2025-11-23T22:27:17+00:00,2025-12-22T13:54:28.847892,https://www.reddit.com/r/memes/comments/1p4zy9h/i_have_ai_slop_fatigue/,,,,0,change my mind
reddit,change my mind,change-my-mind,1og74q8,MichaelFuery,MichaelFuery,Can Someone Please Translate This From Bullshit To English,,https://i.redd.it/2k695meqpcxf1.jpeg,0,,7,2025-10-26T00:32:23+00:00,2025-12-22T13:54:28.847892,https://www.reddit.com/r/memes/comments/1og74q8/can_someone_please_translate_this_from_bullshit/,,,,0,change my mind
reddit,change my mind,change-my-mind,1ob8p9d,Thedarknight725,Thedarknight725,I'm sure he'd understand,,https://i.redd.it/hl45jfnpk6wf1.jpeg,0,,2,2025-10-20T02:50:57+00:00,2025-12-22T13:54:28.847892,https://www.reddit.com/r/memes/comments/1ob8p9d/im_sure_hed_understand/,,,,0,change my mind
reddit,change my mind,change-my-mind,1nwsudk,michael-lethal_ai,michael-lethal_ai,Next generations are cooked.,,https://i.redd.it/4hj0l27cqusf1.png,649,,52,2025-10-03T07:47:12+00:00,2025-12-22T13:54:28.847892,https://www.reddit.com/r/memes/comments/1nwsudk/next_generations_are_cooked/,,,,0,change my mind
reddit,change my mind,change-my-mind,1nvtqr4,nix-solves-that-2317,nix-solves-that-2317,open microphone,,https://i.redd.it/saynq0e1hmsf1.png,0,,7,2025-10-02T04:01:26+00:00,2025-12-22T13:54:28.847892,https://www.reddit.com/r/memes/comments/1nvtqr4/open_microphone/,,,,0,change my mind
reddit,change my mind,change-my-mind,1nsln2h,AmcDarkPool,AmcDarkPool,Anime on Reddit,,https://i.redd.it/vrcktfk12wrf1.png,0,,12,2025-09-28T11:10:36+00:00,2025-12-22T13:54:28.847892,https://www.reddit.com/r/memes/comments/1nsln2h/anime_on_reddit/,,,,0,change my mind
reddit,change my mind,change-my-mind,1nslhip,T4toun3,T4toun3,Design is a loop,,https://i.redd.it/ivp5hqeh0wrf1.jpeg,0,,0,2025-09-28T11:01:41+00:00,2025-12-22T13:54:28.847892,https://www.reddit.com/r/memes/comments/1nslhip/design_is_a_loop/,,,,0,change my mind
reddit,change my mind,change-my-mind,1nq6fkr,kermit_toster_bath,kermit_toster_bath,mmmmmmmmm maybe...?,,https://i.redd.it/z0juyb689brf1.png,0,,7,2025-09-25T13:13:34+00:00,2025-12-22T13:54:28.847892,https://www.reddit.com/r/memes/comments/1nq6fkr/mmmmmmmmm_maybe/,,,,0,change my mind
reddit,change my mind,change-my-mind,1npjcyd,xnum,xnum,10 chatacters,,https://i.redd.it/egl6a8gfk5rf1.png,0,,5,2025-09-24T18:05:25+00:00,2025-12-22T13:54:28.847892,https://www.reddit.com/r/memes/comments/1npjcyd/10_chatacters/,,,,0,change my mind
reddit,change my mind,change-my-mind,1nlpehs,erkose,erkose,Let's see if this gets me laid,,https://i.redd.it/0nkmxeaj59qf1.jpeg,0,,15,2025-09-20T05:04:53+00:00,2025-12-22T13:54:28.847892,https://www.reddit.com/r/memes/comments/1nlpehs/lets_see_if_this_gets_me_laid/,,,,0,change my mind
reddit,change my mind,change-my-mind,1nh0n9l,goombanati,goombanati,I feel like people get on my case because I don't want to be selfish or narcissistic,,https://i.redd.it/jxho7jprn6pf1.jpeg,0,,36,2025-09-14T19:37:36+00:00,2025-12-22T13:54:28.847892,https://www.reddit.com/r/memes/comments/1nh0n9l/i_feel_like_people_get_on_my_case_because_i_dont/,,,,0,change my mind
reddit,change my mind,change-my-mind,1n49aa4,Affectionate_Cell954,Affectionate_Cell954,Not Bad Luck,,https://i.redd.it/daz25zguc7mf1.png,184,,20,2025-08-30T18:46:25+00:00,2025-12-22T13:54:28.847892,https://www.reddit.com/r/memes/comments/1n49aa4/not_bad_luck/,,,,0,change my mind
reddit,change my mind,change-my-mind,1n42sg7,BrainArson,BrainArson,"Can't help it, I'm a cancer Boomer, harharhar",,https://i.redd.it/jl3yiuca16mf1.jpeg,19,,11,2025-08-30T14:19:12+00:00,2025-12-22T13:54:28.847892,https://www.reddit.com/r/memes/comments/1n42sg7/cant_help_it_im_a_cancer_boomer_harharhar/,,,,0,change my mind
reddit,change my mind,change-my-mind,1n2abt5,B0r3dGamer,B0r3dGamer,The bots are going viral,,https://i.redd.it/6p1iq5my2rlf1.jpeg,179,,50,2025-08-28T12:01:52+00:00,2025-12-22T13:54:28.847892,https://www.reddit.com/r/dankmemes/comments/1n2abt5/the_bots_are_going_viral/,,,,0,change my mind
reddit,change my mind,change-my-mind,1n0iidw,TFW_YT,TFW_YT,Random thought,,https://i.redd.it/xpyeali8gclf1.png,24,,3,2025-08-26T10:49:34+00:00,2025-12-22T13:54:28.847892,https://www.reddit.com/r/memes/comments/1n0iidw/random_thought/,,,,0,change my mind
reddit,change my mind,change-my-mind,1n09j4u,threeboy,threeboy,[OC] Dreamed this - had to make it.,,https://i.redd.it/727bjfoot9lf1.jpeg,32,,6,2025-08-26T02:00:04+00:00,2025-12-22T13:54:28.847892,https://www.reddit.com/r/memes/comments/1n09j4u/oc_dreamed_this_had_to_make_it/,,,,0,change my mind
reddit,change my mind,change-my-mind,1mqmf5h,Top-Run-21,Top-Run-21,Real 1/10 will not make anyone comment,,https://i.redd.it/ofw9uelxs3jf1.png,0,,51,2025-08-15T03:36:27+00:00,2025-12-22T13:54:28.847892,https://www.reddit.com/r/memes/comments/1mqmf5h/real_110_will_not_make_anyone_comment/,,,,0,change my mind
reddit,change my mind,change-my-mind,1mmkens,Skorpeyo,Skorpeyo,Joker for Life,,https://i.redd.it/n1k5rhanf7if1.jpeg,29,,7,2025-08-10T14:45:39+00:00,2025-12-22T13:54:28.847892,https://www.reddit.com/r/memes/comments/1mmkens/joker_for_life/,,,,0,change my mind
reddit,change my mind,change-my-mind,1min79s,Kooky_Forever_9028,Kooky_Forever_9028,For real !!!,,https://i.redd.it/haa5spgxz9hf1.jpeg,0,,11,2025-08-05T22:18:02+00:00,2025-12-22T13:54:28.847892,https://www.reddit.com/r/memes/comments/1min79s/for_real/,,,,0,change my mind
reddit,change my mind,change-my-mind,1mhkcbq,blueandwhitevideos,blueandwhitevideos,Back in the day we didn't have a phone to look at.,,https://i.redd.it/vhosmn1mi1hf1.jpeg,69,,5,2025-08-04T17:46:44+00:00,2025-12-22T13:54:28.847892,https://www.reddit.com/r/memes/comments/1mhkcbq/back_in_the_day_we_didnt_have_a_phone_to_look_at/,,,,0,change my mind
reddit,change my mind,change-my-mind,1mgn7cq,NappyFlickz,NappyFlickz,"You will not, but you may try",,https://i.redd.it/lklcz461xtgf1.jpeg,105,,9,2025-08-03T16:13:18+00:00,2025-12-22T13:54:28.847892,https://www.reddit.com/r/memes/comments/1mgn7cq/you_will_not_but_you_may_try/,,,,0,change my mind
reddit,change my mind,change-my-mind,1m5oqcr,Ok-Connection6656,Ok-Connection6656,Other flavors exist besides gravy and boiled,,https://i.redd.it/l8drd46hf9ef1.jpeg,0,,23,2025-07-21T17:11:25+00:00,2025-12-22T13:54:28.847892,https://www.reddit.com/r/memes/comments/1m5oqcr/other_flavors_exist_besides_gravy_and_boiled/,,,,0,change my mind
reddit,change my mind,change-my-mind,1m14u04,BeanBurritoJr,BeanBurritoJr,And they will throw poop if provoked,,https://i.redd.it/h0ocrq8zd6df1.jpeg,112,,18,2025-07-16T05:56:31+00:00,2025-12-22T13:54:28.847892,https://www.reddit.com/r/memes/comments/1m14u04/and_they_will_throw_poop_if_provoked/,,,,0,change my mind
reddit,change my mind,change-my-mind,1lwm329,Not_so_ghetto,Not_so_ghetto,"two steps ahead, i am always been two steps ahead.",,https://i.redd.it/051owum6o3cf1.png,0,,2,2025-07-10T19:40:53+00:00,2025-12-22T13:54:28.847892,https://www.reddit.com/r/memes/comments/1lwm329/two_steps_ahead_i_am_always_been_two_steps_ahead/,,,,0,change my mind
reddit,change my mind,change-my-mind,1lrzcoy,StonerPowah61,StonerPowah61,Legit this is what this movie reminds me of.,,https://i.redd.it/tgrih84xtyaf1.jpeg,10,,3,2025-07-05T02:20:00+00:00,2025-12-22T13:54:28.847892,https://www.reddit.com/r/memes/comments/1lrzcoy/legit_this_is_what_this_movie_reminds_me_of/,,,,0,change my mind
reddit,change my mind,change-my-mind,1lno7hu,sidepart,sidepart,"Raph nearly dies, April's home and business burn down, Splinter chained up and tortured...",,https://i.redd.it/clbzf7umax9f1.jpeg,23,,8,2025-06-29T20:07:48+00:00,2025-12-22T13:54:28.847892,https://www.reddit.com/r/memes/comments/1lno7hu/raph_nearly_dies_aprils_home_and_business_burn/,,,,0,change my mind
reddit,change my mind,change-my-mind,1ljdrtn,adminsreachout,adminsreachout,Troll Level 100,,https://i.redd.it/7e24hrx56w8f1.jpeg,0,,15,2025-06-24T15:14:59+00:00,2025-12-22T13:54:28.847892,https://www.reddit.com/r/memes/comments/1ljdrtn/troll_level_100/,,,,0,change my mind
reddit,change my mind,change-my-mind,1lh4gmf,Top-Implement-7930,Top-Implement-7930,One of the best video player out there indeed,,https://i.redd.it/h4cq7qwpyb8f1.jpeg,60,,6,2025-06-21T19:17:40+00:00,2025-12-22T13:54:28.847892,https://www.reddit.com/r/memes/comments/1lh4gmf/one_of_the_best_video_player_out_there_indeed/,,,,0,change my mind
reddit,change my mind,change-my-mind,1lcza47,RTooDeeTo,RTooDeeTo,is this an anti-meme? *butterfly passing by*,,https://i.redd.it/f79j4iacsb7f1.jpeg,16,,6,2025-06-16T17:38:41+00:00,2025-12-22T13:54:28.847892,https://www.reddit.com/r/memes/comments/1lcza47/is_this_an_antimeme_butterfly_passing_by/,,,,0,change my mind
reddit,change my mind,change-my-mind,1lcsrnl,Valianttheywere,Valianttheywere,"The Horror at 37,000 feet was a shatner film",,https://i.redd.it/rablyy0dja7f1.jpeg,0,,1,2025-06-16T13:26:33+00:00,2025-12-22T13:54:28.847892,https://www.reddit.com/r/memes/comments/1lcsrnl/the_horror_at_37000_feet_was_a_shatner_film/,,,,0,change my mind
reddit,change my mind,change-my-mind,1l7nyrw,Red_clawww,Red_clawww,Liquid Glass = Glassmorphism 2.0,,https://i.redd.it/pjzq3gk2k06f1.png,6,,2,2025-06-10T02:48:08+00:00,2025-12-22T13:54:28.847892,https://www.reddit.com/r/memes/comments/1l7nyrw/liquid_glass_glassmorphism_20/,,,,0,change my mind
reddit,change my mind,change-my-mind,1l163oi,caba_26al,caba_26al,Meme of the day!,,https://i.redd.it/yk86mh887f4f1.jpeg,34,,0,2025-06-02T01:54:07+00:00,2025-12-22T13:54:28.847892,https://www.reddit.com/r/memes/comments/1l163oi/meme_of_the_day/,,,,0,change my mind
reddit,change my mind,change-my-mind,1kxzuaq,HotDogMan8143,HotDogMan8143,“Am I overreacting if my boyfriend is cheating on me?”,,https://i.redd.it/yeab3c8jvm3f1.jpeg,65,,15,2025-05-29T02:39:12+00:00,2025-12-22T13:54:28.847892,https://www.reddit.com/r/memes/comments/1kxzuaq/am_i_overreacting_if_my_boyfriend_is_cheating_on/,,,,0,change my mind
reddit,change my mind,change-my-mind,1kk77rd,The-Riskiest-Biscuit,The-Riskiest-Biscuit,At least two… uh… “beings” become mothers in Aliens,,https://i.redd.it/m55wbard070f1.jpeg,18,,2,2025-05-11T18:04:59+00:00,2025-12-22T13:54:28.847892,https://www.reddit.com/r/memes/comments/1kk77rd/at_least_two_uh_beings_become_mothers_in_aliens/,,,,0,change my mind
reddit,change my mind,change-my-mind,1kjy3n6,AnthonyStark86,AnthonyStark86,Hot take on narcissistic parents.,,https://i.redd.it/hga310evs40f1.jpeg,63,,4,2025-05-11T10:39:18+00:00,2025-12-22T13:54:28.847892,https://www.reddit.com/r/memes/comments/1kjy3n6/hot_take_on_narcissistic_parents/,,,,0,change my mind
reddit,change my mind,change-my-mind,1kjbhgb,browndragon456,browndragon456,Going bald is the Mark of the beast,,https://i.redd.it/as6wjnu5syze1.png,0,,5,2025-05-10T14:24:38+00:00,2025-12-22T13:54:28.847892,https://www.reddit.com/r/memes/comments/1kjbhgb/going_bald_is_the_mark_of_the_beast/,,,,0,change my mind
reddit,change my mind,change-my-mind,1ke1a1d,GroundStrikin,GroundStrikin,Yahoo AI is absolutely unhinged,,https://www.reddit.com/r/funny/comments/1ke1a1d/yahoo_ai_is_absolutely_unhinged/,10,,11,2025-05-03T19:39:10+00:00,2025-12-22T13:54:28.847892,https://www.reddit.com/r/funny/comments/1ke1a1d/yahoo_ai_is_absolutely_unhinged/,,,,0,change my mind
reddit,change my mind,change-my-mind,1jsixc9,FarPatient8056,FarPatient8056,Why do people treat Dr pepper like the second coming of Jesus? It tastes like fried battery acid.,,https://i.redd.it/egfwd3kla4te1.png,0,,26,2025-04-06T01:27:56+00:00,2025-12-22T13:54:28.847892,https://www.reddit.com/r/memes/comments/1jsixc9/why_do_people_treat_dr_pepper_like_the_second/,,,,0,change my mind
reddit,change my mind,change-my-mind,1jsevnz,real_picklejuice,real_picklejuice,If I can't listen in an alt tab I'm not subscribing,,https://i.redd.it/yfk5dk8o93te1.png,19,,3,2025-04-05T22:01:38+00:00,2025-12-22T13:54:28.847892,https://www.reddit.com/r/memes/comments/1jsevnz/if_i_cant_listen_in_an_alt_tab_im_not_subscribing/,,,,0,change my mind
reddit,change my mind,change-my-mind,1jruxm3,the8thchild,the8thchild,"idk, I heard about them and I just find it a bit bleh. Is it really that hard to find humans?",,https://i.redd.it/ljzj7d5cxxse1.jpeg,0,,17,2025-04-05T04:03:14+00:00,2025-12-22T13:54:28.847892,https://www.reddit.com/r/memes/comments/1jruxm3/idk_i_heard_about_them_and_i_just_find_it_a_bit/,,,,0,change my mind
reddit,change my mind,change-my-mind,1jqe003,mraltuser,mraltuser,"Sometimes the source of the idiom may be a comment from a person or a joke about someone, so is meme",,https://i.redd.it/nho51ag9alse1.png,8,,0,2025-04-03T09:32:15+00:00,2025-12-22T13:54:28.847892,https://www.reddit.com/r/memes/comments/1jqe003/sometimes_the_source_of_the_idiom_may_be_a/,,,,0,change my mind
reddit,change my mind,change-my-mind,1jplg5t,EggplantCapital9519,EggplantCapital9519,Hear me out…,,https://i.redd.it/kdhor6zzgese1.jpeg,81,,30,2025-04-02T10:37:30+00:00,2025-12-22T13:54:28.847892,https://www.reddit.com/r/memes/comments/1jplg5t/hear_me_out/,,,,0,change my mind
reddit,change my mind,change-my-mind,1jl3bes,goombanati,goombanati,I tell nothing but the truth,,https://i.redd.it/09d3u8crc8re1.jpeg,0,,13,2025-03-27T12:58:54+00:00,2025-12-22T13:54:28.847892,https://www.reddit.com/r/memes/comments/1jl3bes/i_tell_nothing_but_the_truth/,,,,0,change my mind
reddit,change my mind,change-my-mind,1j85zso,Nikochu23,Nikochu23,You can't convince me otherwise.,,https://i.redd.it/qvwbn7ilqwne1.jpeg,29,,46,2025-03-10T18:42:44+00:00,2025-12-22T13:54:28.847892,https://www.reddit.com/r/memes/comments/1j85zso/you_cant_convince_me_otherwise/,,,,0,change my mind
reddit,change my mind,change-my-mind,1hrb6sr,Potential_fraudster,Potential_fraudster,Medieval solutions,,https://i.redd.it/s1sm938fvfae1.jpeg,33,,7,2025-01-01T20:05:43+00:00,2025-12-22T13:54:28.847892,https://www.reddit.com/r/memes/comments/1hrb6sr/medieval_solutions/,,,,0,change my mind
reddit,change my mind,change-my-mind,1h37zps,crabe1,crabe1,Ducking auto correct. 🦆,,https://i.redd.it/vwtyle4wyz3e1.jpeg,482,,80,2024-11-30T08:11:52+00:00,2025-12-22T13:54:28.847892,https://www.reddit.com/r/memes/comments/1h37zps/ducking_auto_correct/,,,,0,change my mind
reddit,change my mind,change-my-mind,1gei3of,formula_F300,formula_F300,Facts are facts,,https://i.redd.it/ch171eafdlxd1.jpeg,13,,1,2024-10-29T00:41:46+00:00,2025-12-22T13:54:28.847892,https://www.reddit.com/r/memes/comments/1gei3of/facts_are_facts/,,,,0,change my mind
reddit,change my mind,change-my-mind,1gehxsh,formula_F300,formula_F300,"Sorry, Birdman",,https://i.redd.it/juw0z8a1clxd1.jpeg,0,,6,2024-10-29T00:33:59+00:00,2025-12-22T13:54:28.847892,https://www.reddit.com/r/memes/comments/1gehxsh/sorry_birdman/,,,,0,change my mind
reddit,change my mind,change-my-mind,1gakoyf,shagwan258,shagwan258,Well they are,,https://i.redd.it/yvkupkz8hkwd1.jpeg,0,,12,2024-10-23T20:37:17+00:00,2025-12-22T13:54:28.847892,https://www.reddit.com/r/memes/comments/1gakoyf/well_they_are/,,,,0,change my mind
reddit,change my mind,change-my-mind,1g4fxv1,MONSTAR949,MONSTAR949,Dehydrated or Hungry?,,https://i.redd.it/k6wytia80zud1.jpeg,0,,41,2024-10-15T19:20:21+00:00,2025-12-22T13:54:28.847892,https://www.reddit.com/r/memes/comments/1g4fxv1/dehydrated_or_hungry/,,,,0,change my mind
reddit,change my mind,change-my-mind,1g2zsws,Schiwi900,Schiwi900,I can't find any new memes there,,https://i.redd.it/m2o9z2vw8lud1.jpeg,23,,2,2024-10-13T21:04:05+00:00,2025-12-22T13:54:28.847892,https://www.reddit.com/r/memes/comments/1g2zsws/i_cant_find_any_new_memes_there/,,,,0,change my mind
reddit,change my mind,change-my-mind,1g1hd05,BlackPhoenix2890,BlackPhoenix2890,ʎɹɹos ʇou ʎɹɹoS,,https://i.redd.it/ikn4sqm7d6ud1.jpeg,488,,24,2024-10-11T19:01:27+00:00,2025-12-22T13:54:28.847892,https://www.reddit.com/r/dankmemes/comments/1g1hd05/ʎɹɹos_ʇou_ʎɹɹos/,,,,0,change my mind
reddit,change my mind,change-my-mind,1fzuhbq,ProfessorOfFinance,ProfessorOfFinance,There’s no bigger snowflake than a despotic regime that can’t handle criticism,,https://i.redd.it/ld9mhqn24rtd1.jpeg,2474,,117,2024-10-09T15:43:31+00:00,2025-12-22T13:54:28.847892,https://www.reddit.com/r/dankmemes/comments/1fzuhbq/theres_no_bigger_snowflake_than_a_despotic_regime/,,,,0,change my mind
reddit,change my mind,change-my-mind,1fhhjxs,nlwfty,nlwfty,CAPITALISM BABYYY,,https://i.redd.it/l3at3okc90pd1.jpeg,41,,3,2024-09-15T17:08:30+00:00,2025-12-22T13:54:28.847892,https://www.reddit.com/r/memes/comments/1fhhjxs/capitalism_babyyy/,,,,0,change my mind
reddit,change my mind,change-my-mind,1fgvh7l,Apprehensive_Pin3923,Apprehensive_Pin3923,It’s everywhere and I hate it ,,https://i.redd.it/hkgnoo9g6uod1.jpeg,0,,13,2024-09-14T20:41:31+00:00,2025-12-22T13:54:28.847892,https://www.reddit.com/r/memes/comments/1fgvh7l/its_everywhere_and_i_hate_it/,,,,0,change my mind
reddit,change my mind,change-my-mind,1ffx1md,BrianibrainGaming,BrianibrainGaming,"The lines, disarming opponents with projectiles, trusty sidekick ",,https://i.redd.it/d9ip27mzdlod1.jpeg,6,,5,2024-09-13T15:07:44+00:00,2025-12-22T13:54:28.847892,https://www.reddit.com/r/memes/comments/1ffx1md/the_lines_disarming_opponents_with_projectiles/,,,,0,change my mind
reddit,change my mind,change-my-mind,1feoqqx,Nhatey,Nhatey,I'm sick of internet gurus,,https://i.redd.it/nmlw2xaoo9od1.png,176,,30,2024-09-11T23:46:27+00:00,2025-12-22T13:54:28.847892,https://www.reddit.com/r/memes/comments/1feoqqx/im_sick_of_internet_gurus/,,,,0,change my mind
reddit,change my mind,change-my-mind,1fbz2pr,No-Reason-482,No-Reason-482,Apparently it’s called a flock or rafter,,https://i.redd.it/aynuzcohilnd1.jpeg,24,,3,2024-09-08T14:28:49+00:00,2025-12-22T13:54:28.847892,https://www.reddit.com/r/memes/comments/1fbz2pr/apparently_its_called_a_flock_or_rafter/,,,,0,change my mind
reddit,change my mind,change-my-mind,1f7xinl,Atalkingpizzabox,Atalkingpizzabox,As the original story is meant to be adapted a lot ,,https://i.redd.it/whxlih9qxkmd1.jpeg,0,,5,2024-09-03T11:28:35+00:00,2025-12-22T13:54:28.847892,https://www.reddit.com/r/memes/comments/1f7xinl/as_the_original_story_is_meant_to_be_adapted_a_lot/,,,,0,change my mind
reddit,change my mind,change-my-mind,1evrc05,SirFarmerOfKarma,SirFarmerOfKarma,wooochangemymind.jpg,,https://i.redd.it/r3957cqxbjjd1.jpeg,102,,19,2024-08-19T02:52:21+00:00,2025-12-22T13:54:28.847892,https://www.reddit.com/r/memes/comments/1evrc05/wooochangemymindjpg/,,,,0,change my mind
reddit,change my mind,change-my-mind,1eupb9c,Tokyo_Elusive-love,Tokyo_Elusive-love,I want to run you off the road,,https://i.redd.it/pxlkz3spv9jd1.jpeg,11,,1,2024-08-17T19:05:05+00:00,2025-12-22T13:54:28.847892,https://www.reddit.com/r/memes/comments/1eupb9c/i_want_to_run_you_off_the_road/,,,,0,change my mind
reddit,change my mind,change-my-mind,1ek6ywp,fragglepated,fragglepated,Steve Martin is one of the greats,,https://i.redd.it/xadqrozjxpgd1.png,19,,6,2024-08-04T21:51:27+00:00,2025-12-22T13:54:28.847892,https://www.reddit.com/r/memes/comments/1ek6ywp/steve_martin_is_one_of_the_greats/,,,,0,change my mind
reddit,change my mind,crowder table,12y4od6,theanvilguy98,theanvilguy98,No cats mind has ever been changed on this,,https://i.redd.it/3vztzdzvbzva1.jpg,159,,13,2023-04-25T02:03:20+00:00,2025-12-22T13:54:28.847892,https://www.reddit.com/r/memes/comments/12y4od6/no_cats_mind_has_ever_been_changed_on_this/,,,,0,change my mind
reddit,change my mind,steven crowder table,136ucrv,iandw,iandw,Steven Crowder everyone,,https://i.imgflip.com/7keuus.jpg,11,,4,2023-05-03T17:50:23+00:00,2025-12-22T13:54:28.847892,https://www.reddit.com/r/memes/comments/136ucrv/steven_crowder_everyone/,,,,0,change my mind
reddit,change my mind,steven crowder table,w2v6cs,SirShaunIV,SirShaunIV,The best part is that Steven Crowder used to voice him.,,https://i.redd.it/jhftacr3hjc91.png,14,,6,2022-07-19T15:15:30+00:00,2025-12-22T13:54:28.847892,https://www.reddit.com/r/memes/comments/w2v6cs/the_best_part_is_that_steven_crowder_used_to/,,,,0,change my mind
reddit,change my mind,steven crowder table,w2v69s,SirShaunIV,SirShaunIV,The best part is that Steven Crowder used to voice him.,,https://i.redd.it/k8f3mor4hjc91.png,2,,1,2022-07-19T15:15:24+00:00,2025-12-22T13:54:28.847892,https://www.reddit.com/r/dankmemes/comments/w2v69s/the_best_part_is_that_steven_crowder_used_to/,,,,0,change my mind
reddit,change my mind,steven crowder table,myf7dg,CodexYT,CodexYT,"I mean, Steven Crowder is true",,https://i.redd.it/ry29f90ccdv61.jpg,276,,16,2021-04-25T19:11:22+00:00,2025-12-22T13:54:28.847892,https://www.reddit.com/r/memes/comments/myf7dg/i_mean_steven_crowder_is_true/,,,,0,change my mind
reddit,change my mind,steven crowder table,lfang6,rrrebelk,rrrebelk,Steven Crowder is such a disappointment,,https://i.redd.it/0dja1bbox8g61.jpg,34,,10,2021-02-08T12:20:03+00:00,2025-12-22T13:54:28.847892,https://www.reddit.com/r/memes/comments/lfang6/steven_crowder_is_such_a_disappointment/,,,,0,change my mind
reddit,change my mind,steven crowder table,hmyshu,stinkybuttholeandpoo,stinkybuttholeandpoo,Steven Crowder,,https://i.redd.it/sot5kppbyg951.jpg,4763,,59,2020-07-07T17:20:14+00:00,2025-12-22T13:54:28.847892,https://www.reddit.com/r/dankmemes/comments/hmyshu/steven_crowder/,,,,0,change my mind
reddit,change my mind,steven crowder table,eabo0z,pig-gy,pig-gy,Steven crowder,,https://i.redd.it/soiskbnhhh441.jpg,14,,3,2019-12-13T23:18:04+00:00,2025-12-22T13:54:28.847892,https://www.reddit.com/r/dankmemes/comments/eabo0z/steven_crowder/,,,,0,change my mind
reddit,change my mind,steven crowder table,cksxyt,CroissantSexy,CroissantSexy,"Pls Steven, come back to our table",,https://i.redd.it/8dz4brpv0wd31.jpg,47,,5,2019-08-01T19:20:05+00:00,2025-12-22T13:54:28.847892,https://www.reddit.com/r/memes/comments/cksxyt/pls_steven_come_back_to_our_table/,,,,0,change my mind
reddit,change my mind,steven crowder table,bh2l9g,WifeBeaterNavalUnit,WifeBeaterNavalUnit,ElectroBOOM > Steven Crowder,,https://i.redd.it/hs9374p89bu21.jpg,18,,6,2019-04-25T01:10:58+00:00,2025-12-22T13:54:28.847892,https://www.reddit.com/r/memes/comments/bh2l9g/electroboom_steven_crowder/,,,,0,change my mind
reddit,change my mind,steven crowder table,azz7ub,Beall619,Beall619,StevenCrowder,,https://i.redd.it/fnbco1em7kl21.png,50,,10,2019-03-11T21:41:20+00:00,2025-12-22T13:54:28.847892,https://www.reddit.com/r/dankmemes/comments/azz7ub/stevencrowder/,,,,0,change my mind
reddit,change my mind,steven crowder table,avz75u,SUMBWEDY,SUMBWEDY,They hated Steven Crowder because he spoke the truth.,,https://i.redd.it/deyqm4t71fj21.png,40,,4,2019-03-01T02:08:14+00:00,2025-12-22T13:54:28.847892,https://www.reddit.com/r/dankmemes/comments/avz75u/they_hated_steven_crowder_because_he_spoke_the/,,,,0,change my mind
reddit,change my mind,steven crowder table,8ykkvf,BMY61,BMY61,Embarrassing Medical News,,https://www.reddit.com/r/funny/comments/8ykkvf/embarrassing_medical_news/,5,,1,2018-07-13T14:48:15+00:00,2025-12-22T13:54:28.847892,https://www.reddit.com/r/funny/comments/8ykkvf/embarrassing_medical_news/,,,,0,change my mind
reddit,change my mind,steven crowder table,8y7iiy,FizzlePopBerryTwist,FizzlePopBerryTwist,"I wouldn't mod this sub for just anyone, but maybe Steven Crowder",,https://i.redd.it/4uyry1cjug911.png,10,,8,2018-07-12T07:04:05+00:00,2025-12-22T13:54:28.847892,https://www.reddit.com/r/dankmemes/comments/8y7iiy/i_wouldnt_mod_this_sub_for_just_anyone_but_maybe/,,,,0,change my mind
reddit,change my mind,steven crowder table,57utgy,Skelfas,Skelfas,Peak Performance,,https://i.redd.it/vz2iw4watxrx.png,18,,1,2016-10-17T01:26:32+00:00,2025-12-22T13:54:28.847892,https://www.reddit.com/r/dankmemes/comments/57utgy/peak_performance/,,,,0,change my mind
reddit,change my mind,steven crowder table,4op582,MrHand1111,MrHand1111,Comedian Steven Crowder Is ‘Painting Muhammad with Bob Ross’,,http://www.theblaze.com/stories/2016/06/18/watch-comedian-steven-crowder-is-painting-muhammad-with-bob-ross/,0,,1,2016-06-18T16:23:54+00:00,2025-12-22T13:54:28.847892,https://www.reddit.com/r/funny/comments/4op582/comedian_steven_crowder_is_painting_muhammad_with/,,,,0,change my mind
reddit,change my mind,steven crowder table,27xy4v,DarknessRain,DarknessRain,“It felt fuckin' great!” - 30 June 2014,,https://www.reddit.com/r/funny/comments/27xy4v/it_felt_fuckin_great_30_june_2014/,0,,2,2014-06-12T05:24:29+00:00,2025-12-22T13:54:28.847892,https://www.reddit.com/r/funny/comments/27xy4v/it_felt_fuckin_great_30_june_2014/,,,,0,change my mind
reddit,change my mind,steven crowder table,15sxda,degenerate_imbecile,degenerate_imbecile,"I wrote this for /r/wtf, but they don't allow text posts. Happy New Years.",,https://www.reddit.com/r/funny/comments/15sxda/i_wrote_this_for_rwtf_but_they_dont_allow_text/,0,,0,2013-01-02T02:42:50+00:00,2025-12-22T13:54:28.847892,https://www.reddit.com/r/funny/comments/15sxda/i_wrote_this_for_rwtf_but_they_dont_allow_text/,,,,0,change my mind
reddit,change my mind,steven crowder table,11o592,Oli_pop_layla26,Oli_pop_layla26,Parody of something,,https://www.reddit.com/r/funny/comments/11o592/parody_of_something/,0,,0,2012-10-18T03:18:24+00:00,2025-12-22T13:54:28.847892,https://www.reddit.com/r/funny/comments/11o592/parody_of_something/,,,,0,change my mind
reddit,change my mind,steven crowder table,xlvfx,Seychell,Seychell,Whilst cycling through Iran....,,https://www.reddit.com/r/funny/comments/xlvfx/whilst_cycling_through_iran/,0,,1,2012-08-03T05:38:15+00:00,2025-12-22T13:54:28.847892,https://www.reddit.com/r/funny/comments/xlvfx/whilst_cycling_through_iran/,,,,0,change my mind
reddit,change my mind,steven crowder table,uumal,Abortionshouldbefree,Abortionshouldbefree,"Story time with Tom, Steve, Lewis and Alex",,https://www.reddit.com/r/funny/comments/uumal/story_time_with_tom_steve_lewis_and_alex/,0,,1,2012-06-10T14:51:32+00:00,2025-12-22T13:54:28.847892,https://www.reddit.com/r/funny/comments/uumal/story_time_with_tom_steve_lewis_and_alex/,,,,0,change my mind
reddit,change my mind,steven crowder table,skkdy,FairBenny,FairBenny,EATING OUT,,https://www.reddit.com/r/funny/comments/skkdy/eating_out/,0,,1,2012-04-20T23:59:02+00:00,2025-12-22T13:54:28.847892,https://www.reddit.com/r/funny/comments/skkdy/eating_out/,,,,0,change my mind
reddit,change my mind,steven crowder table,8491j,dgcosbie,dgcosbie,Conservative Comedian Steven Crowder Takes on Torture and Gitmo in New Video - Video 3/12/09,,http://www.freedomslighthouse.com/2009/03/conservative-comedian-steven-crowder_12.html,0,,2,2009-03-13T00:15:23+00:00,2025-12-22T13:54:28.847892,https://www.reddit.com/r/funny/comments/8491j/conservative_comedian_steven_crowder_takes_on/,,,,0,change my mind
reddit,expanding brain,"""expanding brain""",14fm1be,WhippetRun,WhippetRun,Since the rule change I am learning so much Medieval knowledge that my expanding brain is about to explode,,https://i.redd.it/tkcqsci2ag7b1.jpg,12,,1,2023-06-21T22:48:56+00:00,2025-12-22T13:54:28.847892,https://www.reddit.com/r/memes/comments/14fm1be/since_the_rule_change_i_am_learning_so_much/,,,,3,expanding brain
reddit,expanding brain,"""expanding brain""",1261vng,TheDogeAcademy,TheDogeAcademy,"Meme Fact #40 Expanding Brain originated as a part of the ""Whomst"" meme when it was posted to Reddit to Dankmemes in Jan 2017.",,https://i.redd.it/742fnal8jsqa1.jpg,22,,1,2023-03-29T21:51:24+00:00,2025-12-22T13:54:28.847892,https://www.reddit.com/r/dankmemes/comments/1261vng/meme_fact_40_expanding_brain_originated_as_a_part/,,,,3,expanding brain
reddit,expanding brain,"""expanding brain""",wk2sju,LFSWASTAKEN,LFSWASTAKEN,Expanding Brain,,https://i.redd.it/tx07f721sog91.png,75,,8,2022-08-09T13:03:43+00:00,2025-12-22T13:54:28.847892,https://www.reddit.com/r/dankmemes/comments/wk2sju/expanding_brain/,,,,3,expanding brain
reddit,expanding brain,"""expanding brain""",tn6847,Schaarenberg,Schaarenberg,Downloading Meme Folder OneDrive Expanding Brain,,https://i.redd.it/u2m8hqxlhep81.jpg,35,,5,2022-03-24T21:37:52+00:00,2025-12-22T13:54:28.847892,https://www.reddit.com/r/memes/comments/tn6847/downloading_meme_folder_onedrive_expanding_brain/,,,,3,expanding brain
reddit,expanding brain,"""expanding brain""",r61tq7,alexbeeperoni,alexbeeperoni,The Ultimate Expanding Brain Meme (Finale),,https://i.redd.it/3hzfp2d0tt281.png,1900,,146,2021-12-01T00:31:57+00:00,2025-12-22T13:54:28.847892,https://www.reddit.com/r/dankmemes/comments/r61tq7/the_ultimate_expanding_brain_meme_finale/,,,,3,expanding brain
reddit,expanding brain,"""expanding brain""",qqjjef,COOL69420VERYCOOL,COOL69420VERYCOOL,Expanding Brains,,https://i.redd.it/qh7e5l1ufoy71.jpg,36,,0,2021-11-10T02:11:46+00:00,2025-12-22T13:54:28.847892,https://www.reddit.com/r/memes/comments/qqjjef/expanding_brains/,,,,3,expanding brain
reddit,expanding brain,"""expanding brain""",qi513k,Fragrant_Piece_1113,Fragrant_Piece_1113,expanding brain,,https://i.redd.it/036e6aallbw71.jpg,265,,29,2021-10-29T04:52:41+00:00,2025-12-22T13:54:28.847892,https://www.reddit.com/r/memes/comments/qi513k/expanding_brain/,,,,3,expanding brain
reddit,expanding brain,"""expanding brain""",qgfpz4,COOL69420VERYCOOL,COOL69420VERYCOOL,Expanding Brains Sick,,https://i.redd.it/b3jzdzr6wuv71.jpg,58,,0,2021-10-26T20:41:43+00:00,2025-12-22T13:54:28.847892,https://www.reddit.com/r/memes/comments/qgfpz4/expanding_brains_sick/,,,,3,expanding brain
reddit,expanding brain,"""expanding brain""",oyhs52,Chernablogger,Chernablogger,"""Progressively Drunk Marge"" is a great ""Expanding Brain"" meme template (with example meme in first comment)",,https://i.redd.it/e66unsrcmjf71.jpg,34,,10,2021-08-05T13:40:52+00:00,2025-12-22T13:54:28.847892,https://www.reddit.com/r/memes/comments/oyhs52/progressively_drunk_marge_is_a_great_expanding/,,,,3,expanding brain
reddit,expanding brain,"""expanding brain""",owjl77,LordOfBrightnes,LordOfBrightnes,18 tier expanding brain telling nonsenses about memes,,https://i.redd.it/obzqqpi6eze71.jpg,34,,1,2021-08-02T17:39:28+00:00,2025-12-22T13:54:28.847892,https://www.reddit.com/r/memes/comments/owjl77/18_tier_expanding_brain_telling_nonsenses_about/,,,,3,expanding brain
reddit,expanding brain,"""expanding brain""",nnkdqz,One_Management1264,One_Management1264,Expanding Brain.,,https://i.redd.it/c5o9xbtwa1271.jpg,7828,,60,2021-05-29T10:11:01+00:00,2025-12-22T13:54:28.847892,https://www.reddit.com/r/memes/comments/nnkdqz/expanding_brain/,,,,3,expanding brain
reddit,expanding brain,"""expanding brain""",jyt34g,NueWorld4All,NueWorld4All,*expanding brain*,,https://i.redd.it/7o6b5qo2ir061.jpg,103,,6,2020-11-22T09:40:17+00:00,2025-12-22T13:54:28.847892,https://www.reddit.com/r/dankmemes/comments/jyt34g/expanding_brain/,,,,3,expanding brain
reddit,expanding brain,"""expanding brain""",jmaxx9,RichKestrel,RichKestrel,This is the final panel of the expanding brain meme,,https://i.redd.it/e9qd9k02apw51.jpg,72,,2,2020-11-01T21:56:05+00:00,2025-12-22T13:54:28.847892,https://www.reddit.com/r/memes/comments/jmaxx9/this_is_the_final_panel_of_the_expanding_brain/,,,,3,expanding brain
reddit,expanding brain,"""expanding brain""",jkyfc8,chicken_chocker,chicken_chocker,Expanding Brain,,https://i.redd.it/scg11sxty8w51.jpg,78,,1,2020-10-30T15:04:35+00:00,2025-12-22T13:54:28.847892,https://www.reddit.com/r/memes/comments/jkyfc8/expanding_brain/,,,,3,expanding brain
reddit,expanding brain,"""expanding brain""",jjo0zu,Cool-Dank_Kid,Cool-Dank_Kid,Expanding Brain,,https://i.redd.it/unfccrf7buv51.png,33,,4,2020-10-28T13:46:40+00:00,2025-12-22T13:54:28.847892,https://www.reddit.com/r/memes/comments/jjo0zu/expanding_brain/,,,,3,expanding brain
reddit,expanding brain,"""expanding brain""",hzwim2,toh_lol_ciao,toh_lol_ciao,expanding brain,,https://i.redd.it/2b1ga9x93rd51.png,70,,14,2020-07-29T07:42:16+00:00,2025-12-22T13:54:28.847892,https://www.reddit.com/r/memes/comments/hzwim2/expanding_brain/,,,,3,expanding brain
reddit,expanding brain,"""expanding brain""",frdvtm,LetsDoTheCongna,LetsDoTheCongna,Revive expanding brain!!! He’s dying and needs our help!!!,,https://i.redd.it/6z1792nelop41.jpg,48,,6,2020-03-29T21:39:19+00:00,2025-12-22T13:54:28.847892,https://www.reddit.com/r/memes/comments/frdvtm/revive_expanding_brain_hes_dying_and_needs_our/,,,,3,expanding brain
reddit,expanding brain,"""expanding brain""",fpba4t,RedMatt71,RedMatt71,"Expanding brain, boys",,https://i.redd.it/vth9cw1fo0p41.png,31,,3,2020-03-26T13:13:59+00:00,2025-12-22T13:54:28.847892,https://www.reddit.com/r/memes/comments/fpba4t/expanding_brain_boys/,,,,3,expanding brain
reddit,expanding brain,"""expanding brain""",fm0n9g,FIZZY_USA,FIZZY_USA,Expanding brain meme is much better as a gif!,,https://i.redd.it/uc3t1meglvn41.jpg,37,,8,2020-03-20T19:03:47+00:00,2025-12-22T13:54:28.847892,https://www.reddit.com/r/memes/comments/fm0n9g/expanding_brain_meme_is_much_better_as_a_gif/,,,,3,expanding brain
reddit,expanding brain,"""expanding brain""",fi9mkr,llllIIIIlllIII,llllIIIIlllIII,Expanding Brain Time Boys and Girls,,https://i.redd.it/4wbvnwiy4jm41.png,41,,5,2020-03-14T00:08:58+00:00,2025-12-22T13:54:28.847892,https://www.reddit.com/r/memes/comments/fi9mkr/expanding_brain_time_boys_and_girls/,,,,3,expanding brain
reddit,expanding brain,"""expanding brain""",etlmjr,TheFluffyDetective,TheFluffyDetective,Wow expanding brain meme,,https://i.redd.it/g2util0xiuc41.jpg,92,,7,2020-01-25T03:42:18+00:00,2025-12-22T13:54:28.847892,https://www.reddit.com/r/memes/comments/etlmjr/wow_expanding_brain_meme/,,,,3,expanding brain
reddit,expanding brain,"""expanding brain""",etes05,hecking-doggo,hecking-doggo,Expanding brain and crusade memes are my favorite :(,,https://imgur.com/JqQXW0I.jpg,30,,1,2020-01-24T18:55:40+00:00,2025-12-22T13:54:28.847892,https://www.reddit.com/r/dankmemes/comments/etes05/expanding_brain_and_crusade_memes_are_my_favorite/,,,,3,expanding brain
reddit,expanding brain,"""expanding brain""",esesn0,Kevin5882,Kevin5882,Pokèball expanding brain format to keep it interesting,,https://i.redd.it/zedz6pan2dc41.png,46,,9,2020-01-22T17:01:36+00:00,2025-12-22T13:54:28.847892,https://www.reddit.com/r/memes/comments/esesn0/pokèball_expanding_brain_format_to_keep_it/,,,,3,expanding brain
reddit,expanding brain,"""expanding brain""",efvhok,KentMY,KentMY,"expanding brain levels. eh, i don't have any fun so i made this up",,https://i.redd.it/jantj54bdz641.jpg,28,,7,2019-12-26T13:35:38+00:00,2025-12-22T13:54:28.847892,https://www.reddit.com/r/memes/comments/efvhok/expanding_brain_levels_eh_i_dont_have_any_fun_so/,,,,3,expanding brain
reddit,expanding brain,"""expanding brain""",e7083z,felipeefl,felipeefl,Expanding brain is a strong nominee aswell,,https://i.redd.it/qy07wdxz71341.png,32,,7,2019-12-06T15:32:18+00:00,2025-12-22T13:54:28.847892,https://www.reddit.com/r/dankmemes/comments/e7083z/expanding_brain_is_a_strong_nominee_aswell/,,,,3,expanding brain
reddit,expanding brain,"""expanding brain""",dvktwg,LargeResponsibility,LargeResponsibility,Expanding Brain Memes are eternal,,https://i.redd.it/kb6ycm155dy31.jpg,98,,0,2019-11-13T02:17:46+00:00,2025-12-22T13:54:28.847892,https://www.reddit.com/r/memes/comments/dvktwg/expanding_brain_memes_are_eternal/,,,,3,expanding brain
reddit,expanding brain,"""expanding brain""",dvkd3b,PikaPerry123_YT,PikaPerry123_YT,Yeah this is expanded brain time,,https://i.redd.it/wu6nbuipycy31.jpg,32,,4,2019-11-13T01:40:52+00:00,2025-12-22T13:54:28.847892,https://www.reddit.com/r/memes/comments/dvkd3b/yeah_this_is_expanded_brain_time/,,,,3,expanding brain
reddit,expanding brain,"""expanding brain""",dns22q,matheus1760,matheus1760,Expanding Brain,,https://i.redd.it/068ty6uxj2v31.jpg,41,,0,2019-10-27T11:28:53+00:00,2025-12-22T13:54:28.847892,https://www.reddit.com/r/memes/comments/dns22q/expanding_brain/,,,,3,expanding brain
reddit,expanding brain,"""expanding brain""",dmmb6y,nickhumanguy,nickhumanguy,"I dont know if expanding brain memes aer normie, but I do know joe is",,https://i.redd.it/uwqeaklhuju31.jpg,33,,1,2019-10-24T20:33:09+00:00,2025-12-22T13:54:28.847892,https://www.reddit.com/r/dankmemes/comments/dmmb6y/i_dont_know_if_expanding_brain_memes_aer_normie/,,,,3,expanding brain
reddit,expanding brain,"""expanding brain""",dkr6ei,EmotionalBonfire,EmotionalBonfire,Expanding the Expanding Brain,,https://i.redd.it/y2xau400yrt31.png,43,,0,2019-10-20T22:43:43+00:00,2025-12-22T13:54:28.847892,https://www.reddit.com/r/memes/comments/dkr6ei/expanding_the_expanding_brain/,,,,3,expanding brain
reddit,expanding brain,"""expanding brain""",djbr4i,chillzzzzzz,chillzzzzzz,Expanding Brain,,https://i.redd.it/ajfxiynvp5t31.jpg,24,,4,2019-10-17T19:58:14+00:00,2025-12-22T13:54:28.847892,https://www.reddit.com/r/dankmemes/comments/djbr4i/expanding_brain/,,,,3,expanding brain
reddit,expanding brain,"""expanding brain""",deiyd2,Robosium,Robosium,A meme made from expanding brain.,,https://i.redd.it/lj8yb9sq74r31.jpg,31,,2,2019-10-07T12:46:33+00:00,2025-12-22T13:54:28.847892,https://www.reddit.com/r/dankmemes/comments/deiyd2/a_meme_made_from_expanding_brain/,,,,3,expanding brain
reddit,expanding brain,"""expanding brain""",d9f2sp,Bro-Mega,Bro-Mega,Expands brain to infinity and beyond.,,https://i.redd.it/3bkhaiurfvo31.jpg,47,,2,2019-09-26T05:07:14+00:00,2025-12-22T13:54:28.847892,https://www.reddit.com/r/dankmemes/comments/d9f2sp/expands_brain_to_infinity_and_beyond/,,,,3,expanding brain
reddit,expanding brain,"""expanding brain""",d1ap2a,supremeflip,supremeflip,Didn’t know this format was called expanding brain,,https://i.redd.it/0giehw3hddl31.jpg,61,,1,2019-09-08T13:09:54+00:00,2025-12-22T13:54:28.847892,https://www.reddit.com/r/memes/comments/d1ap2a/didnt_know_this_format_was_called_expanding_brain/,,,,3,expanding brain
reddit,expanding brain,"""expanding brain""",d13bz3,Bigboi129,Bigboi129,Expanding brain,,https://i.redd.it/jq1ut8d8a9l31.jpg,26,,8,2019-09-07T23:24:35+00:00,2025-12-22T13:54:28.847892,https://www.reddit.com/r/dankmemes/comments/d13bz3/expanding_brain/,,,,3,expanding brain
reddit,expanding brain,"""expanding brain""",cy0kpy,Bro-Mega,Bro-Mega,Expanding Brain meme shall live forever.,,https://i.redd.it/7duu7gaeiuj31.jpg,45,,2,2019-08-31T20:39:29+00:00,2025-12-22T13:54:28.847892,https://www.reddit.com/r/dankmemes/comments/cy0kpy/expanding_brain_meme_shall_live_forever/,,,,3,expanding brain
reddit,expanding brain,"""expanding brain""",crtkv1,MrJallu101,MrJallu101,Egoraptor challenges expanding brain!,,https://i.redd.it/586q4wqhe3h31.jpg,33,,3,2019-08-17T23:22:01+00:00,2025-12-22T13:54:28.847892,https://www.reddit.com/r/dankmemes/comments/crtkv1/egoraptor_challenges_expanding_brain/,,,,3,expanding brain
reddit,expanding brain,"""expanding brain""",cngyxa,Y0L0_Y33T,Y0L0_Y33T,Expanding brain,,https://i.redd.it/s0stw47hq5f31.jpg,37,,1,2019-08-08T05:03:42+00:00,2025-12-22T13:54:28.847892,https://www.reddit.com/r/memes/comments/cngyxa/expanding_brain/,,,,3,expanding brain
reddit,expanding brain,"""expanding brain""",cl3wa5,kingofbacon76,kingofbacon76,Isn’t this just expanding brain,,https://i.redd.it/lvtdfznlb1e31.jpg,21,,4,2019-08-02T13:09:04+00:00,2025-12-22T13:54:28.847892,https://www.reddit.com/r/dankmemes/comments/cl3wa5/isnt_this_just_expanding_brain/,,,,3,expanding brain
reddit,expanding brain,"""expanding brain""",byd193,UnknownTesla,UnknownTesla,Yet another expanding brain meme,,https://i.redd.it/c2ja16kne7331.jpg,69,,4,2019-06-08T21:51:24+00:00,2025-12-22T13:54:28.847892,https://www.reddit.com/r/dankmemes/comments/byd193/yet_another_expanding_brain_meme/,,,,3,expanding brain
reddit,expanding brain,"""expanding brain""",by019o,TOM-L-MON,TOM-L-MON,Also works with the expanding brain,,https://i.redd.it/aq0bu47o40331.jpg,23,,1,2019-06-07T21:23:07+00:00,2025-12-22T13:54:28.847892,https://www.reddit.com/r/dankmemes/comments/by019o/also_works_with_the_expanding_brain/,,,,3,expanding brain
reddit,expanding brain,"""expanding brain""",bnq4gq,BlackoutFury,BlackoutFury,Visiting my grandma in rehab and saw this brain image from the expanding brain meme.,,https://i.redd.it/nof35s4atsx21.jpg,27,,1,2019-05-12T15:26:03+00:00,2025-12-22T13:54:28.847892,https://www.reddit.com/r/memes/comments/bnq4gq/visiting_my_grandma_in_rehab_and_saw_this_brain/,,,,3,expanding brain
reddit,expanding brain,"""expanding brain""",bh12ym,Whisper561,Whisper561,Expanding brain? Mmm nonono.,,https://i.redd.it/6obr75yniau21.jpg,35,,3,2019-04-24T22:42:03+00:00,2025-12-22T13:54:28.847892,https://www.reddit.com/r/memes/comments/bh12ym/expanding_brain_mmm_nonono/,,,,3,expanding brain
reddit,expanding brain,"""expanding brain""",b8fkm6,I_have_8memes,I_have_8memes,Look at last panel of expanding brain,,https://i.redd.it/n6ywd9a4rsp21.jpg,32,,3,2019-04-02T06:40:47+00:00,2025-12-22T13:54:28.847892,https://www.reddit.com/r/dankmemes/comments/b8fkm6/look_at_last_panel_of_expanding_brain/,,,,3,expanding brain
reddit,expanding brain,"""expanding brain""",b7fqyq,kirk_lange,kirk_lange,Step aside Expanding Brain!,,https://i.redd.it/s92hjdaxhbp21.jpg,40,,7,2019-03-30T20:40:16+00:00,2025-12-22T13:54:28.847892,https://www.reddit.com/r/dankmemes/comments/b7fqyq/step_aside_expanding_brain/,,,,3,expanding brain
reddit,expanding brain,"""expanding brain""",b721n0,ZBRZ123,ZBRZ123,This is just expanding brain 2.0 lmao,,https://i.redd.it/3aybo75o74p21.jpg,64,,3,2019-03-29T20:09:01+00:00,2025-12-22T13:54:28.847892,https://www.reddit.com/r/dankmemes/comments/b721n0/this_is_just_expanding_brain_20_lmao/,,,,3,expanding brain
reddit,expanding brain,"""expanding brain""",b4z8bp,TheJJNator,TheJJNator,Expanding brain format will never die,,https://i.redd.it/bt7kixg0v3o21.png,36,,4,2019-03-24T17:54:22+00:00,2025-12-22T13:54:28.847892,https://www.reddit.com/r/memes/comments/b4z8bp/expanding_brain_format_will_never_die/,,,,3,expanding brain
reddit,expanding brain,"""expanding brain""",b4mdqn,Cowmunist,Cowmunist,I'm still over here making expanding brain memes.,,https://i.redd.it/ggsxs2xzuwn21.jpg,77,,6,2019-03-23T18:22:27+00:00,2025-12-22T13:54:28.847892,https://www.reddit.com/r/dankmemes/comments/b4mdqn/im_still_over_here_making_expanding_brain_memes/,,,,3,expanding brain
reddit,expanding brain,"""expanding brain""",b40imr,TheJJNator,TheJJNator,Expanding brain meme will never die,,https://i.redd.it/fpwu5xj1jln21.png,47,,13,2019-03-22T04:15:07+00:00,2025-12-22T13:54:28.847892,https://www.reddit.com/r/memes/comments/b40imr/expanding_brain_meme_will_never_die/,,,,3,expanding brain
reddit,expanding brain,"""expanding brain""",apj067,pizza_and_cats,pizza_and_cats,Couldn't find a reverse expanding brain format so I made one,,https://i.redd.it/1ja8y66jbzf21.jpg,77,,3,2019-02-11T18:05:28+00:00,2025-12-22T13:54:28.847892,https://www.reddit.com/r/dankmemes/comments/apj067/couldnt_find_a_reverse_expanding_brain_format_so/,,,,3,expanding brain
reddit,expanding brain,"""expanding brain""",aisg3y,Rodut16,Rodut16,Expanding brain still awesome template,,https://i.redd.it/f82u29mbw1c21.jpg,26,,1,2019-01-22T22:28:06+00:00,2025-12-22T13:54:28.847892,https://www.reddit.com/r/memes/comments/aisg3y/expanding_brain_still_awesome_template/,,,,3,expanding brain
reddit,expanding brain,"""expanding brain""",ahfuhx,CleverSpirit,CleverSpirit,"Expanded brain meme, on art",,https://i.redd.it/7q6mnthsc9b21.jpg,35,,3,2019-01-18T22:31:21+00:00,2025-12-22T13:54:28.847892,https://www.reddit.com/r/dankmemes/comments/ahfuhx/expanded_brain_meme_on_art/,,,,3,expanding brain
reddit,expanding brain,"""expanding brain""",afljy7,PairofD0cks,PairofD0cks,Expanding brain meme 2.0,,https://i.redd.it/uxzadbmn78a21.png,42,,3,2019-01-13T17:34:09+00:00,2025-12-22T13:54:28.847892,https://www.reddit.com/r/memes/comments/afljy7/expanding_brain_meme_20/,,,,3,expanding brain
reddit,expanding brain,"""expanding brain""",afljsa,PairofD0cks,PairofD0cks,Expanding brain meme 2.0,,https://i.redd.it/zb1frd0l78a21.png,36,,2,2019-01-13T17:33:45+00:00,2025-12-22T13:54:28.847892,https://www.reddit.com/r/dankmemes/comments/afljsa/expanding_brain_meme_20/,,,,3,expanding brain
reddit,expanding brain,"""expanding brain""",aer7s7,loomhigh223555,loomhigh223555,G+ 22 - nothing like an old fashioned expanding brain meme made when they were still good.,,https://i.redd.it/u741zidzrp921.png,26,,7,2019-01-11T03:34:36+00:00,2025-12-22T13:54:28.847892,https://www.reddit.com/r/memes/comments/aer7s7/g_22_nothing_like_an_old_fashioned_expanding/,,,,3,expanding brain
reddit,expanding brain,"""expanding brain""",aadfan,jagaerdoeden,jagaerdoeden,expanding-brain.jpg,,https://i.redd.it/ubcr1kybl2721.jpg,89,,8,2018-12-28T19:28:38+00:00,2025-12-22T13:54:28.847892,https://www.reddit.com/r/memes/comments/aadfan/expandingbrainjpg/,,,,3,expanding brain
reddit,expanding brain,"""expanding brain""",a7auan,thatcat7_,thatcat7_,Expanding Brain on Shape of the Earth - Red Pilled,,https://i.imgur.com/6D0TdRO.jpg,37,,7,2018-12-18T12:59:25+00:00,2025-12-22T13:54:28.847892,https://www.reddit.com/r/memes/comments/a7auan/expanding_brain_on_shape_of_the_earth_red_pilled/,,,,3,expanding brain
reddit,expanding brain,"""expanding brain""",a6zvju,stubentiger123,stubentiger123,*Expanding brain*,,https://i.redd.it/xy1mdq8wcu421.jpg,50,,1,2018-12-17T13:37:58+00:00,2025-12-22T13:54:28.847892,https://www.reddit.com/r/memes/comments/a6zvju/expanding_brain/,,,,3,expanding brain
reddit,expanding brain,"""expanding brain""",a6y07l,BobaMyBoba,BobaMyBoba,*expanding brain*,,https://i.redd.it/a6igded9ts421.jpg,71,,12,2018-12-17T08:25:59+00:00,2025-12-22T13:54:28.847892,https://www.reddit.com/r/dankmemes/comments/a6y07l/expanding_brain/,,,,3,expanding brain
reddit,expanding brain,"""expanding brain""",9se0xl,ManBehindJulioOcho,ManBehindJulioOcho,I made an expanding brain template for his birthday.,,https://i.redd.it/lkrcx21v65v11.jpg,31071,,143,2018-10-29T15:22:42+00:00,2025-12-22T13:54:28.847892,https://www.reddit.com/r/memes/comments/9se0xl/i_made_an_expanding_brain_template_for_his/,,,,3,expanding brain
reddit,expanding brain,"""expanding brain""",7w4dsk,firechoco,firechoco,Expanding brain - SpaceX,,https://i.redd.it/ehw4d5c0eze01.png,10,,0,2018-02-08T12:16:40+00:00,2025-12-22T13:54:28.847892,https://www.reddit.com/r/funny/comments/7w4dsk/expanding_brain_spacex/,,,,3,expanding brain
reddit,expanding brain,"""expanding brain""",7jjmhi,odraencoded,odraencoded,Expanding brain language,,https://i.imgur.com/TxEQnnm.png,129,,5,2017-12-13T14:35:03+00:00,2025-12-22T13:54:28.847892,https://www.reddit.com/r/memes/comments/7jjmhi/expanding_brain_language/,,,,3,expanding brain
reddit,expanding brain,"""expanding brain""",7hk5nw,clubby789,clubby789,A true fan of Richard and Mortimer would get the joke,,https://i.redd.it/nx7qf078uy101.png,600,,9,2017-12-04T20:32:48+00:00,2025-12-22T13:54:28.847892,https://www.reddit.com/r/dankmemes/comments/7hk5nw/a_true_fan_of_richard_and_mortimer_would_get_the/,,,,3,expanding brain
reddit,expanding brain,"""expanding brain""",77hjn1,Demi_King,Demi_King,Deep Fried Expanding Brain,,https://i.imgur.com/fG98I25.jpg,54,,3,2017-10-19T21:32:14+00:00,2025-12-22T13:54:28.847892,https://www.reddit.com/r/memes/comments/77hjn1/deep_fried_expanding_brain/,,,,3,expanding brain
reddit,expanding brain,"""expanding brain""",77hgtv,Demi_King,Demi_King,Deep fried expanding brain,,https://i.imgur.com/mL9eSOm.png,112,,3,2017-10-19T21:20:12+00:00,2025-12-22T13:54:28.847892,https://www.reddit.com/r/dankmemes/comments/77hgtv/deep_fried_expanding_brain/,,,,3,expanding brain
reddit,expanding brain,"""expanding brain""",75bs9v,mediumslurpee,mediumslurpee,What if I told you...,,https://i.redd.it/avvleihn2vqz.jpg,2258,,24,2017-10-09T20:06:39+00:00,2025-12-22T13:54:28.847892,https://www.reddit.com/r/memes/comments/75bs9v/what_if_i_told_you/,,,,3,expanding brain
reddit,expanding brain,"""expanding brain""",6vpj3c,Drakath2812,Drakath2812,Join me and ascend to godhood.,,https://i.redd.it/71s9oezvdnhz.jpg,172,,8,2017-08-24T08:38:11+00:00,2025-12-22T13:54:28.847892,https://www.reddit.com/r/memes/comments/6vpj3c/join_me_and_ascend_to_godhood/,,,,3,expanding brain
reddit,expanding brain,"""expanding brain""",6mcx9f,PurpyPupple,PurpyPupple,How to generate uniform random points inside a circle,,https://i.redd.it/xyoi0oi0up8z.png,1,,0,2017-07-10T07:15:42+00:00,2025-12-22T13:54:28.847892,https://www.reddit.com/r/memes/comments/6mcx9f/how_to_generate_uniform_random_points_inside_a/,,,,3,expanding brain
reddit,expanding brain,"""expanding brain""",69wy78,DevAnima,DevAnima,What's the best way of doing it?,,https://i.redd.it/jraokazgn8wy.jpg,114,,10,2017-05-08T08:56:00+00:00,2025-12-22T13:54:28.847892,https://www.reddit.com/r/dankmemes/comments/69wy78/whats_the_best_way_of_doing_it/,,,,3,expanding brain
reddit,expanding brain,"""expanding brain""",66zfdc,timechi3f,timechi3f,PSA,,https://i.redd.it/43ekvodg77ty.png,21,,1,2017-04-23T00:34:41+00:00,2025-12-22T13:54:28.847892,https://www.reddit.com/r/memes/comments/66zfdc/psa/,,,,3,expanding brain
reddit,expanding brain,"""expanding brain""",5ybvun,tris_12,tris_12,Whomst else is depressed?🙋🏽‍♂️,,https://i.redd.it/xzcgpd383aky.jpg,2380,,80,2017-03-09T00:38:55+00:00,2025-12-22T13:54:28.847892,https://www.reddit.com/r/dankmemes/comments/5ybvun/whomst_else_is_depressed/,,,,3,expanding brain
reddit,expanding brain,"""expanding brain""",5y5f2n,MemelordHappeh,MemelordHappeh,"Behind the meme, if you're out there, on Reddit, I'm begging you, don't do this to us. This meme is only a boy, it has so much to live for",,https://i.redd.it/wyc0hkawm3ky.jpg,142,,17,2017-03-08T02:56:36+00:00,2025-12-22T13:54:28.847892,https://www.reddit.com/r/dankmemes/comments/5y5f2n/behind_the_meme_if_youre_out_there_on_reddit_im/,,,,3,expanding brain
reddit,expanding brain,"""expanding brain""",5wzz9j,BarracudaEz152,BarracudaEz152,Increasingly Verbose + Expanding Brain,,https://i.redd.it/tnyhqfvu3wiy.png,38,,4,2017-03-02T00:34:02+00:00,2025-12-22T13:54:28.847892,https://www.reddit.com/r/dankmemes/comments/5wzz9j/increasingly_verbose_expanding_brain/,,,,3,expanding brain
reddit,expanding brain,galaxy brain,1lc4dlu,stigaWRBenergy,stigaWRBenergy,My dad retired. Then he weaponized his printer. The latest edition of his rogue satirical newspaper is now circulating. Have a safe Fathers Day everyone...,,https://i.redd.it/90ko1smpa47f1.jpeg,3027,,131,2025-06-15T16:26:33+00:00,2025-12-22T13:54:28.847892,https://www.reddit.com/r/funny/comments/1lc4dlu/my_dad_retired_then_he_weaponized_his_printer_the/,,,,3,expanding brain
reddit,expanding brain,galaxy brain,1h8cz29,Key4Lif3,Key4Lif3,Galaxy brain unlocked. 💡 Which stage are you on?,,https://i.redd.it/xctwj1h6wa5e1.jpeg,0,,0,2024-12-06T22:00:29+00:00,2025-12-22T13:54:28.847892,https://www.reddit.com/r/memes/comments/1h8cz29/galaxy_brain_unlocked_which_stage_are_you_on/,,,,3,expanding brain
reddit,expanding brain,galaxy brain,1cupfao,Rooster-Rooter,Rooster-Rooter,Felon Busk's robobork celulink astroker for the good of the future people,,https://i.redd.it/3gj4fo2u741d1.jpeg,19,,1,2024-05-18T04:47:53+00:00,2025-12-22T13:54:28.847892,https://www.reddit.com/r/memes/comments/1cupfao/felon_busks_robobork_celulink_astroker_for_the/,,,,3,expanding brain
reddit,expanding brain,galaxy brain,17zxief,EquipmentElegant,EquipmentElegant,Galaxy brain meme,,https://i.redd.it/ljao1j087k1c1.jpg,13,,0,2023-11-20T20:04:09+00:00,2025-12-22T13:54:28.847892,https://www.reddit.com/r/memes/comments/17zxief/galaxy_brain_meme/,,,,3,expanding brain
reddit,expanding brain,galaxy brain,1205sue,focuc4,focuc4,i mean... the concept Is cool,,https://i.redd.it/vdlk17j20npa1.jpg,39,,2,2023-03-24T02:10:56+00:00,2025-12-22T13:54:28.847892,https://www.reddit.com/r/memes/comments/1205sue/i_mean_the_concept_is_cool/,,,,3,expanding brain
reddit,expanding brain,galaxy brain,11842tx,Flash_Fox11,Flash_Fox11,galaxy brain meme,,https://i.redd.it/u0a208nbalja1.jpg,28,,2,2023-02-21T14:00:02+00:00,2025-12-22T13:54:28.847892,https://www.reddit.com/r/memes/comments/11842tx/galaxy_brain_meme/,,,,3,expanding brain
reddit,expanding brain,galaxy brain,xuyg43,GetOffMyUnicorn70,GetOffMyUnicorn70,Lenny starts the workweek greatly disappointed by Bruce’s concept of a space mission. #SpringdaleFamily #LennyandBruce,,https://i.redd.it/o427rh38aor91.jpg,0,,2,2022-10-03T23:09:05+00:00,2025-12-22T13:54:28.847892,https://www.reddit.com/r/funny/comments/xuyg43/lenny_starts_the_workweek_greatly_disappointed_by/,,,,3,expanding brain
reddit,expanding brain,galaxy brain,xohx8v,Rogue_Dingus,Rogue_Dingus,Galaxy brain,,https://i.redd.it/nbwy5iky47q91.gif,9835,,30,2022-09-26T12:28:56+00:00,2025-12-22T13:54:28.847892,https://www.reddit.com/r/memes/comments/xohx8v/galaxy_brain/,,,,3,expanding brain
reddit,expanding brain,galaxy brain,rkzrxv,Andrei22125,Andrei22125,No idea where else to post it. Galaxy brain Master Dashi,,https://i.redd.it/kp8h02tg4s681.jpg,24,,4,2021-12-20T23:08:16+00:00,2025-12-22T13:54:28.847892,https://www.reddit.com/r/memes/comments/rkzrxv/no_idea_where_else_to_post_it_galaxy_brain_master/,,,,3,expanding brain
reddit,expanding brain,galaxy brain,rbs2ts,screaming-sparrow,screaming-sparrow,idk if this has been done before but i had a galaxy brain moment and made this,,https://i.redd.it/0jrpg4nnsb481.jpg,17,,0,2021-12-08T14:05:27+00:00,2025-12-22T13:54:28.847892,https://www.reddit.com/r/memes/comments/rbs2ts/idk_if_this_has_been_done_before_but_i_had_a/,,,,3,expanding brain
reddit,expanding brain,galaxy brain,r7e4w4,reesering,reesering,Galaxy brain humor,,https://i.redd.it/7fsixj5oc6381.jpg,31,,7,2021-12-02T18:42:39+00:00,2025-12-22T13:54:28.847892,https://www.reddit.com/r/dankmemes/comments/r7e4w4/galaxy_brain_humor/,,,,3,expanding brain
reddit,expanding brain,galaxy brain,r3qw22,Xrcane,Xrcane,Galaxy brain hydration,,https://i.redd.it/xxkjvpbfb8281.jpg,18,,2,2021-11-28T00:15:17+00:00,2025-12-22T13:54:28.847892,https://www.reddit.com/r/memes/comments/r3qw22/galaxy_brain_hydration/,,,,3,expanding brain
reddit,expanding brain,galaxy brain,qs51cl,KingNoob55,KingNoob55,Galaxy brain,,https://i.redd.it/o0tbkf15x3z71.jpg,648,,12,2021-11-12T06:15:32+00:00,2025-12-22T13:54:28.847892,https://www.reddit.com/r/memes/comments/qs51cl/galaxy_brain/,,,,3,expanding brain
reddit,expanding brain,galaxy brain,osvuvn,MONITOR613,MONITOR613,"Found this text in a standard Galaxy Brain template. I have merely #fixed the images. And yes, I personally believe in God. So.",,https://i.redd.it/621k84xdrtd71.jpg,0,,10,2021-07-27T21:38:40+00:00,2025-12-22T13:54:28.847892,https://www.reddit.com/r/dankmemes/comments/osvuvn/found_this_text_in_a_standard_galaxy_brain/,,,,3,expanding brain
reddit,expanding brain,galaxy brain,o6clfp,Themonstermichael,Themonstermichael,Here's my galaxy brain take on this,,https://i.redd.it/oy4zvl0lm0771.png,25,,1,2021-06-23T13:15:15+00:00,2025-12-22T13:54:28.847892,https://www.reddit.com/r/memes/comments/o6clfp/heres_my_galaxy_brain_take_on_this/,,,,3,expanding brain
reddit,expanding brain,galaxy brain,o0xzbg,MaeveTheBrave,MaeveTheBrave,Galaxy-brain-level physics,,https://imgur.com/gallery/aiyTX6g,7,,1,2021-06-16T05:57:17+00:00,2025-12-22T13:54:28.847892,https://www.reddit.com/r/memes/comments/o0xzbg/galaxybrainlevel_physics/,,,,3,expanding brain
reddit,expanding brain,galaxy brain,n6kc59,-Aviator,-Aviator,Galaxy Brain Moment,,https://i.redd.it/47j4tmw30lx61.gif,27,,10,2021-05-06T23:05:21+00:00,2025-12-22T13:54:28.847892,https://www.reddit.com/r/memes/comments/n6kc59/galaxy_brain_moment/,,,,3,expanding brain
reddit,expanding brain,galaxy brain,n5jw8c,Jneum23,Jneum23,Brain level: galaxy,,https://i.redd.it/1kgs67rcvbx61.jpg,64,,5,2021-05-05T16:22:38+00:00,2025-12-22T13:54:28.847892,https://www.reddit.com/r/dankmemes/comments/n5jw8c/brain_level_galaxy/,,,,3,expanding brain
reddit,expanding brain,galaxy brain,mgvnmr,Reddit_Username666,Reddit_Username666,galaxy brain,,https://i.redd.it/lsnssxx3u9q61.png,23,,1,2021-03-31T02:03:14+00:00,2025-12-22T13:54:28.847892,https://www.reddit.com/r/dankmemes/comments/mgvnmr/galaxy_brain/,,,,3,expanding brain
reddit,expanding brain,galaxy brain,mgvn4w,Reddit_Username666,Reddit_Username666,galaxy brain,,https://i.redd.it/bm7i3hwxt9q61.png,26,,7,2021-03-31T02:02:26+00:00,2025-12-22T13:54:28.847892,https://www.reddit.com/r/memes/comments/mgvn4w/galaxy_brain/,,,,3,expanding brain
reddit,expanding brain,galaxy brain,m59li3,xDiomedesx,xDiomedesx,Galaxy brain mf here.,,https://i.redd.it/rovn0qb5i3n61.jpg,45,,3,2021-03-15T01:33:02+00:00,2025-12-22T13:54:28.847892,https://www.reddit.com/r/dankmemes/comments/m59li3/galaxy_brain_mf_here/,,,,3,expanding brain
reddit,expanding brain,galaxy brain,lbnzm0,OkayOpenTheGame,OkayOpenTheGame,Galaxy brain level is only base form for him,,https://i.redd.it/um37j2v1p9f61.png,15,,6,2021-02-03T13:54:47+00:00,2025-12-22T13:54:28.847892,https://www.reddit.com/r/memes/comments/lbnzm0/galaxy_brain_level_is_only_base_form_for_him/,,,,3,expanding brain
reddit,expanding brain,galaxy brain,l9eup4,lenlego001,lenlego001,Galaxy brain monke,,https://i.redd.it/vx59qtzfvoe61.jpg,55,,2,2021-01-31T15:47:47+00:00,2025-12-22T13:54:28.847892,https://www.reddit.com/r/memes/comments/l9eup4/galaxy_brain_monke/,,,,3,expanding brain
reddit,expanding brain,galaxy brain,l2r4pv,dankbob_memepants_,dankbob_memepants_,Giga galaxy brain,,https://i.redd.it/qztgam5xtwc61.jpg,20,,2,2021-01-22T16:25:12+00:00,2025-12-22T13:54:28.847892,https://www.reddit.com/r/dankmemes/comments/l2r4pv/giga_galaxy_brain/,,,,3,expanding brain
reddit,expanding brain,galaxy brain,k5kziy,masterpharos,masterpharos,galaxy brain scalper,,https://i.redd.it/a8gq9tlgwu261.png,4,,2,2020-12-02T23:17:06+00:00,2025-12-22T13:54:28.847892,https://www.reddit.com/r/funny/comments/k5kziy/galaxy_brain_scalper/,,,,3,expanding brain
reddit,expanding brain,galaxy brain,jzgdog,DylanIsChillin7,DylanIsChillin7,That's a galaxy brain only a select few have,,https://i.redd.it/bl415rkdcz061.jpg,73,,3,2020-11-23T12:02:36+00:00,2025-12-22T13:54:28.847892,https://www.reddit.com/r/memes/comments/jzgdog/thats_a_galaxy_brain_only_a_select_few_have/,,,,3,expanding brain
reddit,expanding brain,galaxy brain,jp37wp,CaliClockwork,CaliClockwork,Galaxy brain,,https://i.redd.it/i1bd9xjcqlx51.jpg,28,,2,2020-11-06T11:03:34+00:00,2025-12-22T13:54:28.847892,https://www.reddit.com/r/dankmemes/comments/jp37wp/galaxy_brain/,,,,3,expanding brain
reddit,expanding brain,galaxy brain,jp37n4,CaliClockwork,CaliClockwork,Galaxy brain,,https://i.redd.it/9vxe58s8qlx51.jpg,41,,1,2020-11-06T11:02:59+00:00,2025-12-22T13:54:28.847892,https://www.reddit.com/r/memes/comments/jp37n4/galaxy_brain/,,,,3,expanding brain
reddit,expanding brain,galaxy brain,jotqrm,legendfriend,legendfriend,Galaxy brain manurer,,https://i.redd.it/m8sb88d0bix51.jpg,39,,1,2020-11-05T23:32:15+00:00,2025-12-22T13:54:28.847892,https://www.reddit.com/r/memes/comments/jotqrm/galaxy_brain_manurer/,,,,3,expanding brain
reddit,expanding brain,galaxy brain,jhqly6,ahuman6636,ahuman6636,Fucken galaxy brain,,https://i.redd.it/pmqmu9opl7v51.jpg,91,,6,2020-10-25T09:24:22+00:00,2025-12-22T13:54:28.847892,https://www.reddit.com/r/memes/comments/jhqly6/fucken_galaxy_brain/,,,,3,expanding brain
reddit,expanding brain,galaxy brain,j776dk,OneToastedLoaf,OneToastedLoaf,Me and my galaxy brain friends doing homework.,,https://i.redd.it/bznqw0jl0tr51.png,45,,4,2020-10-08T05:09:02+00:00,2025-12-22T13:54:28.847892,https://www.reddit.com/r/memes/comments/j776dk/me_and_my_galaxy_brain_friends_doing_homework/,,,,3,expanding brain
reddit,expanding brain,galaxy brain,iyof2y,RibbatheBibba,RibbatheBibba,Galaxy brain,,https://i.redd.it/z266fxxda0p51.jpg,32,,1,2020-09-24T02:23:38+00:00,2025-12-22T13:54:28.847892,https://www.reddit.com/r/memes/comments/iyof2y/galaxy_brain/,,,,3,expanding brain
reddit,expanding brain,galaxy brain,ivvyse,IkeHere,IkeHere,Galaxy brain,,https://i.redd.it/blj4wkh2v4o51.jpg,80,,3,2020-09-19T16:42:32+00:00,2025-12-22T13:54:28.847892,https://www.reddit.com/r/memes/comments/ivvyse/galaxy_brain/,,,,3,expanding brain
reddit,expanding brain,galaxy brain,ij6fr5,PenguinsAreScary,PenguinsAreScary,Galaxy brain Bezos,,https://i.redd.it/qwbcgi8fc2k51.png,39,,1,2020-08-30T03:57:56+00:00,2025-12-22T13:54:28.847892,https://www.reddit.com/r/memes/comments/ij6fr5/galaxy_brain_bezos/,,,,3,expanding brain
reddit,expanding brain,galaxy brain,igildx,WarTank2014,WarTank2014,Galaxy brain,,https://i.imgur.com/2Wrs9ht.jpg,21,,2,2020-08-25T18:58:07+00:00,2025-12-22T13:54:28.847892,https://www.reddit.com/r/memes/comments/igildx/galaxy_brain/,,,,3,expanding brain
reddit,expanding brain,galaxy brain,i4i6sc,JacksonLeona,JacksonLeona,Galaxy Brain advertisement,,https://i.redd.it/w0yer3cb9af51.jpg,88,,5,2020-08-06T01:14:12+00:00,2025-12-22T13:54:28.847892,https://www.reddit.com/r/memes/comments/i4i6sc/galaxy_brain_advertisement/,,,,3,expanding brain
reddit,expanding brain,galaxy brain,i4a3et,conjunctivious,conjunctivious,Galaxy brain,,https://i.redd.it/th8ph79b28f51.jpg,36,,1,2020-08-05T17:51:16+00:00,2025-12-22T13:54:28.847892,https://www.reddit.com/r/memes/comments/i4a3et/galaxy_brain/,,,,3,expanding brain
reddit,expanding brain,galaxy brain,i449xe,Hircine21,Hircine21,Galaxy brain activated,,https://i.redd.it/skrwjcp1f6f51.jpg,33,,1,2020-08-05T12:19:06+00:00,2025-12-22T13:54:28.847892,https://www.reddit.com/r/memes/comments/i449xe/galaxy_brain_activated/,,,,3,expanding brain
reddit,expanding brain,galaxy brain,hx4reh,tractornucleareactor,tractornucleareactor,This is galaxy brain time,,https://i.redd.it/cvcassxfztc51.jpg,77,,4,2020-07-24T16:21:59+00:00,2025-12-22T13:54:28.847892,https://www.reddit.com/r/memes/comments/hx4reh/this_is_galaxy_brain_time/,,,,3,expanding brain
reddit,expanding brain,galaxy brain,hsm45n,grove4lyf,grove4lyf,Galaxy brain kid,,https://i.redd.it/xrp6zs3nebb51.jpg,60,,1,2020-07-17T00:49:11+00:00,2025-12-22T13:54:28.847892,https://www.reddit.com/r/memes/comments/hsm45n/galaxy_brain_kid/,,,,3,expanding brain
reddit,expanding brain,galaxy brain,hpuja6,cryptoker2020,cryptoker2020,Galaxy Brain,,https://i.redd.it/6114ar9fjfa51.jpg,37,,3,2020-07-12T13:38:59+00:00,2025-12-22T13:54:28.847892,https://www.reddit.com/r/memes/comments/hpuja6/galaxy_brain/,,,,3,expanding brain
reddit,expanding brain,galaxy brain,hea99v,Shoe_Bum_,Shoe_Bum_,Brain size galaxy...,,https://i.redd.it/7i1jw9el5m651.jpg,51,,4,2020-06-23T07:37:25+00:00,2025-12-22T13:54:28.847892,https://www.reddit.com/r/memes/comments/hea99v/brain_size_galaxy/,,,,3,expanding brain
reddit,expanding brain,galaxy brain,gx9auu,cj062802,cj062802,Galaxy brain,,https://i.redd.it/klmecj81q4351.jpg,36,,0,2020-06-05T17:47:30+00:00,2025-12-22T13:54:28.847892,https://www.reddit.com/r/dankmemes/comments/gx9auu/galaxy_brain/,,,,3,expanding brain
reddit,expanding brain,galaxy brain,gt1qsd,WabBoy,WabBoy,galaxy brain,,https://i.redd.it/p0qa288gvr151.png,35,,2,2020-05-29T21:30:42+00:00,2025-12-22T13:54:28.847892,https://www.reddit.com/r/dankmemes/comments/gt1qsd/galaxy_brain/,,,,3,expanding brain
reddit,expanding brain,galaxy brain,gf1q27,tobotic,tobotic,Galaxy Brain Time,,https://i.redd.it/an5mz47pkax41.jpg,14,,3,2020-05-07T07:04:16+00:00,2025-12-22T13:54:28.847892,https://www.reddit.com/r/memes/comments/gf1q27/galaxy_brain_time/,,,,3,expanding brain
reddit,expanding brain,galaxy brain,gcsjz2,Aidanp771,Aidanp771,*Galaxy Brain Time*,,https://i.redd.it/aagh6ew8kkw41.jpg,44,,2,2020-05-03T15:34:43+00:00,2025-12-22T13:54:28.847892,https://www.reddit.com/r/dankmemes/comments/gcsjz2/galaxy_brain_time/,,,,3,expanding brain
reddit,expanding brain,galaxy brain,g6dlek,DankestOfAgents,DankestOfAgents,galaxy brain required,,https://i.redd.it/7zrc3c60ygu41.png,19,,7,2020-04-23T01:16:22+00:00,2025-12-22T13:54:28.847892,https://www.reddit.com/r/memes/comments/g6dlek/galaxy_brain_required/,,,,3,expanding brain
reddit,expanding brain,galaxy brain,g5leij,NASUHDUDE,NASUHDUDE,Nintendo pulling up with the galaxy brain plays,,https://i.redd.it/z88nq5d0z7u41.png,29,,5,2020-04-21T19:05:57+00:00,2025-12-22T13:54:28.847892,https://www.reddit.com/r/memes/comments/g5leij/nintendo_pulling_up_with_the_galaxy_brain_plays/,,,,3,expanding brain
reddit,expanding brain,galaxy brain,fqjtlh,IAMDEAD_6_9,IAMDEAD_6_9,Galaxy brain tactic,,https://i.redd.it/35vuq71nwep41.jpg,80,,4,2020-03-28T13:04:57+00:00,2025-12-22T13:54:28.847892,https://www.reddit.com/r/dankmemes/comments/fqjtlh/galaxy_brain_tactic/,,,,3,expanding brain
reddit,expanding brain,galaxy brain,fhq06n,admrlrainbow,admrlrainbow,Galaxy brained,,https://i.redd.it/53ur690lubm41.png,34,,2,2020-03-12T23:35:27+00:00,2025-12-22T13:54:28.847892,https://www.reddit.com/r/memes/comments/fhq06n/galaxy_brained/,,,,3,expanding brain
reddit,expanding brain,galaxy brain,f3kell,Levelman123,Levelman123,Galaxy Brains of America,,https://i.redd.it/s8s2557iisg41.png,45,,11,2020-02-14T01:13:11+00:00,2025-12-22T13:54:28.847892,https://www.reddit.com/r/memes/comments/f3kell/galaxy_brains_of_america/,,,,3,expanding brain
reddit,expanding brain,galaxy brain,f1d9mj,AfuckingSheep,AfuckingSheep,Galaxy brain,,https://i.redd.it/glo74fr85yf41.jpg,52,,4,2020-02-09T19:05:12+00:00,2025-12-22T13:54:28.847892,https://www.reddit.com/r/memes/comments/f1d9mj/galaxy_brain/,,,,3,expanding brain
reddit,expanding brain,galaxy brain,etb046,superbonk123,superbonk123,galaxy brain,,https://i.redd.it/eaehpy9qjqc41.png,49,,1,2020-01-24T14:19:44+00:00,2025-12-22T13:54:28.847892,https://www.reddit.com/r/memes/comments/etb046/galaxy_brain/,,,,3,expanding brain
reddit,expanding brain,galaxy brain,esxyai,Goomio,Goomio,Galaxy brain,,https://i.redd.it/6aziaem3xkc41.jpg,44,,5,2020-01-23T19:23:59+00:00,2025-12-22T13:54:28.847892,https://www.reddit.com/r/memes/comments/esxyai/galaxy_brain/,,,,3,expanding brain
reddit,expanding brain,galaxy brain,egfreu,Poltras,Poltras,"This year, galaxy brain",,https://i.imgur.com/LyW4JI1.jpg,40,,5,2019-12-27T19:40:48+00:00,2025-12-22T13:54:28.847892,https://www.reddit.com/r/memes/comments/egfreu/this_year_galaxy_brain/,,,,3,expanding brain
reddit,expanding brain,galaxy brain,edme63,Powerman293,Powerman293,GALAXY BRAIN Kamen Rider Meme,,https://i.redd.it/v6hzynx1jx541.png,32,,2,2019-12-21T06:19:35+00:00,2025-12-22T13:54:28.847892,https://www.reddit.com/r/memes/comments/edme63/galaxy_brain_kamen_rider_meme/,,,,3,expanding brain
reddit,expanding brain,galaxy brain,edme1z,Powerman293,Powerman293,GALAXY BRAIN Rider Meme,,https://i.redd.it/q0n677eyix541.png,16,,2,2019-12-21T06:19:14+00:00,2025-12-22T13:54:28.847892,https://www.reddit.com/r/dankmemes/comments/edme1z/galaxy_brain_rider_meme/,,,,3,expanding brain
reddit,expanding brain,galaxy brain,eb2hos,BloodRedRosesThorn,BloodRedRosesThorn,Galaxy brain,,https://i.redd.it/611a82e1bu441.jpg,31,,1,2019-12-15T18:25:04+00:00,2025-12-22T13:54:28.847892,https://www.reddit.com/r/dankmemes/comments/eb2hos/galaxy_brain/,,,,3,expanding brain
reddit,expanding brain,galaxy brain,e8r6sj,Dratax,Dratax,Galaxy brain,,https://i.redd.it/mquzascyet341.png,19,,1,2019-12-10T14:21:07+00:00,2025-12-22T13:54:28.847892,https://www.reddit.com/r/dankmemes/comments/e8r6sj/galaxy_brain/,,,,3,expanding brain
reddit,expanding brain,galaxy brain,e6vdao,sanicjeff123,sanicjeff123,Galaxy brain,,https://i.redd.it/78kt8fxtry241.jpg,38,,3,2019-12-06T07:18:03+00:00,2025-12-22T13:54:28.847892,https://www.reddit.com/r/memes/comments/e6vdao/galaxy_brain/,,,,3,expanding brain
reddit,expanding brain,galaxy brain,e5yv84,connor98779877,connor98779877,Galaxy Brain overused?,,https://i.redd.it/8nuz8d417m241.jpg,46,,4,2019-12-04T13:00:06+00:00,2025-12-22T13:54:28.847892,https://www.reddit.com/r/dankmemes/comments/e5yv84/galaxy_brain_overused/,,,,3,expanding brain
reddit,expanding brain,galaxy brain,e58if2,AverageMondayCrusade,AverageMondayCrusade,Galaxy Brain,,https://i.redd.it/rbk0ctdmcb241.jpg,27,,1,2019-12-03T00:31:49+00:00,2025-12-22T13:54:28.847892,https://www.reddit.com/r/dankmemes/comments/e58if2/galaxy_brain/,,,,3,expanding brain
reddit,expanding brain,galaxy brain,div02a,BobJuan0902,BobJuan0902,Galaxy brain time.,,https://i.redd.it/46tecwubnys31.jpg,105,,9,2019-10-16T20:11:28+00:00,2025-12-22T13:54:28.847892,https://www.reddit.com/r/memes/comments/div02a/galaxy_brain_time/,,,,3,expanding brain
reddit,expanding brain,galaxy brain,dcepfk,micahld,micahld,Galaxy Brain Meme,,https://i.redd.it/p3px4qa0e6q31.png,57,,2,2019-10-02T19:01:13+00:00,2025-12-22T13:54:28.847892,https://www.reddit.com/r/dankmemes/comments/dcepfk/galaxy_brain_meme/,,,,3,expanding brain
reddit,expanding brain,galaxy brain,d89hsq,TheOtherWhiteCastle,TheOtherWhiteCastle,Galaxy Brain Moves,,https://i.redd.it/lhs2i4j5mdo31.jpg,48,,0,2019-09-23T17:10:56+00:00,2025-12-22T13:54:28.847892,https://www.reddit.com/r/memes/comments/d89hsq/galaxy_brain_moves/,,,,3,expanding brain
reddit,expanding brain,galaxy brain,d6lhhn,SquishyCactus42,SquishyCactus42,*Galaxy Brain activation intensifies*,,https://i.redd.it/z4cbevjvnmn31.jpg,25,,0,2019-09-19T22:32:29+00:00,2025-12-22T13:54:28.847892,https://www.reddit.com/r/memes/comments/d6lhhn/galaxy_brain_activation_intensifies/,,,,3,expanding brain
reddit,expanding brain,galaxy brain,d5a2ki,momoking8289,momoking8289,Galaxy brain required,,https://i.redd.it/syrerdna52n31.jpg,48,,19,2019-09-17T01:32:44+00:00,2025-12-22T13:54:28.847892,https://www.reddit.com/r/dankmemes/comments/d5a2ki/galaxy_brain_required/,,,,3,expanding brain
reddit,expanding brain,galaxy brain,cr54hi,snupert_,snupert_,Galaxy Brain,,https://i.redd.it/tu9879rmrsg31.png,50,,1,2019-08-16T11:35:34+00:00,2025-12-22T13:54:28.847892,https://www.reddit.com/r/dankmemes/comments/cr54hi/galaxy_brain/,,,,3,expanding brain
reddit,expanding brain,galaxy brain,cdb289,CrashBomberII,CrashBomberII,We cannot comprehend their galaxy brains,,https://i.redd.it/aj2h1776dda31.jpg,32,,2,2019-07-15T01:22:43+00:00,2025-12-22T13:54:28.847892,https://www.reddit.com/r/dankmemes/comments/cdb289/we_cannot_comprehend_their_galaxy_brains/,,,,3,expanding brain
reddit,expanding brain,galaxy brain,cbw0r4,Match_96,Match_96,galaxy brain strats,,https://i.redd.it/d9tlmjgklo931.jpg,65,,2,2019-07-11T14:05:30+00:00,2025-12-22T13:54:28.847892,https://www.reddit.com/r/dankmemes/comments/cbw0r4/galaxy_brain_strats/,,,,3,expanding brain
reddit,expanding brain,galaxy brain,c7vod4,dicemaze,dicemaze,Announcing r/dankmemes Community Awards!,,https://www.reddit.com/r/dankmemes/comments/c7vod4/announcing_rdankmemes_community_awards/,2936,,381,2019-07-01T16:57:31+00:00,2025-12-22T13:54:28.847892,https://www.reddit.com/r/dankmemes/comments/c7vod4/announcing_rdankmemes_community_awards/,,,,3,expanding brain
reddit,expanding brain,galaxy brain,c6abwe,aidanbh14,aidanbh14,Galaxy brain move,,https://i.redd.it/syehvdnlhy631.jpg,30,,2,2019-06-27T20:08:26+00:00,2025-12-22T13:54:28.847892,https://www.reddit.com/r/dankmemes/comments/c6abwe/galaxy_brain_move/,,,,3,expanding brain
reddit,expanding brain,galaxy brain,c4quwt,MatCat556,MatCat556,galaxy brain,,https://i.redd.it/enmdivedzb631.png,15,,2,2019-06-24T16:27:43+00:00,2025-12-22T13:54:28.847892,https://www.reddit.com/r/dankmemes/comments/c4quwt/galaxy_brain/,,,,3,expanding brain
reddit,expanding brain,galaxy brain,bz2nbn,pluviality,pluviality,BrainBob GalaxyPants,,https://i.redd.it/xfykuudc6l331.png,27,,7,2019-06-10T20:09:50+00:00,2025-12-22T13:54:28.847892,https://www.reddit.com/r/memes/comments/bz2nbn/brainbob_galaxypants/,,,,3,expanding brain
reddit,expanding brain,galaxy brain,bxfgt1,fat_lesbians_lul,fat_lesbians_lul,Galaxy Brain Meme,,https://i.redd.it/0ec4de7ayp231.jpg,18,,5,2019-06-06T11:09:21+00:00,2025-12-22T13:54:28.847892,https://www.reddit.com/r/dankmemes/comments/bxfgt1/galaxy_brain_meme/,,,,3,expanding brain
reddit,expanding brain,galaxy brain,br2nyb,therobo665,therobo665,Galaxy Brain,,https://i.redd.it/tuwznnwf5gz21.jpg,26,,3,2019-05-20T22:59:15+00:00,2025-12-22T13:54:28.847892,https://www.reddit.com/r/dankmemes/comments/br2nyb/galaxy_brain/,,,,3,expanding brain
reddit,expanding brain,galaxy brain,bhulmq,CartoonWarp,CartoonWarp,galaxy brain overused,,https://i.redd.it/laoftyrhxpu21.png,614,,38,2019-04-27T02:32:16+00:00,2025-12-22T13:54:28.847892,https://www.reddit.com/r/dankmemes/comments/bhulmq/galaxy_brain_overused/,,,,3,expanding brain
reddit,expanding brain,galaxy brain,aai7vz,EnderShot355,EnderShot355,I have the true galaxy brain,,https://i.redd.it/7at995ecf5721.jpg,55,,13,2018-12-29T04:59:24+00:00,2025-12-22T13:54:28.847892,https://www.reddit.com/r/dankmemes/comments/aai7vz/i_have_the_true_galaxy_brain/,,,,3,expanding brain
reddit,expanding brain,galaxy brain,6e9578,Raze625,Raze625,Who better to teach the younglings? (Spotted at Jungle Jim's.),,https://i.redd.it/fdvcs8objo0z.jpg,1,,0,2017-05-30T18:20:25+00:00,2025-12-22T13:54:28.847892,https://www.reddit.com/r/funny/comments/6e9578/who_better_to_teach_the_younglings_spotted_at/,,,,3,expanding brain
reddit,expanding brain,galaxy brain,5lv0e2,ComradeTuva,ComradeTuva,I just need a safe space,,https://i.redd.it/24ieutklpk7y.jpg,32,,4,2017-01-03T22:28:37+00:00,2025-12-22T13:54:28.847892,https://www.reddit.com/r/dankmemes/comments/5lv0e2/i_just_need_a_safe_space/,,,,3,expanding brain
reddit,expanding brain,galaxy brain,3xg0nt,TheFlying-Dutchman,TheFlying-Dutchman,Behold... The ultimate insult.,,https://www.reddit.com/r/funny/comments/3xg0nt/behold_the_ultimate_insult/,0,,3,2015-12-19T07:44:57+00:00,2025-12-22T13:54:28.847892,https://www.reddit.com/r/funny/comments/3xg0nt/behold_the_ultimate_insult/,,,,3,expanding brain
reddit,expanding brain,galaxy brain,y6nb2,andyfromoz,andyfromoz,I found this epic rant after searching for exotic insults to purge on some dimwit at work and stumbled upon GOLD!,,https://www.reddit.com/r/funny/comments/y6nb2/i_found_this_epic_rant_after_searching_for_exotic/,0,,0,2012-08-14T03:47:56+00:00,2025-12-22T13:54:28.847892,https://www.reddit.com/r/funny/comments/y6nb2/i_found_this_epic_rant_after_searching_for_exotic/,,,,3,expanding brain
reddit,expanding brain,galaxy brain,t4b0k,redlink444,redlink444,Truman of the Caribbean- part 1,,https://www.reddit.com/r/funny/comments/t4b0k/truman_of_the_caribbean_part_1/,0,,2,2012-05-03T01:09:05+00:00,2025-12-22T13:54:28.847892,https://www.reddit.com/r/funny/comments/t4b0k/truman_of_the_caribbean_part_1/,,,,3,expanding brain
reddit,expanding brain,galaxy brain,9e6ft,missoulian,missoulian,"Hitchhikers Guide to the Galaxy comes to fruition. ""Get his brain!""",,http://imgur.com/f824I.jpg,31,,9,2009-08-26T03:55:09+00:00,2025-12-22T13:54:28.847892,https://www.reddit.com/r/funny/comments/9e6ft/hitchhikers_guide_to_the_galaxy_comes_to_fruition/,,,,3,expanding brain
reddit,expanding brain,expanding brain meme,1pcmapd,GlitchInTheCode867,GlitchInTheCode867,Skill issue sorry,,https://i.redd.it/sbm8fe5s7v4g1.jpeg,170,,6,2025-12-02T22:14:33+00:00,2025-12-22T13:54:28.847892,https://www.reddit.com/r/dankmemes/comments/1pcmapd/skill_issue_sorry/,,,,3,expanding brain
reddit,expanding brain,expanding brain meme,1ooi3b1,Icy-Advance9149,Icy-Advance9149,Sleep is life lol,,https://i.redd.it/lk1nfvmjtazf1.jpeg,3,,0,2025-11-04T20:18:27+00:00,2025-12-22T13:54:28.847892,https://www.reddit.com/r/memes/comments/1ooi3b1/sleep_is_life_lol/,,,,3,expanding brain
reddit,expanding brain,expanding brain meme,1ohcmmi,im_datta0,im_datta0,brain.exe stopped working,,https://i.redd.it/4nhs9j5ranxf1.jpeg,30,,4,2025-10-27T12:08:05+00:00,2025-12-22T13:54:28.847892,https://www.reddit.com/r/memes/comments/1ohcmmi/brainexe_stopped_working/,,,,3,expanding brain
reddit,expanding brain,expanding brain meme,1nrgl96,JustASilverTrollface,JustASilverTrollface,These memes did irreversable damage to my brain,,https://i.redd.it/osf5ckevilrf1.jpeg,1,,1,2025-09-26T23:45:10+00:00,2025-12-22T13:54:28.847892,https://www.reddit.com/r/memes/comments/1nrgl96/these_memes_did_irreversable_damage_to_my_brain/,,,,3,expanding brain
reddit,expanding brain,expanding brain meme,1n9ibrz,keikok57,keikok57,Fresh meme hot off the brain,,https://i.redd.it/5op3h96q4fnf1.jpeg,0,,0,2025-09-05T21:58:39+00:00,2025-12-22T13:54:28.847892,https://www.reddit.com/r/dankmemes/comments/1n9ibrz/fresh_meme_hot_off_the_brain/,,,,3,expanding brain
reddit,expanding brain,expanding brain meme,1mmetjj,BigWangersIncTm,BigWangersIncTm,Hey look at this old meme I dug up and expanded on,,https://i.redd.it/o1w9z0zc26if1.png,2,,0,2025-08-10T10:10:09+00:00,2025-12-22T13:54:28.847892,https://www.reddit.com/r/memes/comments/1mmetjj/hey_look_at_this_old_meme_i_dug_up_and_expanded_on/,,,,3,expanding brain
reddit,expanding brain,expanding brain meme,1lzkz58,TheTeflonDude,TheTeflonDude,That’s dope,,https://i.redd.it/0yo23z5v1ucf1.jpeg,2319,,15,2025-07-14T12:23:51+00:00,2025-12-22T13:54:28.847892,https://www.reddit.com/r/memes/comments/1lzkz58/thats_dope/,,,,3,expanding brain
reddit,expanding brain,expanding brain meme,1lmuu2e,theunfortunatename,theunfortunatename,Got a newspaper delivered from a local fudge factory.,,https://i.redd.it/3ii2at96wp9f1.jpeg,2,,10,2025-06-28T19:12:27+00:00,2025-12-22T13:54:28.847892,https://www.reddit.com/r/funny/comments/1lmuu2e/got_a_newspaper_delivered_from_a_local_fudge/,,,,3,expanding brain
reddit,expanding brain,expanding brain meme,1lfrl93,Arnhildr-Fang,Arnhildr-Fang,Give memes before going back,,https://i.redd.it/p7f3ky2xhz7f1.jpeg,0,,1,2025-06-20T01:22:04+00:00,2025-12-22T13:54:28.847892,https://www.reddit.com/r/memes/comments/1lfrl93/give_memes_before_going_back/,,,,3,expanding brain
reddit,expanding brain,expanding brain meme,1kpvswv,victor4700,victor4700,Since we’re doing the brain meme,,https://i.redd.it/1u12ax9n5m1f1.jpeg,50343,,953,2025-05-18T22:05:19+00:00,2025-12-22T13:54:28.847892,https://www.reddit.com/r/memes/comments/1kpvswv/since_were_doing_the_brain_meme/,,,,3,expanding brain
reddit,expanding brain,expanding brain meme,1kokhk1,Excellent-Signature6,Excellent-Signature6,"I have expanded the ""Small dog's"" meme saga...",,https://i.redd.it/s8n0hrqnr91f1.png,26,,3,2025-05-17T04:25:48+00:00,2025-12-22T13:54:28.847892,https://www.reddit.com/r/dankmemes/comments/1kokhk1/i_have_expanded_the_small_dogs_meme_saga/,,,,3,expanding brain
reddit,expanding brain,expanding brain meme,1kizal9,Samueleleach2001,Samueleleach2001,BUFF-y Summers,,https://i.redd.it/vgu7m5v63vze1.jpeg,0,,3,2025-05-10T01:59:21+00:00,2025-12-22T13:54:28.847892,https://www.reddit.com/r/memes/comments/1kizal9/buffy_summers/,,,,3,expanding brain
reddit,expanding brain,expanding brain meme,1khahqj,Obi_Win_Kinibi,Obi_Win_Kinibi,Send this to the brain-rot trolls who babble in gibberish at you.  (click to open meme fully),,https://i.redd.it/u7tm4s1grfze1.jpeg,0,,1,2025-05-07T22:26:46+00:00,2025-12-22T13:54:28.847892,https://www.reddit.com/r/memes/comments/1khahqj/send_this_to_the_brainrot_trolls_who_babble_in/,,,,3,expanding brain
reddit,expanding brain,expanding brain meme,1jcwftj,Samueleleach2001,Samueleleach2001,Shia La-BUFF!,,https://i.redd.it/qlvba8z5f4pe1.jpeg,0,,3,2025-03-16T21:37:00+00:00,2025-12-22T13:54:28.847892,https://www.reddit.com/r/memes/comments/1jcwftj/shia_labuff/,,,,3,expanding brain
reddit,expanding brain,expanding brain meme,1iu9fsz,i-Wayfarer,i-Wayfarer,Expand for full meme and wish me luck guys and girls,,https://i.redd.it/tmmbdhba0dke1.jpeg,12,,5,2025-02-20T21:08:58+00:00,2025-12-22T13:54:28.847892,https://www.reddit.com/r/memes/comments/1iu9fsz/expand_for_full_meme_and_wish_me_luck_guys_and/,,,,3,expanding brain
reddit,expanding brain,expanding brain meme,1hwqi8f,Metalienz,Metalienz,Only big brains understand this anti meme,,https://i.redd.it/1q1wmfrq7tbe1.jpeg,0,,3,2025-01-08T18:02:03+00:00,2025-12-22T13:54:28.847892,https://www.reddit.com/r/memes/comments/1hwqi8f/only_big_brains_understand_this_anti_meme/,,,,3,expanding brain
reddit,expanding brain,expanding brain meme,1h7d1jh,Fyrrys,Fyrrys,"The amount of repetitive memes is annoying, but the sub is for brain rotation anyways",,https://i.redd.it/ztlogjkg325e1.jpeg,41,,5,2024-12-05T16:25:09+00:00,2025-12-22T13:54:28.847892,https://www.reddit.com/r/memes/comments/1h7d1jh/the_amount_of_repetitive_memes_is_annoying_but/,,,,3,expanding brain
reddit,expanding brain,expanding brain meme,1gzwbpz,BreadsticksYummy,BreadsticksYummy,basically all my hyper-fixations rn,,https://i.redd.it/avm9joasl43e1.png,10,,0,2024-11-25T22:44:26+00:00,2025-12-22T13:54:28.847892,https://www.reddit.com/r/memes/comments/1gzwbpz/basically_all_my_hyperfixations_rn/,,,,3,expanding brain
reddit,expanding brain,expanding brain meme,1gwu6zb,Ahmed_Taha_Nur,Ahmed_Taha_Nur,Too simple?,,https://i.redd.it/w1bmbme3fc2e1.jpeg,34,,2,2024-11-21T23:55:48+00:00,2025-12-22T13:54:28.847892,https://www.reddit.com/r/memes/comments/1gwu6zb/too_simple/,,,,3,expanding brain
reddit,expanding brain,expanding brain meme,1gqmo5r,GhoulArchivist,GhoulArchivist,But I'm dumb and not funny and they're so funny and smart ,,https://i.redd.it/sj1c2xttaq0e1.jpeg,9,,1,2024-11-13T20:28:37+00:00,2025-12-22T13:54:28.847892,https://www.reddit.com/r/memes/comments/1gqmo5r/but_im_dumb_and_not_funny_and_theyre_so_funny_and/,,,,3,expanding brain
reddit,expanding brain,expanding brain meme,1gd8aj6,Imaginary-Brother231,Imaginary-Brother231,Memes and Mitochondria,,https://i.redd.it/4f1xjzy34axd1.jpeg,198,,12,2024-10-27T10:49:58+00:00,2025-12-22T13:54:28.847892,https://www.reddit.com/r/memes/comments/1gd8aj6/memes_and_mitochondria/,,,,3,expanding brain
reddit,expanding brain,expanding brain meme,1fpxwm9,Marsupial-731,Marsupial-731,Let me just check it once more,,https://i.redd.it/ysttjdrm16rd1.jpeg,697,,47,2024-09-26T14:44:45+00:00,2025-12-22T13:54:28.847892,https://www.reddit.com/r/memes/comments/1fpxwm9/let_me_just_check_it_once_more/,,,,3,expanding brain
reddit,expanding brain,expanding brain meme,1fpsbdx,M1ster_Bear,M1ster_Bear,Realest meme my 3 functioning brain cells have ever produced,,https://i.redd.it/jvio1cltj4rd1.jpeg,1392,,42,2024-09-26T09:42:32+00:00,2025-12-22T13:54:28.847892,https://www.reddit.com/r/memes/comments/1fpsbdx/realest_meme_my_3_functioning_brain_cells_have/,,,,3,expanding brain
reddit,expanding brain,expanding brain meme,1foo913,ProfessionalStage545,ProfessionalStage545,"I saw the top frame, as shown, as an ad, and my brain auto-completed the meme for me. I just had to set everything together.",,https://i.redd.it/1z3i8lp2utqd1.jpeg,0,,8,2024-09-24T21:42:40+00:00,2025-12-22T13:54:28.847892,https://www.reddit.com/r/memes/comments/1foo913/i_saw_the_top_frame_as_shown_as_an_ad_and_my/,,,,3,expanding brain
reddit,expanding brain,expanding brain meme,1fjn47v,ConfusionEffective98,ConfusionEffective98,🦅2A Bad. Politic Meme Good,,https://i.redd.it/mhslh4pcsipd1.jpeg,0,,11,2024-09-18T07:27:01+00:00,2025-12-22T13:54:28.847892,https://www.reddit.com/r/dankmemes/comments/1fjn47v/2a_bad_politic_meme_good/,,,,3,expanding brain
reddit,expanding brain,expanding brain meme,1f1ncbe,mistermuesli,mistermuesli,Big brain meme,,https://i.redd.it/5ritwnbk80ld1.jpeg,44,,5,2024-08-26T12:47:30+00:00,2025-12-22T13:54:28.847892,https://www.reddit.com/r/memes/comments/1f1ncbe/big_brain_meme/,,,,3,expanding brain
reddit,expanding brain,expanding brain meme,1djmd26,Jigsaw7452,Jigsaw7452,Big brain meme,,https://i.redd.it/z0c1qz86uj7d1.jpeg,162,,2,2024-06-19T15:44:43+00:00,2025-12-22T13:54:28.847892,https://www.reddit.com/r/memes/comments/1djmd26/big_brain_meme/,,,,3,expanding brain
reddit,expanding brain,expanding brain meme,1cio9gx,chumpkens,chumpkens,Totally not annoying seeing bears every other swipe,,https://i.redd.it/bhbllcv6d2yc1.jpeg,125,,24,2024-05-02T19:21:55+00:00,2025-12-22T13:54:28.847892,https://www.reddit.com/r/dankmemes/comments/1cio9gx/totally_not_annoying_seeing_bears_every_other/,,,,3,expanding brain
reddit,expanding brain,expanding brain meme,1bf8zeg,Jackomat007,Jackomat007,My brain hurts so i Made a meme,,https://i.redd.it/zz9j64p3jgoc1.jpeg,40,,4,2024-03-15T08:18:40+00:00,2025-12-22T13:54:28.847892,https://www.reddit.com/r/memes/comments/1bf8zeg/my_brain_hurts_so_i_made_a_meme/,,,,3,expanding brain
reddit,expanding brain,expanding brain meme,1b7hhik,Mynameisnotjoeok,Mynameisnotjoeok,Why is everything like this now,,https://i.redd.it/aji9z2d45lmc1.jpeg,50,,9,2024-03-05T21:40:55+00:00,2025-12-22T13:54:28.847892,https://www.reddit.com/r/memes/comments/1b7hhik/why_is_everything_like_this_now/,,,,3,expanding brain
reddit,expanding brain,expanding brain meme,1as44fv,Flaviou,Flaviou,I dreamed of making this meme so now I’m making it reality,,https://i.redd.it/6oq233h4wwic1.jpeg,0,,4,2024-02-16T08:55:20+00:00,2025-12-22T13:54:28.847892,https://www.reddit.com/r/memes/comments/1as44fv/i_dreamed_of_making_this_meme_so_now_im_making_it/,,,,3,expanding brain
reddit,expanding brain,expanding brain meme,1aioqp4,bodymathindex,bodymathindex,Might have gotten replaced by the meme portion of my brain,,https://i.redd.it/7e03ftcmtkgc1.jpeg,672,,23,2024-02-04T14:11:39+00:00,2025-12-22T13:54:28.847892,https://www.reddit.com/r/memes/comments/1aioqp4/might_have_gotten_replaced_by_the_meme_portion_of/,,,,3,expanding brain
reddit,expanding brain,expanding brain meme,19cw62k,essa47,essa47,True sad story :(,,https://i.redd.it/2187pokwyzdc1.jpeg,4473,,8,2024-01-22T13:55:47+00:00,2025-12-22T13:54:28.847892,https://www.reddit.com/r/memes/comments/19cw62k/true_sad_story/,,,,3,expanding brain
reddit,expanding brain,expanding brain meme,1949o8m,CaptainAksh_G,CaptainAksh_G,It do be like that sometimes,,https://i.redd.it/0rbbmb7w0vbc1.jpeg,67,,1,2024-01-11T19:09:48+00:00,2025-12-22T13:54:28.847892,https://www.reddit.com/r/dankmemes/comments/1949o8m/it_do_be_like_that_sometimes/,,,,3,expanding brain
reddit,expanding brain,expanding brain meme,183t7er,Beyblademan1,Beyblademan1,i can see it,,https://i.redd.it/u2wohfj54k2c1.png,4440,,47,2023-11-25T20:51:19+00:00,2025-12-22T13:54:28.847892,https://www.reddit.com/r/dankmemes/comments/183t7er/i_can_see_it/,,,,3,expanding brain
reddit,expanding brain,expanding brain meme,17oelui,yes-that-elliott,yes-that-elliott,Big Brain Meme,,https://i.redd.it/bnfk1uixujyb1.jpg,10,,6,2023-11-05T15:42:49+00:00,2025-12-22T13:54:28.847892,https://www.reddit.com/r/memes/comments/17oelui/big_brain_meme/,,,,3,expanding brain
reddit,expanding brain,expanding brain meme,17ie5t2,Moat_of_the_Sacked,Moat_of_the_Sacked,It's so weird,,https://i.redd.it/02zgm1m27ywb1.png,42,,1,2023-10-28T13:47:32+00:00,2025-12-22T13:54:28.847892,https://www.reddit.com/r/memes/comments/17ie5t2/its_so_weird/,,,,3,expanding brain
reddit,expanding brain,expanding brain meme,17bdwv2,parenthetical_phrase,parenthetical_phrase,"Gen V, anyone?",,https://i.redd.it/9ongj9h494vb1.jpg,47,,6,2023-10-19T08:01:38+00:00,2025-12-22T13:54:28.847892,https://www.reddit.com/r/memes/comments/17bdwv2/gen_v_anyone/,,,,3,expanding brain
reddit,expanding brain,expanding brain meme,157hhm0,ChangeFlashy,ChangeFlashy,I don't think I'm the only one,,https://i.redd.it/ncrh0fh2fqdb1.png,3,,1,2023-07-23T15:19:40+00:00,2025-12-22T13:54:28.847892,https://www.reddit.com/r/memes/comments/157hhm0/i_dont_think_im_the_only_one/,,,,3,expanding brain
reddit,expanding brain,expanding brain meme,14jng6u,detachedDraft,detachedDraft,Gonna be a hard no,,https://i.redd.it/e9ijt6woce8b1.jpg,16,,3,2023-06-26T17:24:22+00:00,2025-12-22T13:54:28.847892,https://www.reddit.com/r/dankmemes/comments/14jng6u/gonna_be_a_hard_no/,,,,3,expanding brain
reddit,expanding brain,expanding brain meme,1426hhq,TastyPastaSensei,TastyPastaSensei,me and my little cinematographic knowledge discover that freddy highmore was born a meme Also my brain:,,https://i.redd.it/4bcee1o7fc4b1.png,6,,1,2023-06-06T06:38:17+00:00,2025-12-22T13:54:28.847892,https://www.reddit.com/r/memes/comments/1426hhq/me_and_my_little_cinematographic_knowledge/,,,,3,expanding brain
reddit,expanding brain,expanding brain meme,13wlhsb,Mookie_Merkk,Mookie_Merkk,Silly Skynet,,https://i.redd.it/zabgndoqg73b1.png,2905,,36,2023-05-31T12:53:46+00:00,2025-12-22T13:54:28.847892,https://www.reddit.com/r/dankmemes/comments/13wlhsb/silly_skynet/,,,,3,expanding brain
reddit,expanding brain,expanding brain meme,13i6jtt,G-5-0,G-5-0,I had a good idea,,https://i.redd.it/t45kvkud310b1.jpg,166,,4,2023-05-15T12:15:49+00:00,2025-12-22T13:54:28.847892,https://www.reddit.com/r/memes/comments/13i6jtt/i_had_a_good_idea/,,,,3,expanding brain
reddit,expanding brain,expanding brain meme,12wu539,DontRe-enlist,DontRe-enlist,Looking through old stuff and I find this treasure I made in 11th grade. I’m 29 now.,,https://i.redd.it/7rwe3t99drva1.jpg,120,,42,2023-04-23T23:16:50+00:00,2025-12-22T13:54:28.847892,https://www.reddit.com/r/funny/comments/12wu539/looking_through_old_stuff_and_i_find_this/,,,,3,expanding brain
reddit,expanding brain,expanding brain meme,12o0fhp,lucathebestgamer,lucathebestgamer,"lets not forget others like oversimplified and cgp grey , whiteout Them , my brain will be dead filled whit dank memes",,https://i.redd.it/zk3dzjm3d7ua1.png,65,,3,2023-04-16T07:57:45+00:00,2025-12-22T13:54:28.847892,https://www.reddit.com/r/dankmemes/comments/12o0fhp/lets_not_forget_others_like_oversimplified_and/,,,,3,expanding brain
reddit,expanding brain,expanding brain meme,11y1pe1,ChocoGoodness,ChocoGoodness,I honestly love this format,,https://i.redd.it/219wlc07f8pa1.jpg,64,,1,2023-03-22T01:08:58+00:00,2025-12-22T13:54:28.847892,https://www.reddit.com/r/memes/comments/11y1pe1/i_honestly_love_this_format/,,,,3,expanding brain
reddit,expanding brain,expanding brain meme,11r55w6,OnlyStruggle,OnlyStruggle,Big brain meme. It should be on 07/22 tough....,,https://i.redd.it/sl7ylbphapna1.jpg,41,,16,2023-03-14T12:45:58+00:00,2025-12-22T13:54:28.847892,https://www.reddit.com/r/memes/comments/11r55w6/big_brain_meme_it_should_be_on_0722_tough/,,,,3,expanding brain
reddit,expanding brain,expanding brain meme,1184mty,Primary-Estate-,Primary-Estate-,And I’ll do it again!,,https://i.redd.it/q61lrp8uelja1.jpg,90,,3,2023-02-21T14:25:23+00:00,2025-12-22T13:54:28.847892,https://www.reddit.com/r/memes/comments/1184mty/and_ill_do_it_again/,,,,3,expanding brain
reddit,expanding brain,expanding brain meme,117ws97,TransCrabby,TransCrabby,I’m neurodivergent!,,https://i.redd.it/71id46m44jja1.jpg,20,,15,2023-02-21T06:41:44+00:00,2025-12-22T13:54:28.847892,https://www.reddit.com/r/dankmemes/comments/117ws97/im_neurodivergent/,,,,3,expanding brain
reddit,expanding brain,expanding brain meme,10ur5ty,Knight9910,Knight9910,Bottom Text,,https://i.redd.it/e3cx77tlggga1.png,15,,5,2023-02-05T23:34:42+00:00,2025-12-22T13:54:28.847892,https://www.reddit.com/r/memes/comments/10ur5ty/bottom_text/,,,,3,expanding brain
reddit,expanding brain,expanding brain meme,10azo2u,gt_bbs,gt_bbs,have an exam tomorrow guys,,https://i.redd.it/vyx9cgvneuba1.jpg,11,,3,2023-01-13T17:07:36+00:00,2025-12-22T13:54:28.847892,https://www.reddit.com/r/memes/comments/10azo2u/have_an_exam_tomorrow_guys/,,,,3,expanding brain
reddit,expanding brain,expanding brain meme,107151t,mewfour123412,mewfour123412,No seriously what am I meant to do with this?!,,https://i.redd.it/uhen2rjisyaa1.jpg,3,,1,2023-01-09T01:47:57+00:00,2025-12-22T13:54:28.847892,https://www.reddit.com/r/dankmemes/comments/107151t/no_seriously_what_am_i_meant_to_do_with_this/,,,,3,expanding brain
reddit,expanding brain,expanding brain meme,103wlv3,Actuallynobutwhynot,Actuallynobutwhynot,"I woke up out of a dead sleep with my brain telling me to make this specific meme format, then fell back asleep after I made it",,https://i.redd.it/8onfjod839aa1.jpg,172,,11,2023-01-05T11:21:41+00:00,2025-12-22T13:54:28.847892,https://www.reddit.com/r/memes/comments/103wlv3/i_woke_up_out_of_a_dead_sleep_with_my_brain/,,,,3,expanding brain
reddit,expanding brain,expanding brain meme,100qhzg,RedHood0710,RedHood0710,I’m better,,https://i.redd.it/ucvg245bti9a1.jpg,59,,4,2023-01-01T18:59:46+00:00,2025-12-22T13:54:28.847892,https://www.reddit.com/r/dankmemes/comments/100qhzg/im_better/,,,,3,expanding brain
reddit,expanding brain,expanding brain meme,ztu8b3,waster_x,waster_x,Surprise!,,https://i.redd.it/ovum7g82kr7a1.jpg,36,,2,2022-12-23T22:15:41+00:00,2025-12-22T13:54:28.847892,https://www.reddit.com/r/memes/comments/ztu8b3/surprise/,,,,3,expanding brain
reddit,expanding brain,expanding brain meme,zrlzfe,Naddik,Naddik,big brain art meme,,https://i.redd.it/jx9ddgw3oa7a1.png,60,,2,2022-12-21T13:28:07+00:00,2025-12-22T13:54:28.847892,https://www.reddit.com/r/memes/comments/zrlzfe/big_brain_art_meme/,,,,3,expanding brain
reddit,expanding brain,expanding brain meme,zpnzdp,CompetitiveTip394,CompetitiveTip394,Original,,https://i.redd.it/o51x8tvvhv6a1.jpg,66,,0,2022-12-19T10:26:30+00:00,2025-12-22T13:54:28.847892,https://www.reddit.com/r/memes/comments/zpnzdp/original/,,,,3,expanding brain
reddit,expanding brain,expanding brain meme,zo7la5,craziethunder,craziethunder,I couldn't even dream of being this creative.,,https://i.redd.it/o0pxt3bugi6a1.jpg,230,,4,2022-12-17T14:37:30+00:00,2025-12-22T13:54:28.847892,https://www.reddit.com/r/memes/comments/zo7la5/i_couldnt_even_dream_of_being_this_creative/,,,,3,expanding brain
reddit,expanding brain,expanding brain meme,zchvgw,fishebake,fishebake,*palpatine voice* Ironic,,https://i.redd.it/v6ayuy7mxy3a1.jpg,15,,1,2022-12-04T18:47:35+00:00,2025-12-22T13:54:28.847892,https://www.reddit.com/r/memes/comments/zchvgw/palpatine_voice_ironic/,,,,3,expanding brain
reddit,expanding brain,expanding brain meme,zbe71p,iamafraazhussain,iamafraazhussain,After a 13 hour brainstorming session...,,https://i.redd.it/7xv57h53mp3a1.png,17,,3,2022-12-03T11:27:00+00:00,2025-12-22T13:54:28.847892,https://www.reddit.com/r/memes/comments/zbe71p/after_a_13_hour_brainstorming_session/,,,,3,expanding brain
reddit,expanding brain,expanding brain meme,z5vhsf,MaizyDuff,MaizyDuff,i accidentally airdropped this to random strangers at a plane.,,https://i.redd.it/3kdwvrl4th2a1.jpg,160,,8,2022-11-27T08:08:23+00:00,2025-12-22T13:54:28.847892,https://www.reddit.com/r/memes/comments/z5vhsf/i_accidentally_airdropped_this_to_random/,,,,3,expanding brain
reddit,expanding brain,expanding brain meme,z2b55n,Student-of-spiderweb,Student-of-spiderweb,"I get that the sport is popular, but I have seen enough memes of it that my brain now has STDS from hearing it",,https://i.redd.it/99ycw64mpl1a1.png,28,,4,2022-11-23T01:11:56+00:00,2025-12-22T13:54:28.847892,https://www.reddit.com/r/memes/comments/z2b55n/i_get_that_the_sport_is_popular_but_i_have_seen/,,,,3,expanding brain
reddit,expanding brain,expanding brain meme,z0t1x9,Genius1512b,Genius1512b,It's true,,https://i.redd.it/vp11kizrwa1a1.jpg,132,,3,2022-11-21T07:51:53+00:00,2025-12-22T13:54:28.847892,https://www.reddit.com/r/memes/comments/z0t1x9/its_true/,,,,3,expanding brain
reddit,expanding brain,expanding brain meme,yuk2rt,the-smoothest-brain,the-smoothest-brain,u/Cultural_Teacher8904 it is done.,,https://i.redd.it/u5iwnw4qtuz91.jpg,102,,11,2022-11-14T00:42:08+00:00,2025-12-22T13:54:28.847892,https://www.reddit.com/r/memes/comments/yuk2rt/ucultural_teacher8904_it_is_done/,,,,3,expanding brain
reddit,expanding brain,expanding brain meme,ymizkg,EuphoricLavender,EuphoricLavender,Galactic brain required to appreciate this meme,,https://i.redd.it/yxbwb0w5y1y91.jpg,16,,4,2022-11-05T03:31:20+00:00,2025-12-22T13:54:28.847892,https://www.reddit.com/r/dankmemes/comments/ymizkg/galactic_brain_required_to_appreciate_this_meme/,,,,3,expanding brain
reddit,expanding brain,expanding brain meme,yjpmz1,AskTrashMeme,AskTrashMeme,Posting memes until I get my master's degree day 707 meme 998,,https://i.redd.it/4ilpdiz2zgx91.jpg,63,,2,2022-11-01T23:58:58+00:00,2025-12-22T13:54:28.847892,https://www.reddit.com/r/dankmemes/comments/yjpmz1/posting_memes_until_i_get_my_masters_degree_day/,,,,3,expanding brain
reddit,expanding brain,expanding brain meme,yjpajy,AskTrashMeme,AskTrashMeme,Posting memes until I get my master's degree day 707 meme 998,,https://i.redd.it/ycuw7tlewgx91.jpg,64,,2,2022-11-01T23:44:11+00:00,2025-12-22T13:54:28.847892,https://www.reddit.com/r/memes/comments/yjpajy/posting_memes_until_i_get_my_masters_degree_day/,,,,3,expanding brain
reddit,expanding brain,expanding brain meme,yfjm3r,MarvelFan_gamer_1212,MarvelFan_gamer_1212,Kinda sus,,https://i.redd.it/b86wci7doiw91.png,106,,8,2022-10-28T09:38:25+00:00,2025-12-22T13:54:28.847892,https://www.reddit.com/r/memes/comments/yfjm3r/kinda_sus/,,,,3,expanding brain
reddit,expanding brain,expanding brain meme,yeia7v,LemonConnoiseur,LemonConnoiseur,Gatekeeping memes is low tier brain levels,,https://i.redd.it/exgb9n2jy9w91.gif,0,,3,2022-10-27T04:19:16+00:00,2025-12-22T13:54:28.847892,https://www.reddit.com/r/dankmemes/comments/yeia7v/gatekeeping_memes_is_low_tier_brain_levels/,,,,3,expanding brain
reddit,expanding brain,expanding brain meme,yds85i,Exploding_END,Exploding_END,Thanks nature 👍,,https://i.redd.it/ta5r39q1w3w91.jpg,318,,12,2022-10-26T07:54:44+00:00,2025-12-22T13:54:28.847892,https://www.reddit.com/r/memes/comments/yds85i/thanks_nature/,,,,3,expanding brain
reddit,expanding brain,expanding brain meme,y6bg4z,Sblordo-Veciotto,Sblordo-Veciotto,Big brain time,,https://i.redd.it/hvcgy5rgcdu91.jpg,6,,1,2022-10-17T13:34:26+00:00,2025-12-22T13:54:28.847892,https://www.reddit.com/r/dankmemes/comments/y6bg4z/big_brain_time/,,,,3,expanding brain
reddit,expanding brain,expanding brain meme,y1tpbz,ptv_1996,ptv_1996,I hate people who use this but don't know where it's from,,https://i.redd.it/05fwg6oxuat91.jpg,59,,25,2022-10-12T04:08:28+00:00,2025-12-22T13:54:28.847892,https://www.reddit.com/r/memes/comments/y1tpbz/i_hate_people_who_use_this_but_dont_know_where/,,,,3,expanding brain
reddit,expanding brain,expanding brain meme,y1htlk,potato_hunter21,potato_hunter21,I can wait a lot I think,,https://i.redd.it/jdfd6wa698t91.jpg,16,,2,2022-10-11T19:23:04+00:00,2025-12-22T13:54:28.847892,https://www.reddit.com/r/memes/comments/y1htlk/i_can_wait_a_lot_i_think/,,,,3,expanding brain
reddit,expanding brain,expanding brain meme,xwvdyu,Sadboy_looking4memes,Sadboy_looking4memes,I can't miss out on them,,https://i.redd.it/e25gjf9ly3s91.jpg,44,,1,2022-10-06T03:52:21+00:00,2025-12-22T13:54:28.847892,https://www.reddit.com/r/dankmemes/comments/xwvdyu/i_cant_miss_out_on_them/,,,,3,expanding brain
reddit,expanding brain,expanding brain meme,xwi23k,Big_Establishment196,Big_Establishment196,I'm my own worst enemy...,,https://i.redd.it/qdeib26341s91.jpg,6,,1,2022-10-05T18:17:49+00:00,2025-12-22T13:54:28.847892,https://www.reddit.com/r/dankmemes/comments/xwi23k/im_my_own_worst_enemy/,,,,3,expanding brain
reddit,expanding brain,expanding brain meme,xuf1w1,regularyman,regularyman,"those are not the same, jess",,https://i.redd.it/dm8r7xdwckr91.jpg,45,,3,2022-10-03T09:57:05+00:00,2025-12-22T13:54:28.847892,https://www.reddit.com/r/memes/comments/xuf1w1/those_are_not_the_same_jess/,,,,3,expanding brain
reddit,expanding brain,expanding brain meme,xjmreh,QuickNips69,QuickNips69,I need to expand my meme empire. I’m Quick Nips… the one and only,,https://i.redd.it/czu9dpzmb3p91.jpg,0,,8,2022-09-20T22:31:19+00:00,2025-12-22T13:54:28.847892,https://www.reddit.com/r/memes/comments/xjmreh/i_need_to_expand_my_meme_empire_im_quick_nips_the/,,,,3,expanding brain
reddit,expanding brain,expanding brain meme,xibesg,Desk_flipper,Desk_flipper,"It's a dumb meme, but I've put an entire German Shepherd on that thing, if my dog's allowed to be on it then why no my shoes? Dumb logic brain don't get it.",,https://i.redd.it/it6rgewouuo91.jpg,22,,5,2022-09-19T13:02:06+00:00,2025-12-22T13:54:28.847892,https://www.reddit.com/r/memes/comments/xibesg/its_a_dumb_meme_but_ive_put_an_entire_german/,,,,3,expanding brain
reddit,expanding brain,expanding brain meme,xhk85s,Boatwhistle,Boatwhistle,This was from putting the same post on two different subs.,,https://i.redd.it/gw5o8exm2no91.jpg,23,,0,2022-09-18T15:52:42+00:00,2025-12-22T13:54:28.847892,https://www.reddit.com/r/memes/comments/xhk85s/this_was_from_putting_the_same_post_on_two/,,,,3,expanding brain
reddit,expanding brain,expanding brain meme,xhjab7,Boatwhistle,Boatwhistle,This was the same post put on two different subs.,,https://i.redd.it/3pw5pzbwvmo91.jpg,56,,2,2022-09-18T15:14:52+00:00,2025-12-22T13:54:28.847892,https://www.reddit.com/r/dankmemes/comments/xhjab7/this_was_the_same_post_put_on_two_different_subs/,,,,3,expanding brain
reddit,expanding brain,expanding brain meme,xgzr9f,_Strider___,_Strider___,for some reason the girl make up meme pop into my brain in the shower so here's my rebuttal,,https://i.redd.it/zoxfvespxho91.jpg,14,,3,2022-09-17T22:35:54+00:00,2025-12-22T13:54:28.847892,https://www.reddit.com/r/memes/comments/xgzr9f/for_some_reason_the_girl_make_up_meme_pop_into_my/,,,,3,expanding brain
reddit,expanding brain,expanding brain meme,x6rp5q,The_Ur3an_Myth,The_Ur3an_Myth,Your brain owns you.,,https://i.imgur.com/i6Sk9IJ.jpg,1880,,12,2022-09-05T21:21:41+00:00,2025-12-22T13:54:28.847892,https://www.reddit.com/r/memes/comments/x6rp5q/your_brain_owns_you/,,,,3,expanding brain
reddit,expanding brain,expanding brain meme,x3ztuv,BrawlStrats_YT,BrawlStrats_YT,Bruh..?,,https://i.redd.it/6il1k9yqrfl91.jpg,52,,6,2022-09-02T12:06:27+00:00,2025-12-22T13:54:28.847892,https://www.reddit.com/r/memes/comments/x3ztuv/bruh/,,,,3,expanding brain
reddit,expanding brain,expanding brain meme,wxthny,Bullettoothtony308,Bullettoothtony308,Troll life,,https://i.redd.it/7o9n50rc6yj91.jpg,12,,1,2022-08-25T23:52:07+00:00,2025-12-22T13:54:28.847892,https://www.reddit.com/r/memes/comments/wxthny/troll_life/,,,,3,expanding brain
reddit,expanding brain,expanding brain meme,wv6xxv,IDEA-BG,IDEA-BG,"ah yes, very smart",,https://i.redd.it/g1e5yehfacj91.jpg,18,,1,2022-08-22T22:15:46+00:00,2025-12-22T13:54:28.847892,https://www.reddit.com/r/memes/comments/wv6xxv/ah_yes_very_smart/,,,,3,expanding brain
reddit,expanding brain,expanding brain meme,wv5xi8,Reblochonade,Reblochonade,Thank you brain,,https://i.redd.it/jhgobuf03cj91.jpg,28,,1,2022-08-22T21:35:29+00:00,2025-12-22T13:54:28.847892,https://www.reddit.com/r/memes/comments/wv5xi8/thank_you_brain/,,,,3,expanding brain
reddit,expanding brain,expanding brain meme,wuvqps,MrHockster,MrHockster,Can we have a moment please?,,https://i.redd.it/zdu35p3v2aj91.png,26,,0,2022-08-22T14:52:33+00:00,2025-12-22T13:54:28.847892,https://www.reddit.com/r/memes/comments/wuvqps/can_we_have_a_moment_please/,,,,3,expanding brain
reddit,expanding brain,expanding brain meme,wr1l8o,AskTrashMeme,AskTrashMeme,Posting memes until I get my master's degree day 631 meme 920,,https://i.redd.it/y0syndftjci91.jpg,173,,4,2022-08-17T22:04:15+00:00,2025-12-22T13:54:28.847892,https://www.reddit.com/r/dankmemes/comments/wr1l8o/posting_memes_until_i_get_my_masters_degree_day/,,,,3,expanding brain
reddit,expanding brain,expanding brain meme,wr1ki1,AskTrashMeme,AskTrashMeme,Posting memes until I get my master's degree day 631 meme 920,,https://i.redd.it/b3yxmc8njci91.jpg,49,,2,2022-08-17T22:03:24+00:00,2025-12-22T13:54:28.847892,https://www.reddit.com/r/memes/comments/wr1ki1/posting_memes_until_i_get_my_masters_degree_day/,,,,3,expanding brain
reddit,expanding brain,expanding brain meme,wa2o3g,MoistConnoisseur,MoistConnoisseur,I made a big brain meme,,https://i.redd.it/3kvyybavb9e91.jpg,18,,4,2022-07-28T06:57:49+00:00,2025-12-22T13:54:28.847892,https://www.reddit.com/r/memes/comments/wa2o3g/i_made_a_big_brain_meme/,,,,3,expanding brain
reddit,expanding brain,expanding brain meme,w5dhf1,precinctomega,precinctomega,Miks Maddelson,,https://www.reddit.com/r/funny/comments/w5dhf1/miks_maddelson/,10,,12,2022-07-22T15:31:40+00:00,2025-12-22T13:54:28.847892,https://www.reddit.com/r/funny/comments/w5dhf1/miks_maddelson/,,,,3,expanding brain
reddit,expanding brain,expanding brain meme,vx1xja,SavageRussian21,SavageRussian21,"My brain is too big for this meme, but it's to small to crop it right apparently",,https://i.redd.it/3gcgole2a2b91.png,45,,15,2022-07-12T04:03:08+00:00,2025-12-22T13:54:28.847892,https://www.reddit.com/r/memes/comments/vx1xja/my_brain_is_too_big_for_this_meme_but_its_to/,,,,3,expanding brain
reddit,expanding brain,expanding brain meme,vtdxcw,MrQuackalotOWO,MrQuackalotOWO,I can feel my brain expanding with every password I remember,,https://i.redd.it/0rzc1u3sz3a91.png,160,,4,2022-07-07T08:46:32+00:00,2025-12-22T13:54:28.847892,https://www.reddit.com/r/memes/comments/vtdxcw/i_can_feel_my_brain_expanding_with_every_password/,,,,3,expanding brain
reddit,expanding brain,expanding brain meme,vaxgn3,JustTheNewFella,JustTheNewFella,My brain has conjured this cursed meme,,https://i.redd.it/8gqw6ot4q9591.gif,156,,1,2022-06-12T22:40:56+00:00,2025-12-22T13:54:28.847892,https://www.reddit.com/r/memes/comments/vaxgn3/my_brain_has_conjured_this_cursed_meme/,,,,3,expanding brain
reddit,expanding brain,expanding brain meme,v1syq3,theStexe,theStexe,"According to your feedback on my last version of doneness meme, I expanded it even more and added better logic.",,https://i.redd.it/61cirh4gyt291.jpg,970,,27,2022-05-31T15:33:03+00:00,2025-12-22T13:54:28.847892,https://www.reddit.com/r/memes/comments/v1syq3/according_to_your_feedback_on_my_last_version_of/,,,,3,expanding brain
reddit,expanding brain,"""brain expansion""",w5zw9j,SneakyFire448,SneakyFire448,Brain expansion moment,,https://i.redd.it/umb8vbn3ead91.png,14884,,45,2022-07-23T09:28:20+00:00,2025-12-22T13:54:28.847892,https://www.reddit.com/r/memes/comments/w5zw9j/brain_expansion_moment/,,,,3,expanding brain
reddit,expanding brain,"""brain expansion""",hdnkpv,JustAnAveragePerson_,JustAnAveragePerson_,Brain Expansion Pack,,https://i.redd.it/lweqb452ye651.jpg,29288,,76,2020-06-22T07:23:00+00:00,2025-12-22T13:54:28.847892,https://www.reddit.com/r/memes/comments/hdnkpv/brain_expansion_pack/,,,,3,expanding brain
reddit,expanding brain,"""brain expansion""",gawur7,juiceboi89,juiceboi89,Brain expansion,,https://i.redd.it/0ji5k92ivyv41.png,45,,15,2020-04-30T14:38:47+00:00,2025-12-22T13:54:28.847892,https://www.reddit.com/r/memes/comments/gawur7/brain_expansion/,,,,3,expanding brain
reddit,expanding brain,"""brain expansion""",g5cqe0,elovamp1re,elovamp1re,brain expansion time,,https://i.redd.it/uyl2w76xd5u41.jpg,27,,4,2020-04-21T10:24:30+00:00,2025-12-22T13:54:28.847892,https://www.reddit.com/r/memes/comments/g5cqe0/brain_expansion_time/,,,,3,expanding brain
reddit,expanding brain,"""brain expansion""",ft8tyd,caniplayzz,caniplayzz,brain expansion,,https://i.redd.it/87f5zuxsv9q41.png,1674,,23,2020-04-01T21:15:20+00:00,2025-12-22T13:54:28.847892,https://www.reddit.com/r/memes/comments/ft8tyd/brain_expansion/,,,,3,expanding brain
reddit,expanding brain,"""brain expansion""",dlj2l1,levispencer6,levispencer6,Brain Expansion,,https://i.redd.it/wbz3c6unw3u31.jpg,29,,2,2019-10-22T14:56:52+00:00,2025-12-22T13:54:28.847892,https://www.reddit.com/r/dankmemes/comments/dlj2l1/brain_expansion/,,,,3,expanding brain
reddit,expanding brain,"""brain expansion""",d8tby7,ShudderGaming,ShudderGaming,Brain expansion by 112%,,https://i.redd.it/ljvpf6xivlo31.jpg,33,,4,2019-09-24T20:57:48+00:00,2025-12-22T13:54:28.847892,https://www.reddit.com/r/memes/comments/d8tby7/brain_expansion_by_112/,,,,3,expanding brain
reddit,expanding brain,"""brain expansion""",9kluo2,ManBehindJulioOcho,ManBehindJulioOcho,A Brain Expansion Meme,,https://i.redd.it/abfd9lyzznp11.jpg,20,,0,2018-10-02T00:12:57+00:00,2025-12-22T13:54:28.847892,https://www.reddit.com/r/memes/comments/9kluo2/a_brain_expansion_meme/,,,,3,expanding brain
reddit,expanding brain,"""brain expansion""",88qt37,Akvavitman,Akvavitman,Text memes are dead,,https://www.reddit.com/r/dankmemes/comments/88qt37/text_memes_are_dead/,40,,5,2018-04-01T13:33:21+00:00,2025-12-22T13:54:28.847892,https://www.reddit.com/r/dankmemes/comments/88qt37/text_memes_are_dead/,,,,3,expanding brain
reddit,expanding brain,"""brain expansion""",6mk4nb,geger42,geger42,Is that a spot of mold on your meme?,,https://i.redd.it/mzq2s9qhcw8z.jpg,56,,2,2017-07-11T05:09:11+00:00,2025-12-22T13:54:28.847892,https://www.reddit.com/r/dankmemes/comments/6mk4nb/is_that_a_spot_of_mold_on_your_meme/,,,,3,expanding brain
reddit,expanding brain,increasing brain size,1poph6u,Ellloll,Ellloll,"It seems like Dunbar's number doesn't work for Asians(sorry for quality, first time making a meme).",,https://i.redd.it/za0ba6nckp7g1.jpeg,0,,3,2025-12-17T06:26:44+00:00,2025-12-22T13:54:28.847892,https://www.reddit.com/r/memes/comments/1poph6u/it_seems_like_dunbars_number_doesnt_work_for/,,,,3,expanding brain
reddit,expanding brain,increasing brain size,1oi3qf7,KevKnight_,KevKnight_,Is it though?,,https://i.redd.it/p9yzbyn59txf1.png,96,,14,2025-10-28T08:16:44+00:00,2025-12-22T13:54:28.847892,https://www.reddit.com/r/funny/comments/1oi3qf7/is_it_though/,,,,3,expanding brain
reddit,expanding brain,increasing brain size,1ocncir,stigaWRBenergy,stigaWRBenergy,My dad retired and now spends his time fearlessly reporting the news. His latest piece explores the bold new frontier of ear-hair extensions.,,https://i.redd.it/3kdu2eaotiwf1.jpeg,826,,56,2025-10-21T20:01:27+00:00,2025-12-22T13:54:28.847892,https://www.reddit.com/r/funny/comments/1ocncir/my_dad_retired_and_now_spends_his_time_fearlessly/,,,,3,expanding brain
reddit,expanding brain,increasing brain size,1nd6tc7,Steckie2,Steckie2,Grandma regularly visits Pound Town for her health,,https://i.redd.it/bmljd70t6aof1.jpeg,13,,2,2025-09-10T06:30:15+00:00,2025-12-22T13:54:28.847892,https://www.reddit.com/r/memes/comments/1nd6tc7/grandma_regularly_visits_pound_town_for_her_health/,,,,3,expanding brain
reddit,expanding brain,increasing brain size,1jw4hmu,ApprehensiveTreat526,ApprehensiveTreat526,Good for a Laugh,,https://i.redd.it/0ncrb43es1ue1.jpeg,0,,15,2025-04-10T18:06:27+00:00,2025-12-22T13:54:28.847892,https://www.reddit.com/r/funny/comments/1jw4hmu/good_for_a_laugh/,,,,3,expanding brain
reddit,expanding brain,increasing brain size,1j7muo7,supervillainO7,supervillainO7,My brain is a douche sometimes,,https://i.redd.it/tc768ab1irne1.jpeg,4,,3,2025-03-10T01:06:37+00:00,2025-12-22T13:54:28.847892,https://www.reddit.com/r/memes/comments/1j7muo7/my_brain_is_a_douche_sometimes/,,,,3,expanding brain
reddit,expanding brain,increasing brain size,1bmq5fk,shizzblatt,shizzblatt,Working overtime...,,https://i.redd.it/7a19ialwgbqc1.png,6012,,251,2024-03-24T17:25:43+00:00,2025-12-22T13:54:28.847892,https://www.reddit.com/r/funny/comments/1bmq5fk/working_overtime/,,,,3,expanding brain
reddit,expanding brain,increasing brain size,1912d99,misterjip,misterjip,There is no difficult problem,,https://i.redd.it/0aj8y0pu03bc1.jpeg,3,,0,2024-01-07T20:59:32+00:00,2025-12-22T13:54:28.847892,https://www.reddit.com/r/memes/comments/1912d99/there_is_no_difficult_problem/,,,,3,expanding brain
reddit,expanding brain,increasing brain size,17xous5,journeyman369,journeyman369,The evolution of human Brian,,https://i.redd.it/irlwnj6w1z0c1.jpeg,415,,115,2023-11-17T20:56:49+00:00,2025-12-22T13:54:28.847892,https://www.reddit.com/r/funny/comments/17xous5/the_evolution_of_human_brian/,,,,3,expanding brain
reddit,expanding brain,increasing brain size,14qsm2s,FormedFecalIncident,FormedFecalIncident,Happy 4th y’all,,https://i.redd.it/we4h8uckv0ab1.jpg,70,,2,2023-07-04T22:13:21+00:00,2025-12-22T13:54:28.847892,https://www.reddit.com/r/memes/comments/14qsm2s/happy_4th_yall/,,,,3,expanding brain
reddit,expanding brain,increasing brain size,11twgmd,idlno1,idlno1,Be a state trooper AND increase your penis size!,,https://i.redd.it/zt36mvepddoa1.jpg,426,,68,2023-03-17T16:45:24+00:00,2025-12-22T13:54:28.847892,https://www.reddit.com/r/funny/comments/11twgmd/be_a_state_trooper_and_increase_your_penis_size/,,,,3,expanding brain
reddit,expanding brain,increasing brain size,11q7clz,Tina_sometimes,Tina_sometimes,Why can't I make it bigger?,,https://i.redd.it/zlemx6osbjna1.jpg,48,,11,2023-03-13T11:41:16+00:00,2025-12-22T13:54:28.847892,https://www.reddit.com/r/dankmemes/comments/11q7clz/why_cant_i_make_it_bigger/,,,,3,expanding brain
reddit,expanding brain,increasing brain size,11psyde,Ambers_on_fire,Ambers_on_fire,"Who did it better, Jurassic Park or Dino World in Kentucky?",,https://i.redd.it/np1rs8uclfna1.jpg,473,,116,2023-03-12T23:07:47+00:00,2025-12-22T13:54:28.847892,https://www.reddit.com/r/funny/comments/11psyde/who_did_it_better_jurassic_park_or_dino_world_in/,,,,3,expanding brain
reddit,expanding brain,increasing brain size,11a6piu,Oppai_Lover21,Oppai_Lover21,I guess I'm the bad guy now,,https://i.redd.it/bj5jy9ke91ka1.jpg,73,,8,2023-02-23T19:43:29+00:00,2025-12-22T13:54:28.847892,https://www.reddit.com/r/memes/comments/11a6piu/i_guess_im_the_bad_guy_now/,,,,3,expanding brain
reddit,expanding brain,increasing brain size,11a6ff0,Oppai_Lover21,Oppai_Lover21,I guess I'm the bad guy now,,https://i.redd.it/uivm5zsb71ka1.jpg,5,,4,2023-02-23T19:31:47+00:00,2025-12-22T13:54:28.847892,https://www.reddit.com/r/memes/comments/11a6ff0/i_guess_im_the_bad_guy_now/,,,,3,expanding brain
reddit,expanding brain,increasing brain size,11a4ztl,Oppai_Lover21,Oppai_Lover21,[Insert Interesting Title],,https://i.redd.it/foav612xw0ka1.jpg,207,,6,2023-02-23T18:33:26+00:00,2025-12-22T13:54:28.847892,https://www.reddit.com/r/dankmemes/comments/11a4ztl/insert_interesting_title/,,,,3,expanding brain
reddit,expanding brain,increasing brain size,1124vhp,anantzzz,anantzzz,You know what they say about fast cars?,,https://i.redd.it/pgvyv8jq17ia1.jpg,14,,7,2023-02-14T13:02:50+00:00,2025-12-22T13:54:28.847892,https://www.reddit.com/r/memes/comments/1124vhp/you_know_what_they_say_about_fast_cars/,,,,3,expanding brain
reddit,expanding brain,increasing brain size,108po3p,Charming-Breakfast53,Charming-Breakfast53,Well that sucks…,,https://i.redd.it/rvujyncdkcba1.jpg,871,,162,2023-01-11T00:07:13+00:00,2025-12-22T13:54:28.847892,https://www.reddit.com/r/memes/comments/108po3p/well_that_sucks/,,,,3,expanding brain
reddit,expanding brain,increasing brain size,zummxl,Awsomedude0361,Awsomedude0361,"Your brain is making you think these blue circles are different sizes, that’s because they actually are",,https://i.redd.it/uwl88ey3vx7a1.jpg,30,,3,2022-12-25T00:28:29+00:00,2025-12-22T13:54:28.847892,https://www.reddit.com/r/funny/comments/zummxl/your_brain_is_making_you_think_these_blue_circles/,,,,3,expanding brain
reddit,expanding brain,increasing brain size,zfn8nz,AnEmeraldFlame,AnEmeraldFlame,Journal Entries from The Farm,,https://www.reddit.com/r/funny/comments/zfn8nz/journal_entries_from_the_farm/,1,,2,2022-12-08T03:14:35+00:00,2025-12-22T13:54:28.847892,https://www.reddit.com/r/funny/comments/zfn8nz/journal_entries_from_the_farm/,,,,3,expanding brain
reddit,expanding brain,increasing brain size,z55e1l,Creeper_Cart,Creeper_Cart,Me Very Smort (I made the template but not the art),,https://i.redd.it/o1h1n2tp6a2a1.jpg,65,,3,2022-11-26T11:29:56+00:00,2025-12-22T13:54:28.847892,https://www.reddit.com/r/memes/comments/z55e1l/me_very_smort_i_made_the_template_but_not_the_art/,,,,3,expanding brain
reddit,expanding brain,increasing brain size,ubwbrm,Dusskulll,Dusskulll,The size of my brain is IMMEASURABLE!!,,https://i.redd.it/51hbe072wqv81.jpg,17,,0,2022-04-25T21:42:43+00:00,2025-12-22T13:54:28.847892,https://www.reddit.com/r/memes/comments/ubwbrm/the_size_of_my_brain_is_immeasurable/,,,,3,expanding brain
reddit,expanding brain,increasing brain size,u19pg3,1xsazle,1xsazle,Brain size large,,https://i.redd.it/fpj9tq0ezws81.jpg,145,,8,2022-04-11T14:59:40+00:00,2025-12-22T13:54:28.847892,https://www.reddit.com/r/memes/comments/u19pg3/brain_size_large/,,,,3,expanding brain
reddit,expanding brain,increasing brain size,ty55dp,Wubbzy-mon,Wubbzy-mon,His brain size is saddening,,https://i.redd.it/kihbte6gd1s81.jpg,5,,1,2022-04-07T04:41:39+00:00,2025-12-22T13:54:28.847892,https://www.reddit.com/r/memes/comments/ty55dp/his_brain_size_is_saddening/,,,,3,expanding brain
reddit,expanding brain,increasing brain size,twzg9q,BoostProfit,BoostProfit,"Ahhh, inflation. If they can’t increase the price of a product they will reduce its size.",,https://i.redd.it/j4qdm7agqqr81.jpg,17,,6,2022-04-05T16:54:52+00:00,2025-12-22T13:54:28.847892,https://www.reddit.com/r/memes/comments/twzg9q/ahhh_inflation_if_they_cant_increase_the_price_of/,,,,3,expanding brain
reddit,expanding brain,increasing brain size,t6zvxu,PickledJuice69,PickledJuice69,Monke sized brain,,https://i.redd.it/pz9ukca3dhl81.jpg,34,,7,2022-03-05T02:59:01+00:00,2025-12-22T13:54:28.847892,https://www.reddit.com/r/memes/comments/t6zvxu/monke_sized_brain/,,,,3,expanding brain
reddit,expanding brain,increasing brain size,r5na7a,Melleboiii,Melleboiii,brain the size of jupiter,,https://i.redd.it/kggbab9niq281.png,47,,10,2021-11-30T13:28:01+00:00,2025-12-22T13:54:28.847892,https://www.reddit.com/r/memes/comments/r5na7a/brain_the_size_of_jupiter/,,,,3,expanding brain
reddit,expanding brain,increasing brain size,r5n9t1,Melleboiii,Melleboiii,brain the size of jupiter,,https://i.redd.it/xyq4f2qbiq281.png,36,,4,2021-11-30T13:27:22+00:00,2025-12-22T13:54:28.847892,https://www.reddit.com/r/dankmemes/comments/r5n9t1/brain_the_size_of_jupiter/,,,,3,expanding brain
reddit,expanding brain,increasing brain size,pvj7i9,TheBigRoosterCock,TheBigRoosterCock,Brain size mega,,https://i.redd.it/w3k842douqp71.jpg,61,,4,2021-09-26T00:41:19+00:00,2025-12-22T13:54:28.847892,https://www.reddit.com/r/memes/comments/pvj7i9/brain_size_mega/,,,,3,expanding brain
reddit,expanding brain,increasing brain size,pjvy8v,cheezus_boy,cheezus_boy,Big brain size.,,https://i.redd.it/8wgyogknb5m71.jpg,114,,5,2021-09-07T21:04:54+00:00,2025-12-22T13:54:28.847892,https://www.reddit.com/r/memes/comments/pjvy8v/big_brain_size/,,,,3,expanding brain
reddit,expanding brain,increasing brain size,owid8w,G3laxyGamingYT,G3laxyGamingYT,Brain size mega,,https://i.redd.it/955cgkjp3ze71.jpg,58,,4,2021-08-02T16:40:44+00:00,2025-12-22T13:54:28.847892,https://www.reddit.com/r/memes/comments/owid8w/brain_size_mega/,,,,3,expanding brain
reddit,expanding brain,increasing brain size,orgdzb,Mandrake2307isbanned,Mandrake2307isbanned,Brain size : Extra Large,,https://i.redd.it/u7i79kcyded71.jpg,185,,17,2021-07-25T17:56:36+00:00,2025-12-22T13:54:28.847892,https://www.reddit.com/r/memes/comments/orgdzb/brain_size_extra_large/,,,,3,expanding brain
reddit,expanding brain,increasing brain size,ool6h6,brambrawl,brambrawl,I can't believe she didn't want to know that the brain of a Stegosaurus was the size of a Dense Brazil nut,,https://i.redd.it/mdw7zf5upic71.jpg,38,,1,2021-07-21T08:09:16+00:00,2025-12-22T13:54:28.847892,https://www.reddit.com/r/dankmemes/comments/ool6h6/i_cant_believe_she_didnt_want_to_know_that_the/,,,,3,expanding brain
reddit,expanding brain,increasing brain size,nxox62,ILIKECHEZDUDE,ILIKECHEZDUDE,Mega sized brain musk,,https://i.redd.it/lpqyoq3x0p471.jpg,21,,3,2021-06-11T20:05:56+00:00,2025-12-22T13:54:28.847892,https://www.reddit.com/r/memes/comments/nxox62/mega_sized_brain_musk/,,,,3,expanding brain
reddit,expanding brain,increasing brain size,nxhgbk,VectorXII,VectorXII,Brain size mega,,https://i.redd.it/jral9ov4en471.jpg,26,,4,2021-06-11T14:36:35+00:00,2025-12-22T13:54:28.847892,https://www.reddit.com/r/memes/comments/nxhgbk/brain_size_mega/,,,,3,expanding brain
reddit,expanding brain,increasing brain size,nw45we,iFlask,iFlask,Brain Size: Mega,,https://i.redd.it/zeg5iagmka471.jpg,31,,0,2021-06-09T19:29:40+00:00,2025-12-22T13:54:28.847892,https://www.reddit.com/r/dankmemes/comments/nw45we/brain_size_mega/,,,,3,expanding brain
reddit,expanding brain,increasing brain size,nw45fx,iFlask,iFlask,Brain Size: Mega,,https://i.redd.it/t8l0jcoika471.jpg,31,,2,2021-06-09T19:29:04+00:00,2025-12-22T13:54:28.847892,https://www.reddit.com/r/memes/comments/nw45fx/brain_size_mega/,,,,3,expanding brain
reddit,expanding brain,increasing brain size,np6yek,Director_Kun,Director_Kun,Brain size mega,,https://i.redd.it/iba4kluwch271.jpg,43,,7,2021-05-31T16:10:38+00:00,2025-12-22T13:54:28.847892,https://www.reddit.com/r/memes/comments/np6yek/brain_size_mega/,,,,3,expanding brain
reddit,expanding brain,increasing brain size,nl4qx6,Insert_us3rname_here,Insert_us3rname_here,Medium sized brain meme,,https://i.redd.it/ss4jdl9w6d171.jpg,59,,10,2021-05-26T01:05:39+00:00,2025-12-22T13:54:28.847892,https://www.reddit.com/r/memes/comments/nl4qx6/medium_sized_brain_meme/,,,,3,expanding brain
reddit,expanding brain,increasing brain size,n48vmv,gooddoggogood44,gooddoggogood44,Brain sizes chart simplified.,,https://i.redd.it/nt9buizobzw61.jpg,22,,3,2021-05-03T22:11:57+00:00,2025-12-22T13:54:28.847892,https://www.reddit.com/r/memes/comments/n48vmv/brain_sizes_chart_simplified/,,,,3,expanding brain
reddit,expanding brain,increasing brain size,n0rhz1,TechOnBest,TechOnBest,brain size = explode,,https://i.redd.it/94cb80v3zzv61.jpg,27,,3,2021-04-28T23:18:11+00:00,2025-12-22T13:54:28.847892,https://www.reddit.com/r/memes/comments/n0rhz1/brain_size_explode/,,,,3,expanding brain
reddit,expanding brain,increasing brain size,mzo4gz,AVeryCreativUsername,AVeryCreativUsername,A Gift from the Cats,,https://www.reddit.com/r/funny/comments/mzo4gz/a_gift_from_the_cats/,1,,7,2021-04-27T13:10:51+00:00,2025-12-22T13:54:28.847892,https://www.reddit.com/r/funny/comments/mzo4gz/a_gift_from_the_cats/,,,,3,expanding brain
reddit,expanding brain,increasing brain size,mtdiqz,MissionApollo7,MissionApollo7,Brain size MEGA,,https://i.redd.it/drgtvu91wxt61.png,11969,,142,2021-04-18T14:11:08+00:00,2025-12-22T13:54:28.847892,https://www.reddit.com/r/memes/comments/mtdiqz/brain_size_mega/,,,,3,expanding brain
reddit,expanding brain,increasing brain size,mqow0r,Doodlastic_Dinkaling,Doodlastic_Dinkaling,eXpAnD bRaIn SiZe,,https://i.redd.it/o1jn0pmkn4t61.jpg,46,,6,2021-04-14T11:50:01+00:00,2025-12-22T13:54:28.847892,https://www.reddit.com/r/memes/comments/mqow0r/expand_brain_size/,,,,3,expanding brain
reddit,expanding brain,increasing brain size,mp3omv,Ethanadams642,Ethanadams642,*brain size not guaranteed,,https://i.redd.it/1839sq9a7ns61.jpg,66,,2,2021-04-12T01:08:26+00:00,2025-12-22T13:54:28.847892,https://www.reddit.com/r/memes/comments/mp3omv/brain_size_not_guaranteed/,,,,3,expanding brain
reddit,expanding brain,increasing brain size,mkzsjc,FishWizard101,FishWizard101,Brain size -8365,,https://i.redd.it/pd66cj7adgr61.jpg,37,,2,2021-04-06T01:05:27+00:00,2025-12-22T13:54:28.847892,https://www.reddit.com/r/memes/comments/mkzsjc/brain_size_8365/,,,,3,expanding brain
reddit,expanding brain,increasing brain size,mhfbsc,memey-boi099,memey-boi099,My brain is the size of this Walnut but way smaller,,https://i.redd.it/dluewsmmefq61.jpg,66,,2,2021-03-31T20:47:05+00:00,2025-12-22T13:54:28.847892,https://www.reddit.com/r/memes/comments/mhfbsc/my_brain_is_the_size_of_this_walnut_but_way/,,,,3,expanding brain
reddit,expanding brain,increasing brain size,mdhg6s,Master10cz,Master10cz,Brain size: Mega,,https://i.redd.it/0v8ug8xq4bp61.jpg,31,,1,2021-03-26T05:20:26+00:00,2025-12-22T13:54:28.847892,https://www.reddit.com/r/memes/comments/mdhg6s/brain_size_mega/,,,,3,expanding brain
reddit,expanding brain,increasing brain size,m8s7f3,JoepoeChild,JoepoeChild,Brain Size: MEGA,,https://i.redd.it/in44tgf342o61.png,42,,2,2021-03-19T21:57:28+00:00,2025-12-22T13:54:28.847892,https://www.reddit.com/r/memes/comments/m8s7f3/brain_size_mega/,,,,3,expanding brain
reddit,expanding brain,increasing brain size,m2x8j0,hkhan_2007,hkhan_2007,The brain size of the person who made this is yes,,https://i.redd.it/40t3sfwe0gm61.jpg,57,,6,2021-03-11T18:32:39+00:00,2025-12-22T13:54:28.847892,https://www.reddit.com/r/memes/comments/m2x8j0/the_brain_size_of_the_person_who_made_this_is_yes/,,,,3,expanding brain
reddit,expanding brain,increasing brain size,m16teh,FishWizard101,FishWizard101,Brain size large,,https://i.redd.it/cxbupvfnc0m61.jpg,42,,3,2021-03-09T13:52:44+00:00,2025-12-22T13:54:28.847892,https://www.reddit.com/r/memes/comments/m16teh/brain_size_large/,,,,3,expanding brain
reddit,expanding brain,increasing brain size,m16nss,FishWizard101,FishWizard101,Brain size large,,https://i.redd.it/sqk07s04b0m61.jpg,19,,2,2021-03-09T13:44:07+00:00,2025-12-22T13:54:28.847892,https://www.reddit.com/r/dankmemes/comments/m16nss/brain_size_large/,,,,3,expanding brain
reddit,expanding brain,increasing brain size,m0ehmx,RyanOwO_762,RyanOwO_762,Feel your brain capacity increase bois,,https://i.redd.it/c34abaniqsl61.jpg,53,,6,2021-03-08T12:16:47+00:00,2025-12-22T13:54:28.847892,https://www.reddit.com/r/memes/comments/m0ehmx/feel_your_brain_capacity_increase_bois/,,,,3,expanding brain
reddit,expanding brain,increasing brain size,l4ptfr,MaikoOstermann,MaikoOstermann,Exa sized Brain meme (exa=1000000000000000000),,https://i.redd.it/ownoyascwhd61.png,31,,1,2021-01-25T15:16:16+00:00,2025-12-22T13:54:28.847892,https://www.reddit.com/r/memes/comments/l4ptfr/exa_sized_brain_meme_exa1000000000000000000/,,,,3,expanding brain
reddit,expanding brain,increasing brain size,ky2870,Swiggity-Swooty123,Swiggity-Swooty123,Brain size: large,,https://i.redd.it/qh7sbkynvjb61.jpg,51,,2,2021-01-15T19:47:41+00:00,2025-12-22T13:54:28.847892,https://www.reddit.com/r/memes/comments/ky2870/brain_size_large/,,,,3,expanding brain
reddit,expanding brain,increasing brain size,kv751d,SpacemanSpleef,SpacemanSpleef,Brain Size 2077,,https://i.redd.it/ies3ff5blqa61.png,12,,3,2021-01-11T17:18:13+00:00,2025-12-22T13:54:28.847892,https://www.reddit.com/r/dankmemes/comments/kv751d/brain_size_2077/,,,,3,expanding brain
reddit,expanding brain,increasing brain size,kusrzr,BretherenIcravememes,BretherenIcravememes,Brain size: huge,,https://i.redd.it/caxwseww2ma61.jpg,29,,11,2021-01-11T02:07:44+00:00,2025-12-22T13:54:28.847892,https://www.reddit.com/r/memes/comments/kusrzr/brain_size_huge/,,,,3,expanding brain
reddit,expanding brain,increasing brain size,kusrth,BretherenIcravememes,BretherenIcravememes,Brain size: huge,,https://i.redd.it/kcpjvp8v2ma61.jpg,23,,1,2021-01-11T02:07:29+00:00,2025-12-22T13:54:28.847892,https://www.reddit.com/r/dankmemes/comments/kusrth/brain_size_huge/,,,,3,expanding brain
reddit,expanding brain,increasing brain size,kn6v7n,8672325,8672325,if the Grinch's heart growing three sizes was a medical condition with completely random affects,,https://www.reddit.com/r/funny/comments/kn6v7n/if_the_grinchs_heart_growing_three_sizes_was_a/,4,,11,2020-12-30T17:46:30+00:00,2025-12-22T13:54:28.847892,https://www.reddit.com/r/funny/comments/kn6v7n/if_the_grinchs_heart_growing_three_sizes_was_a/,,,,3,expanding brain
reddit,expanding brain,increasing brain size,khv60g,ProtostarReddit,ProtostarReddit,"Brain the size of a planet, and they ask me to download music",,https://i.redd.it/prvbscs36n661.png,25,,2,2020-12-22T01:32:51+00:00,2025-12-22T13:54:28.847892,https://www.reddit.com/r/dankmemes/comments/khv60g/brain_the_size_of_a_planet_and_they_ask_me_to/,,,,3,expanding brain
reddit,expanding brain,increasing brain size,kecbn6,Silver-Arrow-99,Silver-Arrow-99,Brain size: MEGA,,https://i.redd.it/giu0rh1jsk561.jpg,20,,1,2020-12-16T16:27:07+00:00,2025-12-22T13:54:28.847892,https://www.reddit.com/r/memes/comments/kecbn6/brain_size_mega/,,,,3,expanding brain
reddit,expanding brain,increasing brain size,kc9gqs,Slyngstad,Slyngstad,Brain size - Mega,,https://i.redd.it/lfh27h342y461.png,67,,4,2020-12-13T12:00:48+00:00,2025-12-22T13:54:28.847892,https://www.reddit.com/r/memes/comments/kc9gqs/brain_size_mega/,,,,3,expanding brain
reddit,expanding brain,increasing brain size,k9191d,hiiamcaleb101,hiiamcaleb101,Brain size mega,,https://i.redd.it/c82anamimx361.jpg,46,,1,2020-12-08T09:28:18+00:00,2025-12-22T13:54:28.847892,https://www.reddit.com/r/memes/comments/k9191d/brain_size_mega/,,,,3,expanding brain
reddit,expanding brain,increasing brain size,k5w97t,Darker_b1rd,Darker_b1rd,Omega sized brain,,https://i.redd.it/0tvp7g3fty261.jpg,58,,6,2020-12-03T12:24:37+00:00,2025-12-22T13:54:28.847892,https://www.reddit.com/r/memes/comments/k5w97t/omega_sized_brain/,,,,3,expanding brain
reddit,expanding brain,increasing brain size,k211yw,CaptainSoapMacTavish,CaptainSoapMacTavish,Adjusting to brain size: mega,,https://i.imgur.com/Qa8LgoM.jpg,35,,2,2020-11-27T13:25:48+00:00,2025-12-22T13:54:28.847892,https://www.reddit.com/r/memes/comments/k211yw/adjusting_to_brain_size_mega/,,,,3,expanding brain
reddit,expanding brain,increasing brain size,k1ge98,ShrekFather,ShrekFather,Brain size decrease,,https://i.redd.it/zg1sjqz8kl161.jpg,39,,0,2020-11-26T14:45:55+00:00,2025-12-22T13:54:28.847892,https://www.reddit.com/r/memes/comments/k1ge98/brain_size_decrease/,,,,3,expanding brain
reddit,expanding brain,increasing brain size,jw46as,clutchtherenegade,clutchtherenegade,Brain size: huge,,https://i.redd.it/rgxh4b8nwvz51.jpg,9,,3,2020-11-17T23:24:57+00:00,2025-12-22T13:54:28.847892,https://www.reddit.com/r/memes/comments/jw46as/brain_size_huge/,,,,3,expanding brain
reddit,expanding brain,increasing brain size,jv1zaz,amuhak,amuhak,brain size ∞,,https://i.redd.it/39cy6od8pjz51.png,17878,,135,2020-11-16T06:22:26+00:00,2025-12-22T13:54:28.847892,https://www.reddit.com/r/memes/comments/jv1zaz/brain_size/,,,,3,expanding brain
reddit,expanding brain,increasing brain size,jt5raj,21_Supreme_YT,21_Supreme_YT,The size of his brain 🧠,,https://i.redd.it/mzb8jj5k7wy51.jpg,46,,2,2020-11-12T23:21:59+00:00,2025-12-22T13:54:28.847892,https://www.reddit.com/r/memes/comments/jt5raj/the_size_of_his_brain/,,,,3,expanding brain
reddit,expanding brain,increasing brain size,jt3tg3,DyingBr3ath,DyingBr3ath,Brain size mega,,https://i.redd.it/wys12afrovy51.jpg,101,,3,2020-11-12T21:36:37+00:00,2025-12-22T13:54:28.847892,https://www.reddit.com/r/dankmemes/comments/jt3tg3/brain_size_mega/,,,,3,expanding brain
reddit,expanding brain,increasing brain size,jq7vhg,LeKassuS,LeKassuS,Someone explain to my nut sized brain,,https://i.redd.it/zuushpqg0zx51.jpg,48,,8,2020-11-08T07:43:26+00:00,2025-12-22T13:54:28.847892,https://www.reddit.com/r/memes/comments/jq7vhg/someone_explain_to_my_nut_sized_brain/,,,,3,expanding brain
reddit,expanding brain,increasing brain size,jp2li8,Cenzho,Cenzho,Brain size: mega,,https://i.redd.it/yc6hbvkcglx51.png,59,,0,2020-11-06T10:07:32+00:00,2025-12-22T13:54:28.847892,https://www.reddit.com/r/memes/comments/jp2li8/brain_size_mega/,,,,3,expanding brain
reddit,expanding brain,increasing brain size,jm4ef9,StephenKingnIT,StephenKingnIT,Brain the size of a planet.,,https://i.redd.it/dc7fwh6qgnw51.jpg,1798,,33,2020-11-01T15:49:04+00:00,2025-12-22T13:54:28.847892,https://www.reddit.com/r/memes/comments/jm4ef9/brain_the_size_of_a_planet/,,,,3,expanding brain
reddit,expanding brain,increasing brain size,jlkzxy,theevildrpupper,theevildrpupper,My brain size is mega,,https://i.redd.it/azp0zu3lfgw51.jpg,32,,4,2020-10-31T16:10:12+00:00,2025-12-22T13:54:28.847892,https://www.reddit.com/r/memes/comments/jlkzxy/my_brain_size_is_mega/,,,,3,expanding brain
reddit,expanding brain,increasing brain size,ji7tqm,CAmss142,CAmss142,Brain size BIG,,https://i.redd.it/7qwtpipq4dv51.jpg,29,,7,2020-10-26T03:59:57+00:00,2025-12-22T13:54:28.847892,https://www.reddit.com/r/memes/comments/ji7tqm/brain_size_big/,,,,3,expanding brain
reddit,expanding brain,increasing brain size,jf82yk,FACE6000,FACE6000,this is funny right?,,https://www.reddit.com/r/funny/comments/jf82yk/this_is_funny_right/,0,,6,2020-10-21T07:03:33+00:00,2025-12-22T13:54:28.847892,https://www.reddit.com/r/funny/comments/jf82yk/this_is_funny_right/,,,,3,expanding brain
reddit,expanding brain,increasing brain size,jdc2zv,andreigs,andreigs,Brain Size: Large,,https://i.redd.it/qfynf2j73tt51.png,68,,4,2020-10-18T07:31:58+00:00,2025-12-22T13:54:28.847892,https://www.reddit.com/r/memes/comments/jdc2zv/brain_size_large/,,,,3,expanding brain
reddit,expanding brain,increasing brain size,jczn63,not-angela,not-angela,Humongous brain size,,https://i.redd.it/9jtjjlp40pt51.jpg,56,,2,2020-10-17T17:47:13+00:00,2025-12-22T13:54:28.847892,https://www.reddit.com/r/dankmemes/comments/jczn63/humongous_brain_size/,,,,3,expanding brain
reddit,expanding brain,increasing brain size,ja30a1,predisapointt,predisapointt,brain size: mega,,https://i.redd.it/ik7b9kf9brs51.jpg,52,,3,2020-10-13T00:29:03+00:00,2025-12-22T13:54:28.847892,https://www.reddit.com/r/memes/comments/ja30a1/brain_size_mega/,,,,3,expanding brain
reddit,expanding brain,increasing brain size,j7g3l8,cookiesforthemoney,cookiesforthemoney,Can you imagine the size of his brain,,https://i.redd.it/lrx57grkcwr51.jpg,85,,0,2020-10-08T16:21:10+00:00,2025-12-22T13:54:28.847892,https://www.reddit.com/r/memes/comments/j7g3l8/can_you_imagine_the_size_of_his_brain/,,,,3,expanding brain
reddit,expanding brain,increasing brain size,j4gq2l,LordNathan777,LordNathan777,Brain Size: Mega,,https://i.redd.it/250dvtnncwq51.jpg,36,,3,2020-10-03T15:17:29+00:00,2025-12-22T13:54:28.847892,https://www.reddit.com/r/dankmemes/comments/j4gq2l/brain_size_mega/,,,,3,expanding brain
reddit,expanding brain,increasing brain size,j3j14o,El_Mago_Rojo,El_Mago_Rojo,Guaranteed to increase your bone size by 69%,,https://i.redd.it/r35s3t37akq51.jpg,20,,2,2020-10-01T22:42:19+00:00,2025-12-22T13:54:28.847892,https://www.reddit.com/r/dankmemes/comments/j3j14o/guaranteed_to_increase_your_bone_size_by_69/,,,,3,expanding brain
reddit,expanding brain,increasing brain size,izwy2q,5haank,5haank,Brain size mega,,https://i.redd.it/2lr3g9fffep51.png,54,,7,2020-09-26T01:56:49+00:00,2025-12-22T13:54:28.847892,https://www.reddit.com/r/memes/comments/izwy2q/brain_size_mega/,,,,3,expanding brain
reddit,expanding brain,increasing brain size,iv5bfk,Doppiokawaii,Doppiokawaii,Orange has brain size large,,https://i.redd.it/wlciy8s0jwn51.jpg,20366,,107,2020-09-18T12:40:47+00:00,2025-12-22T13:54:28.847892,https://www.reddit.com/r/memes/comments/iv5bfk/orange_has_brain_size_large/,,,,3,expanding brain
reddit,expanding brain,increasing brain size,iu9448,IDontDoGames12,IDontDoGames12,Making your own formats from your dog is Brain Size MEGA,,https://i.redd.it/czxbknu3yln51.png,27,,6,2020-09-17T01:05:42+00:00,2025-12-22T13:54:28.847892,https://www.reddit.com/r/memes/comments/iu9448/making_your_own_formats_from_your_dog_is_brain/,,,,3,expanding brain
reddit,expanding brain,increasing brain size,ipk4jd,Welling-Catz,Welling-Catz,Brain size mega,,https://i.redd.it/fpep489pm5m51.jpg,63,,1,2020-09-09T17:09:11+00:00,2025-12-22T13:54:28.847892,https://www.reddit.com/r/memes/comments/ipk4jd/brain_size_mega/,,,,3,expanding brain
reddit,expanding brain,increasing brain size,iou7bz,Buunnyyy,Buunnyyy,BRAIN SIZE MEGA,,https://i.redd.it/yc46x6njlxl51.png,78,,2,2020-09-08T14:08:31+00:00,2025-12-22T13:54:28.847892,https://www.reddit.com/r/memes/comments/iou7bz/brain_size_mega/,,,,3,expanding brain
reddit,expanding brain,increasing brain size,ior1rx,David_07-YT,David_07-YT,Mega brain size,,https://i.redd.it/a30cwfoagwl51.jpg,59,,8,2020-09-08T10:17:14+00:00,2025-12-22T13:54:28.847892,https://www.reddit.com/r/memes/comments/ior1rx/mega_brain_size/,,,,3,expanding brain
reddit,expanding brain,increasing brain size,iokzlq,northstar182028,northstar182028,Brain size: Mega,,https://i.redd.it/r7oasjbqztl51.png,17159,,85,2020-09-08T02:01:19+00:00,2025-12-22T13:54:28.847892,https://www.reddit.com/r/memes/comments/iokzlq/brain_size_mega/,,,,3,expanding brain
reddit,expanding brain,increasing brain size,imrmd5,NutellaBeylin,NutellaBeylin,Brain size: Mega,,https://i.redd.it/m48x61j348l51.jpg,109,,15,2020-09-05T00:26:05+00:00,2025-12-22T13:54:28.847892,https://www.reddit.com/r/memes/comments/imrmd5/brain_size_mega/,,,,3,expanding brain
reddit,expanding brain,increasing brain size,iklnuk,EmeraldGolemGD,EmeraldGolemGD,Brain-size small,,https://i.redd.it/q1r4vqsrujk51.png,55,,2,2020-09-01T14:51:17+00:00,2025-12-22T13:54:28.847892,https://www.reddit.com/r/memes/comments/iklnuk/brainsize_small/,,,,3,expanding brain
reddit,expanding brain,increasing brain size,ij2vht,Woo_loo,Woo_loo,Feels like an instant brain increase,,https://i.redd.it/o7cgfpm541k51.jpg,27,,1,2020-08-29T23:49:49+00:00,2025-12-22T13:54:28.847892,https://www.reddit.com/r/memes/comments/ij2vht/feels_like_an_instant_brain_increase/,,,,3,expanding brain
reddit,expanding brain,increasing brain size,ii4niw,wafflesofthesky,wafflesofthesky,Brain size mega,,https://i.redd.it/6sn5ommg0qj51.jpg,45,,6,2020-08-28T10:29:33+00:00,2025-12-22T13:54:28.847892,https://www.reddit.com/r/memes/comments/ii4niw/brain_size_mega/,,,,3,expanding brain
reddit,expanding brain,increasing brain size,ih1jcc,Lapbois,Lapbois,Mega size brain,,https://i.redd.it/wamrmu6sddj51.jpg,36,,4,2020-08-26T16:01:02+00:00,2025-12-22T13:54:28.847892,https://www.reddit.com/r/memes/comments/ih1jcc/mega_size_brain/,,,,3,expanding brain
reddit,expanding brain,increasing brain size,iggx45,mateusz_mag,mateusz_mag,Brain size: mega,,https://i.redd.it/hm9fgxuxp6j51.jpg,26,,3,2020-08-25T17:36:43+00:00,2025-12-22T13:54:28.847892,https://www.reddit.com/r/memes/comments/iggx45/brain_size_mega/,,,,3,expanding brain
reddit,expanding brain,increasing brain size,ifdr6i,MangaNexus_2,MangaNexus_2,This man has a brain size of very big.,,https://i.redd.it/tq1vfeqq6ui51.png,97,,9,2020-08-23T23:27:44+00:00,2025-12-22T13:54:28.847892,https://www.reddit.com/r/memes/comments/ifdr6i/this_man_has_a_brain_size_of_very_big/,,,,3,expanding brain
reddit,expanding brain,increasing brain size,if61v8,Churros_Amigos,Churros_Amigos,Brain size LARGE,,https://i.redd.it/pxsmex9y2si51.jpg,523,,16,2020-08-23T16:22:54+00:00,2025-12-22T13:54:28.847892,https://www.reddit.com/r/memes/comments/if61v8/brain_size_large/,,,,3,expanding brain
reddit,expanding brain,increasing brain size,iece0a,iMozk,iMozk,Brain size 100,,https://i.redd.it/16hcljfdhhi51.png,30,,4,2020-08-22T04:44:22+00:00,2025-12-22T13:54:28.847892,https://www.reddit.com/r/memes/comments/iece0a/brain_size_100/,,,,3,expanding brain
reddit,expanding brain,increasing brain size,iea5gf,DemCookies18,DemCookies18,My brain is the size of the Share button,,https://i.redd.it/7cst9wsiogi51.jpg,37,,0,2020-08-22T02:02:25+00:00,2025-12-22T13:54:28.847892,https://www.reddit.com/r/memes/comments/iea5gf/my_brain_is_the_size_of_the_share_button/,,,,3,expanding brain
reddit,expanding brain,evolving brain,1ddw1z5,UnderstandingOk3784,UnderstandingOk3784,Eeveelution prediction,,https://i.redd.it/pgz7izfoy16d1.jpeg,14,,2,2024-06-12T02:33:40+00:00,2025-12-22T13:54:28.847892,https://www.reddit.com/r/memes/comments/1ddw1z5/eeveelution_prediction/,,,,3,expanding brain
reddit,expanding brain,evolving brain,1bwn2fj,Hibbing-Rapp,Hibbing-Rapp,Complex Thought and Emotion Detected in Head of Broccoli,,https://www.reddit.com/r/funny/comments/1bwn2fj/complex_thought_and_emotion_detected_in_head_of/,0,,0,2024-04-05T16:57:02+00:00,2025-12-22T13:54:28.847892,https://www.reddit.com/r/funny/comments/1bwn2fj/complex_thought_and_emotion_detected_in_head_of/,,,,3,expanding brain
reddit,expanding brain,evolving brain,xnlita,Atyn_Rener,Atyn_Rener,Evolution meme,,https://i.redd.it/xngaz7zbwzp91.jpg,27,,1,2022-09-25T12:04:26+00:00,2025-12-22T13:54:28.847892,https://www.reddit.com/r/memes/comments/xnlita/evolution_meme/,,,,3,expanding brain
reddit,expanding brain,evolving brain,iht3qg,Doctapus,Doctapus,Only evolved brains will get this joke,,https://i.redd.it/iy8pcydjwlj51.jpg,6,,2,2020-08-27T20:40:31+00:00,2025-12-22T13:54:28.847892,https://www.reddit.com/r/funny/comments/iht3qg/only_evolved_brains_will_get_this_joke/,,,,3,expanding brain
reddit,expanding brain,evolving brain,g3y4gy,TheSecondAJ,TheSecondAJ,My brain is evolving...,,https://i.redd.it/ykjsnwu44ot41.jpg,44,,6,2020-04-19T00:19:02+00:00,2025-12-22T13:54:28.847892,https://www.reddit.com/r/memes/comments/g3y4gy/my_brain_is_evolving/,,,,3,expanding brain
reddit,expanding brain,evolving brain,e4yw97,jesseRed08,jesseRed08,His brain isnt evolved enough to have a phone,,https://i.redd.it/spm7e9m9z7241.jpg,75,,3,2019-12-02T13:11:38+00:00,2025-12-22T13:54:28.847892,https://www.reddit.com/r/memes/comments/e4yw97/his_brain_isnt_evolved_enough_to_have_a_phone/,,,,3,expanding brain
reddit,expanding brain,evolving brain,d8vi30,DepressedDekuSkrub,DepressedDekuSkrub,Have memes evolved Or have our brains devolved,,https://i.redd.it/xi8ra4qypmo31.png,73,,3,2019-09-24T23:48:20+00:00,2025-12-22T13:54:28.847892,https://www.reddit.com/r/memes/comments/d8vi30/have_memes_evolved_or_have_our_brains_devolved/,,,,3,expanding brain
reddit,expanding brain,evolving brain,d3263j,Hydro_Splash,Hydro_Splash,"The eye Sees everything upside down, and the brain flips the image around. Australians have evolved so everything looks normal to them.",,https://i.redd.it/xbvmy2va33m31.png,29,,2,2019-09-12T03:39:18+00:00,2025-12-22T13:54:28.847892,https://www.reddit.com/r/memes/comments/d3263j/the_eye_sees_everything_upside_down_and_the_brain/,,,,3,expanding brain
reddit,expanding brain,evolving brain,cgu7pk,ScottVards,ScottVards,We have evolved past these small brains,,https://i.redd.it/t4wf9bdnp2c31.png,47,,1,2019-07-23T15:41:19+00:00,2025-12-22T13:54:28.847892,https://www.reddit.com/r/dankmemes/comments/cgu7pk/we_have_evolved_past_these_small_brains/,,,,3,expanding brain
reddit,expanding brain,evolving brain,79zqqj,daniel80442,daniel80442,Rip Wifi,,https://i.redd.it/0i5t5fgo19vz.jpg,9575,,143,2017-10-31T23:22:44+00:00,2025-12-22T13:54:28.847892,https://www.reddit.com/r/memes/comments/79zqqj/rip_wifi/,,,,3,expanding brain
reddit,expanding brain,evolving brain,6xvhku,gklopfenstein,gklopfenstein,Classic Brian,,https://i.redd.it/o1kdgp8d7qjz.jpg,139,,15,2017-09-03T20:15:13+00:00,2025-12-22T13:54:28.847892,https://www.reddit.com/r/funny/comments/6xvhku/classic_brian/,,,,3,expanding brain
reddit,expanding brain,evolving brain,6pkchd,netflix_resolution,netflix_resolution,"Way to Go, Brian! You Show Them!",,https://i.redd.it/dyiuuof8wtbz.jpg,146,,15,2017-07-26T00:06:53+00:00,2025-12-22T13:54:28.847892,https://www.reddit.com/r/funny/comments/6pkchd/way_to_go_brian_you_show_them/,,,,3,expanding brain
reddit,expanding brain,evolving brain,6l60s1,mervin_edward,mervin_edward,"Congratulations, Brian.",,https://i.redd.it/441qv7sxlj7z.jpg,1782,,43,2017-07-04T09:14:51+00:00,2025-12-22T13:54:28.847892,https://www.reddit.com/r/funny/comments/6l60s1/congratulations_brian/,,,,3,expanding brain
reddit,expanding brain,evolving brain,2nw5v6,keithakenel,keithakenel,Galileo's Retrograde,,https://www.reddit.com/r/funny/comments/2nw5v6/galileos_retrograde/,0,,0,2014-12-01T00:52:39+00:00,2025-12-22T13:54:28.847892,https://www.reddit.com/r/funny/comments/2nw5v6/galileos_retrograde/,,,,3,expanding brain
reddit,expanding brain,evolving brain,2dwt1b,darksack100,darksack100,A story about Logan (I regret nothing),,https://www.reddit.com/r/funny/comments/2dwt1b/a_story_about_logan_i_regret_nothing/,0,,5,2014-08-18T19:16:49+00:00,2025-12-22T13:54:28.847892,https://www.reddit.com/r/funny/comments/2dwt1b/a_story_about_logan_i_regret_nothing/,,,,3,expanding brain
reddit,expanding brain,evolving brain,2dotf1,RonRG1,RonRG1,New(?) Theory of Dog Evolution,,https://www.reddit.com/r/funny/comments/2dotf1/new_theory_of_dog_evolution/,1,,1,2014-08-16T01:55:15+00:00,2025-12-22T13:54:28.847892,https://www.reddit.com/r/funny/comments/2dotf1/new_theory_of_dog_evolution/,,,,3,expanding brain
reddit,expanding brain,evolving brain,27hrdw,AndreAsBlue,AndreAsBlue,"""Living Plastic"" My funny theory on the future of plastic",,https://www.reddit.com/r/funny/comments/27hrdw/living_plastic_my_funny_theory_on_the_future_of/,1,,0,2014-06-06T19:14:04+00:00,2025-12-22T13:54:28.847892,https://www.reddit.com/r/funny/comments/27hrdw/living_plastic_my_funny_theory_on_the_future_of/,,,,3,expanding brain
reddit,expanding brain,evolving brain,240ib2,Eagle_Jizz,Eagle_Jizz,I had to write and assignment on how I imagine speech recognition would play a role in our future for a class about artificial intelligence. This is what I wrote for my assignment,,https://www.reddit.com/r/funny/comments/240ib2/i_had_to_write_and_assignment_on_how_i_imagine/,0,,0,2014-04-26T05:52:13+00:00,2025-12-22T13:54:28.847892,https://www.reddit.com/r/funny/comments/240ib2/i_had_to_write_and_assignment_on_how_i_imagine/,,,,3,expanding brain
reddit,expanding brain,evolving brain,1kzq5e,captmonkee,captmonkee,"So... I was messing with people on Facebook by tagging photos as Capt. McDickCheez and some guy I went to High School with got really pissed, Here is the messaging that went back and forth:",,https://www.reddit.com/r/funny/comments/1kzq5e/so_i_was_messing_with_people_on_facebook_by/,4,,8,2013-08-24T06:36:54+00:00,2025-12-22T13:54:28.847892,https://www.reddit.com/r/funny/comments/1kzq5e/so_i_was_messing_with_people_on_facebook_by/,,,,3,expanding brain
reddit,expanding brain,evolving brain,1gxcxh,daddyspook,daddyspook,"Evolution and the Bible: The short, funny version.",,https://www.reddit.com/r/funny/comments/1gxcxh/evolution_and_the_bible_the_short_funny_version/,0,,0,2013-06-23T20:35:36+00:00,2025-12-22T13:54:28.847892,https://www.reddit.com/r/funny/comments/1gxcxh/evolution_and_the_bible_the_short_funny_version/,,,,3,expanding brain
reddit,expanding brain,evolving brain,17pmbn,Kiko7920,Kiko7920,"Recent Trip to Huntsville, AL",,https://www.reddit.com/r/funny/comments/17pmbn/recent_trip_to_huntsville_al/,1,,0,2013-02-01T19:42:54+00:00,2025-12-22T13:54:28.847892,https://www.reddit.com/r/funny/comments/17pmbn/recent_trip_to_huntsville_al/,,,,3,expanding brain
reddit,expanding brain,evolving brain,15z853,blore40,blore40,"Idiocracy was right: ""We provide the first experimental evidence that evolving a larger brain really is costly in terms of both gut investment and, more importantly, reproductive output,"" ",,"http://www.health24.com/news/Brain_Neurological/1-896,78755.asp",1,,0,2013-01-04T23:41:34+00:00,2025-12-22T13:54:28.847892,https://www.reddit.com/r/funny/comments/15z853/idiocracy_was_right_we_provide_the_first/,,,,3,expanding brain
reddit,expanding brain,evolving brain,141k0r,BdN_Watcher,BdN_Watcher,"In an effort to confuse my friend with V for Vendetta, this conversation about life came about. ",,https://www.reddit.com/r/funny/comments/141k0r/in_an_effort_to_confuse_my_friend_with_v_for/,1,,0,2012-11-30T07:25:33+00:00,2025-12-22T13:54:28.847892,https://www.reddit.com/r/funny/comments/141k0r/in_an_effort_to_confuse_my_friend_with_v_for/,,,,3,expanding brain
reddit,drake hotline bling,"""drake hotline bling""",18q5wiw,Flashlight237,Flashlight237,Starting the Dank Engines,,https://i.redd.it/we0bgcwqob8c1.png,13,,7,2023-12-24T22:56:07+00:00,2025-12-22T13:54:28.847892,https://www.reddit.com/r/memes/comments/18q5wiw/starting_the_dank_engines/,,,,2,drake hotline bling
reddit,drake hotline bling,"""drake hotline bling""",10fa4h6,mikeyshub,mikeyshub,Remember the joke of a Drake Hotline Bling sweater? I just found the one I asked my grandma to make for me a while back...Its Knit !!,,https://i.redd.it/gdon715b3vca1.jpg,4,,0,2023-01-18T15:29:36+00:00,2025-12-22T13:54:28.847892,https://www.reddit.com/r/funny/comments/10fa4h6/remember_the_joke_of_a_drake_hotline_bling/,,,,2,drake hotline bling
reddit,drake hotline bling,"""drake hotline bling""",smtbp8,ThetyrantOverlord,ThetyrantOverlord,Drake Hotline Bling,,https://i.redd.it/tuyon6vtmfg81.jpg,30,,10,2022-02-07T15:49:43+00:00,2025-12-22T13:54:28.847892,https://www.reddit.com/r/memes/comments/smtbp8/drake_hotline_bling/,,,,2,drake hotline bling
reddit,drake hotline bling,"""drake hotline bling""",rcx6bw,Curtis-Warren,Curtis-Warren,Drake Hotline Bling but trollge,,https://i.redd.it/5j65cmyzdm481.jpg,8,,3,2021-12-10T01:55:39+00:00,2025-12-22T13:54:28.847892,https://www.reddit.com/r/memes/comments/rcx6bw/drake_hotline_bling_but_trollge/,,,,2,drake hotline bling
reddit,drake hotline bling,"""drake hotline bling""",mnzs38,ApolloThecode,ApolloThecode,Drake Hotline Bling,,https://i.redd.it/4fgf9dv6mas61.png,22,,2,2021-04-10T06:48:53+00:00,2025-12-22T13:54:28.847892,https://www.reddit.com/r/memes/comments/mnzs38/drake_hotline_bling/,,,,2,drake hotline bling
reddit,drake hotline bling,"""drake hotline bling""",mclze7,FizzySoda11,FizzySoda11,Template from Drake hotline bling parody by Bart Baker,,https://i.redd.it/r9dy69y7q2p61.jpg,35,,3,2021-03-25T01:05:34+00:00,2025-12-22T13:54:28.847892,https://www.reddit.com/r/memes/comments/mclze7/template_from_drake_hotline_bling_parody_by_bart/,,,,2,drake hotline bling
reddit,drake hotline bling,"""drake hotline bling""",l5a8rk,GabbiGau,GabbiGau,Drake Hotline Bling,,https://i.redd.it/5228xkgt6nd61.jpg,28,,1,2021-01-26T09:04:04+00:00,2025-12-22T13:54:28.847892,https://www.reddit.com/r/memes/comments/l5a8rk/drake_hotline_bling/,,,,2,drake hotline bling
reddit,drake hotline bling,"""drake hotline bling""",ihifb7,RYUKGREATEST,RYUKGREATEST,I'm vibing to Drake's Hotline Bling(＾3＾♪,,https://i.redd.it/tvbmnooksij51.jpg,42,,2,2020-08-27T10:12:51+00:00,2025-12-22T13:54:28.847892,https://www.reddit.com/r/memes/comments/ihifb7/im_vibing_to_drakes_hotline_bling3/,,,,2,drake hotline bling
reddit,drake hotline bling,"""drake hotline bling""",h187tr,hjspastanoodle1a,hjspastanoodle1a,Drake Hotline Bling,,https://i.redd.it/xzwh4iaikc451.jpg,27,,2,2020-06-11T21:15:26+00:00,2025-12-22T13:54:28.847892,https://www.reddit.com/r/dankmemes/comments/h187tr/drake_hotline_bling/,,,,2,drake hotline bling
reddit,drake hotline bling,"""drake hotline bling""",fsg88q,GoHeadsGo,GoHeadsGo,Drake Hotline Bling,,https://i.redd.it/9ezwkbiod1q41.png,16,,2,2020-03-31T16:39:42+00:00,2025-12-22T13:54:28.847892,https://www.reddit.com/r/memes/comments/fsg88q/drake_hotline_bling/,,,,2,drake hotline bling
reddit,drake hotline bling,"""drake hotline bling""",e46oiq,thiswaskindofsh_tty,thiswaskindofsh_tty,Drake Hotline Bling,,https://i.redd.it/uy5wtokw4x141.jpg,55,,2,2019-12-01T00:43:49+00:00,2025-12-22T13:54:28.847892,https://www.reddit.com/r/memes/comments/e46oiq/drake_hotline_bling/,,,,2,drake hotline bling
reddit,drake hotline bling,"""drake hotline bling""",dvni9d,hen_meme,hen_meme,I had to use the drake hotline bling,,https://i.redd.it/kiz0edzobey31.png,117,,6,2019-11-13T06:15:28+00:00,2025-12-22T13:54:28.847892,https://www.reddit.com/r/dankmemes/comments/dvni9d/i_had_to_use_the_drake_hotline_bling/,,,,2,drake hotline bling
reddit,drake hotline bling,"""drake hotline bling""",3yeivo,superiain,superiain,Jon Snow (UK Channel 4 News) dances to Drake's Hotline Bling,,https://www.youtube.com/watch?v=bVFa42Gm_Bw,1,,0,2015-12-27T15:08:55+00:00,2025-12-22T13:54:28.847892,https://www.reddit.com/r/funny/comments/3yeivo/jon_snow_uk_channel_4_news_dances_to_drakes/,,,,2,drake hotline bling
reddit,drake hotline bling,"""drake hotline bling""",3vxedw,Phijkchu_,Phijkchu_,Drake's Hotline Bling read as slam poetry (xpost r/videos),,https://www.youtube.com/watch?v=XFE4GvSggJ0,0,,0,2015-12-08T13:36:05+00:00,2025-12-22T13:54:28.847892,https://www.reddit.com/r/funny/comments/3vxedw/drakes_hotline_bling_read_as_slam_poetry_xpost/,,,,2,drake hotline bling
reddit,drake hotline bling,"""drake hotline bling""",3ra7tx,Ebil1,Ebil1,"Tyson after singing ""Drakes Hotline Bling""",,https://imgflip.com/i/thv5i,0,,0,2015-11-03T00:11:51+00:00,2025-12-22T13:54:28.847892,https://www.reddit.com/r/funny/comments/3ra7tx/tyson_after_singing_drakes_hotline_bling/,,,,2,drake hotline bling
reddit,drake hotline bling,"""drake hotline bling""",3qljbf,ngoline,ngoline,Best mashup to Drake's Hotline Bling,,http://coub.com/view/8v4mz,1,,0,2015-10-28T19:00:16+00:00,2025-12-22T13:54:28.847892,https://www.reddit.com/r/funny/comments/3qljbf/best_mashup_to_drakes_hotline_bling/,,,,2,drake hotline bling
reddit,drake hotline bling,"""drake hotline bling""",3qgbr6,AsashinDaka,AsashinDaka,"Watch ""12 Hilarious Drake ""Hotline Bling"" Dancing Memes"" on YouTube",,https://youtu.be/owvF6hY4YW0,0,,0,2015-10-27T18:37:10+00:00,2025-12-22T13:54:28.847892,https://www.reddit.com/r/funny/comments/3qgbr6/watch_12_hilarious_drake_hotline_bling_dancing/,,,,2,drake hotline bling
reddit,drake hotline bling,"""drake hotline bling""",3q9zod,CtriceGreen,CtriceGreen,Popular YouTubers dancing to Drake's Hotline Bling video,,https://www.youtube.com/watch?v=0VPr5xole2o,0,,0,2015-10-26T13:26:05+00:00,2025-12-22T13:54:28.847892,https://www.reddit.com/r/funny/comments/3q9zod/popular_youtubers_dancing_to_drakes_hotline_bling/,,,,2,drake hotline bling
reddit,drake hotline bling,"""drake hotline bling""",3ptl4f,smidlyrasputin,smidlyrasputin,"I edited down Drake's ""Hotline Bling"" so it synchs up to Cake's ""Never There"". Hope you like bullshit.",,https://www.youtube.com/watch?v=6C8iSH1pwtU,5,,1,2015-10-22T20:56:21+00:00,2025-12-22T13:54:28.847892,https://www.reddit.com/r/funny/comments/3ptl4f/i_edited_down_drakes_hotline_bling_so_it_synchs/,,,,2,drake hotline bling
reddit,drake hotline bling,"""drake hotline bling""",3pt6dr,-CubanPete-,-CubanPete-,Drake Hotline Bling Funny vine compilation | Drake Dancing To Music,,https://www.youtube.com/watch?v=s9bnMQ3AR7U,0,,0,2015-10-22T19:17:33+00:00,2025-12-22T13:54:28.847892,https://www.reddit.com/r/funny/comments/3pt6dr/drake_hotline_bling_funny_vine_compilation_drake/,,,,2,drake hotline bling
reddit,drake hotline bling,"""drake hotline bling""",3pndcv,EricVersus,EricVersus,Need Drake Dancing With Uma Thurman (Pulp Fiction) Video,,https://www.reddit.com/r/funny/comments/3pndcv/need_drake_dancing_with_uma_thurman_pulp_fiction/,1,,0,2015-10-21T16:07:48+00:00,2025-12-22T13:54:28.847892,https://www.reddit.com/r/funny/comments/3pndcv/need_drake_dancing_with_uma_thurman_pulp_fiction/,,,,2,drake hotline bling
reddit,drake hotline bling,"""drake hotline bling""",3pk1t4,SneakyBoyDan,SneakyBoyDan,If Drake's Hotline Bling were a commercial for a winter wear sale at The Gap,,https://www.youtube.com/watch?v=v7iDSZErOe8,4,,0,2015-10-20T22:43:21+00:00,2025-12-22T13:54:28.847892,https://www.reddit.com/r/funny/comments/3pk1t4/if_drakes_hotline_bling_were_a_commercial_for_a/,,,,2,drake hotline bling
reddit,drake hotline bling,"""drake meme""",1lhxvqd,Subject-Property-343,Subject-Property-343,Carti meme template > Drake meme template,,https://i.redd.it/q4rhoed1hj8f1.jpeg,0,,5,2025-06-22T20:32:46+00:00,2025-12-22T13:54:28.847892,https://www.reddit.com/r/memes/comments/1lhxvqd/carti_meme_template_drake_meme_template/,,,,2,drake hotline bling
reddit,drake hotline bling,"""drake meme""",1ilvvx8,Ok-Willow9349,Ok-Willow9349,"Behold the ""Hey Drake"" meme template",,https://i.redd.it/0665vlz458ie1.jpeg,27,,0,2025-02-10T02:38:59+00:00,2025-12-22T13:54:28.847892,https://www.reddit.com/r/memes/comments/1ilvvx8/behold_the_hey_drake_meme_template/,,,,2,drake hotline bling
reddit,drake hotline bling,"""drake meme""",1fvm3gl,The_X-Devil,The_X-Devil,Even Despicable Me doesn't like him,,https://i.redd.it/cq5bxgyormsd1.png,187,,39,2024-10-04T00:03:03+00:00,2025-12-22T13:54:28.847892,https://www.reddit.com/r/memes/comments/1fvm3gl/even_despicable_me_doesnt_like_him/,,,,2,drake hotline bling
reddit,drake hotline bling,"""drake meme""",1f9fg4a,n__an,n__an,They are simply MADE for each other,,https://i.redd.it/hius54o3mxmd1.png,78,,7,2024-09-05T06:06:19+00:00,2025-12-22T13:54:28.847892,https://www.reddit.com/r/memes/comments/1f9fg4a/they_are_simply_made_for_each_other/,,,,2,drake hotline bling
reddit,drake hotline bling,"""drake meme""",1eujvd0,timeshaper,timeshaper,These memes ain't aging well,,https://i.redd.it/lb2rpka5p8jd1.jpeg,17,,1,2024-08-17T15:06:26+00:00,2025-12-22T13:54:28.847892,https://www.reddit.com/r/memes/comments/1eujvd0/these_memes_aint_aging_well/,,,,2,drake hotline bling
reddit,drake hotline bling,"""drake meme""",1d7874w,shieldofsteel,shieldofsteel,Fan of British history attempts to make a Drake meme...,,https://i.redd.it/6x1329kwrd4d1.jpeg,7,,1,2024-06-03T16:09:24+00:00,2025-12-22T13:54:28.847892,https://www.reddit.com/r/memes/comments/1d7874w/fan_of_british_history_attempts_to_make_a_drake/,,,,2,drake hotline bling
reddit,drake hotline bling,"""drake meme""",18cieu3,sykeyikes,sykeyikes,I just think they're neat,,https://i.redd.it/8u2oozlulr4c1.jpeg,1698,,6,2023-12-07T00:10:58+00:00,2025-12-22T13:54:28.847892,https://www.reddit.com/r/memes/comments/18cieu3/i_just_think_theyre_neat/,,,,2,drake hotline bling
reddit,drake hotline bling,"""drake meme""",1770hqh,FatbackAndPintoBeans,FatbackAndPintoBeans,No more Drake Memes please & Thanks for understanding,,https://i.redd.it/f8pkuycjgztb1.jpg,12,,5,2023-10-13T14:50:00+00:00,2025-12-22T13:54:28.847892,https://www.reddit.com/r/memes/comments/1770hqh/no_more_drake_memes_please_thanks_for/,,,,2,drake hotline bling
reddit,drake hotline bling,"""drake meme""",16wkj3y,SuperAlex25,SuperAlex25,Fite me,,https://i.redd.it/c10wuy9v2hrb1.jpg,3,,0,2023-09-30T22:53:01+00:00,2025-12-22T13:54:28.847892,https://www.reddit.com/r/memes/comments/16wkj3y/fite_me/,,,,2,drake hotline bling
reddit,drake hotline bling,"""drake meme""",16ts8k5,Just2063,Just2063,My First Meme...enjoy,,https://i.redd.it/wudaikkbeuqb1.jpg,147,,15,2023-09-27T18:36:21+00:00,2025-12-22T13:54:28.847892,https://www.reddit.com/r/memes/comments/16ts8k5/my_first_memeenjoy/,,,,2,drake hotline bling
reddit,drake hotline bling,"""drake meme""",14sxdsd,ninjaofthedude,ninjaofthedude,Hunch remade the drake meme,,https://i.redd.it/8wavjx4h8hab1.jpg,0,,0,2023-07-07T05:14:10+00:00,2025-12-22T13:54:28.847892,https://www.reddit.com/r/memes/comments/14sxdsd/hunch_remade_the_drake_meme/,,,,2,drake hotline bling
reddit,drake hotline bling,"""drake meme""",14rxh4h,CGYTGaming,CGYTGaming,"At this point it’s tradition. Cant believe I started this at 14. Happy Cake Day, all!",,https://i.redd.it/vg58gdl7s9ab1.jpg,15,,0,2023-07-06T04:10:31+00:00,2025-12-22T13:54:28.847892,https://www.reddit.com/r/memes/comments/14rxh4h/at_this_point_its_tradition_cant_believe_i/,,,,2,drake hotline bling
reddit,drake hotline bling,"""drake meme""",13q034b,onecupcoconut,onecupcoconut,you win,,https://i.redd.it/e88jwswuoo1b1.jpg,19,,0,2023-05-23T20:41:15+00:00,2025-12-22T13:54:28.847892,https://www.reddit.com/r/memes/comments/13q034b/you_win/,,,,2,drake hotline bling
reddit,drake hotline bling,"""drake meme""",13k8vqt,prlugo4162,prlugo4162,Possible variation on the Drake meme format?,,https://i.redd.it/1yu6iefn0h0b1.jpg,14,,3,2023-05-17T17:48:58+00:00,2025-12-22T13:54:28.847892,https://www.reddit.com/r/memes/comments/13k8vqt/possible_variation_on_the_drake_meme_format/,,,,2,drake hotline bling
reddit,drake hotline bling,"""drake meme""",xsbpmf,Orlando_the_Cat,Orlando_the_Cat,It's that time again,,https://i.redd.it/6fdx914732r91.jpg,80,,2,2022-09-30T20:30:29+00:00,2025-12-22T13:54:28.847892,https://www.reddit.com/r/memes/comments/xsbpmf/its_that_time_again/,,,,2,drake hotline bling
reddit,drake hotline bling,"""drake meme""",xkb8ei,StreakyFly,StreakyFly,Using the drake meme format vs using my friend's cat pics,,https://i.redd.it/m0y5hrrkx8p91.jpg,66,,6,2022-09-21T17:27:44+00:00,2025-12-22T13:54:28.847892,https://www.reddit.com/r/memes/comments/xkb8ei/using_the_drake_meme_format_vs_using_my_friends/,,,,2,drake hotline bling
reddit,drake hotline bling,"""drake meme""",wx241p,scipio_africanus123,scipio_africanus123,";';,,,,..",,https://i.redd.it/bi067ha6trj91.png,81,,3,2022-08-25T02:27:36+00:00,2025-12-22T13:54:28.847892,https://www.reddit.com/r/memes/comments/wx241p/_/,,,,2,drake hotline bling
reddit,drake hotline bling,"""drake meme""",v1y237,Adkorr,Adkorr,The anti-anti-Drake meme,,https://i.redd.it/zzw3n1mv5v291.jpg,10,,1,2022-05-31T19:33:50+00:00,2025-12-22T13:54:28.847892,https://www.reddit.com/r/dankmemes/comments/v1y237/the_antiantidrake_meme/,,,,2,drake hotline bling
reddit,drake hotline bling,"""drake meme""",v1y005,Adkorr,Adkorr,The anti-anti-Drake meme,,https://i.redd.it/cmm007df5v291.jpg,22,,0,2022-05-31T19:31:21+00:00,2025-12-22T13:54:28.847892,https://www.reddit.com/r/memes/comments/v1y005/the_antiantidrake_meme/,,,,2,drake hotline bling
reddit,drake hotline bling,"""drake meme""",svc6kg,StolenRage,StolenRage,Another crappy Drake meme,,https://i.redd.it/pj2oxa52pji81.jpg,7,,0,2022-02-18T07:37:16+00:00,2025-12-22T13:54:28.847892,https://www.reddit.com/r/memes/comments/svc6kg/another_crappy_drake_meme/,,,,2,drake hotline bling
reddit,drake hotline bling,"""drake meme""",s6v03w,Haloicode,Haloicode,A proposal to replace the drake meme template.,,https://i.redd.it/an36n06ehfc81.png,0,,12,2022-01-18T11:03:01+00:00,2025-12-22T13:54:28.847892,https://www.reddit.com/r/memes/comments/s6v03w/a_proposal_to_replace_the_drake_meme_template/,,,,2,drake hotline bling
reddit,drake hotline bling,"""drake meme""",rfl451,Birkeland1992,Birkeland1992,[OC] Can this become more popular than the Drake meme template?,,https://i.redd.it/i64bq01zhc581.png,41,,2,2021-12-13T17:32:16+00:00,2025-12-22T13:54:28.847892,https://www.reddit.com/r/memes/comments/rfl451/oc_can_this_become_more_popular_than_the_drake/,,,,2,drake hotline bling
reddit,drake hotline bling,"""drake meme""",rfl1hb,Birkeland1992,Birkeland1992,[OC] Will this be the true rival for the Drake meme template?,,https://i.redd.it/ch3f7t55hc581.png,8,,3,2021-12-13T17:29:24+00:00,2025-12-22T13:54:28.847892,https://www.reddit.com/r/dankmemes/comments/rfl1hb/oc_will_this_be_the_true_rival_for_the_drake_meme/,,,,2,drake hotline bling
reddit,drake hotline bling,"""drake meme""",r8j9ng,Forsaken-Command8144,Forsaken-Command8144,Ah yes the drake meme,,https://i.redd.it/m1fv3q31xg381.jpg,24,,2,2021-12-04T06:14:36+00:00,2025-12-22T13:54:28.847892,https://www.reddit.com/r/memes/comments/r8j9ng/ah_yes_the_drake_meme/,,,,2,drake hotline bling
reddit,drake hotline bling,"""drake meme""",r771ij,funnyfootfungus,funnyfootfungus,drake meme,,https://i.redd.it/2uj5gshfo4381.jpg,68,,5,2021-12-02T13:05:00+00:00,2025-12-22T13:54:28.847892,https://www.reddit.com/r/memes/comments/r771ij/drake_meme/,,,,2,drake hotline bling
reddit,drake hotline bling,"""drake meme""",qzho82,Malphoenix95,Malphoenix95,"This did not turn out how I thought it would. I wanted to say ""would you rather the Drake meme or the black guy shocked meme"" but now it looks like ""the guy is shocked that Drake chooses him""",,https://i.redd.it/w6w72taz84181.jpg,21,,1,2021-11-22T09:30:09+00:00,2025-12-22T13:54:28.847892,https://www.reddit.com/r/dankmemes/comments/qzho82/this_did_not_turn_out_how_i_thought_it_would_i/,,,,2,drake hotline bling
reddit,drake hotline bling,"""drake meme""",qw7adt,Patrick_Pathos,Patrick_Pathos,How long ago did the Drake meme die again?,,https://i.redd.it/use97et8m7081.png,95,,17,2021-11-17T19:45:46+00:00,2025-12-22T13:54:28.847892,https://www.reddit.com/r/memes/comments/qw7adt/how_long_ago_did_the_drake_meme_die_again/,,,,2,drake hotline bling
reddit,drake hotline bling,"""drake meme""",qvahsn,Mergen_Studios,Mergen_Studios,This is 10 Frames before the second image of the drake meme,,https://i.redd.it/5icf79v09zz71.png,28,,1,2021-11-16T15:38:00+00:00,2025-12-22T13:54:28.847892,https://www.reddit.com/r/memes/comments/qvahsn/this_is_10_frames_before_the_second_image_of_the/,,,,2,drake hotline bling
reddit,drake hotline bling,"""drake meme""",qqg4vi,walkenfloogle,walkenfloogle,Not the drake meme you were expecting today,,https://i.redd.it/nd3ga8b7lny71.jpg,26,,2,2021-11-09T23:20:05+00:00,2025-12-22T13:54:28.847892,https://www.reddit.com/r/memes/comments/qqg4vi/not_the_drake_meme_you_were_expecting_today/,,,,2,drake hotline bling
reddit,drake hotline bling,"""drake meme""",qn8jqj,JaymoEnwright,JaymoEnwright,"RIP the Drake memes, they were great while they lasted",,https://i.redd.it/hpai0o5lcrx71.jpg,25,,1,2021-11-05T10:54:48+00:00,2025-12-22T13:54:28.847892,https://www.reddit.com/r/dankmemes/comments/qn8jqj/rip_the_drake_memes_they_were_great_while_they/,,,,2,drake hotline bling
reddit,drake hotline bling,"""drake meme""",qem88t,ItsPillowFortTime,ItsPillowFortTime,Drake meme is OG,,https://i.redd.it/yzxzyyvp9cv71.jpg,19,,2,2021-10-24T06:04:36+00:00,2025-12-22T13:54:28.847892,https://www.reddit.com/r/memes/comments/qem88t/drake_meme_is_og/,,,,2,drake hotline bling
reddit,drake hotline bling,"""drake meme""",q8sr81,Dm_big_boobs,Dm_big_boobs,Another Drake meme,,https://i.redd.it/udxu755hbnt71.jpg,29,,0,2021-10-15T17:04:54+00:00,2025-12-22T13:54:28.847892,https://www.reddit.com/r/memes/comments/q8sr81/another_drake_meme/,,,,2,drake hotline bling
reddit,drake hotline bling,"""drake meme""",q87ct6,cowapuss,cowapuss,My collection of drake memes so far (part1),,https://i.redd.it/xc7vln7b0ht71.jpg,36,,3,2021-10-14T19:51:38+00:00,2025-12-22T13:54:28.847892,https://www.reddit.com/r/memes/comments/q87ct6/my_collection_of_drake_memes_so_far_part1/,,,,2,drake hotline bling
reddit,drake hotline bling,"""drake meme""",q7gu40,GHOSTLYAQL,GHOSTLYAQL,Keeping up with Drake memes,,https://i.redd.it/brwfddjpb9t71.jpg,32,,2,2021-10-13T18:01:16+00:00,2025-12-22T13:54:28.847892,https://www.reddit.com/r/memes/comments/q7gu40/keeping_up_with_drake_memes/,,,,2,drake hotline bling
reddit,drake hotline bling,"""drake meme""",q78r6e,NeptuneRuler,NeptuneRuler,Are drake memes allowed?,,https://i.redd.it/3krs163a97t71.png,94,,0,2021-10-13T11:04:29+00:00,2025-12-22T13:54:28.847892,https://www.reddit.com/r/memes/comments/q78r6e/are_drake_memes_allowed/,,,,2,drake hotline bling
reddit,drake hotline bling,"""drake meme""",q5v8wh,JaymoEnwright,JaymoEnwright,The Drake memes have literally been the highlight of 2021 so far,,https://i.redd.it/x7x99jdmjts71.jpg,31,,1,2021-10-11T12:57:28+00:00,2025-12-22T13:54:28.847892,https://www.reddit.com/r/memes/comments/q5v8wh/the_drake_memes_have_literally_been_the_highlight/,,,,2,drake hotline bling
reddit,drake hotline bling,"""drake meme""",q5l7y0,DaveDisdain,DaveDisdain,"I hope I’m not too late with the Drake meme, pt. 2",,https://i.redd.it/bln011364qs71.jpg,43,,3,2021-10-11T01:25:08+00:00,2025-12-22T13:54:28.847892,https://www.reddit.com/r/memes/comments/q5l7y0/i_hope_im_not_too_late_with_the_drake_meme_pt_2/,,,,2,drake hotline bling
reddit,drake hotline bling,"""drake meme""",q4uwv8,PiggyBank32,PiggyBank32,My contribution to the drake meme,,https://i.redd.it/lgcq3y3fxhs71.jpg,31,,0,2021-10-09T21:53:04+00:00,2025-12-22T13:54:28.847892,https://www.reddit.com/r/memes/comments/q4uwv8/my_contribution_to_the_drake_meme/,,,,2,drake hotline bling
reddit,drake hotline bling,"""drake meme""",pz4k9i,ethanluke304,ethanluke304,Another Drake meme,,https://i.redd.it/wta58nld7tq71.jpg,24,,3,2021-10-01T09:40:13+00:00,2025-12-22T13:54:28.847892,https://www.reddit.com/r/dankmemes/comments/pz4k9i/another_drake_meme/,,,,2,drake hotline bling
reddit,drake hotline bling,"""drake meme""",o9vrs3,LADAGAC,LADAGAC,The Drake meme has stayed popular for 6 years,,https://i.redd.it/rxk9n01f93871.jpg,36,,2,2021-06-28T23:10:54+00:00,2025-12-22T13:54:28.847892,https://www.reddit.com/r/memes/comments/o9vrs3/the_drake_meme_has_stayed_popular_for_6_years/,,,,2,drake hotline bling
reddit,drake hotline bling,"""drake meme""",o7485g,moesabi,moesabi,Don't know if this has been done before or if the drake meme is dead all around but I hope it gives you a nice lil chuckle ;*,,https://i.redd.it/ej5kcdw6n8771.jpg,34,,3,2021-06-24T16:18:54+00:00,2025-12-22T13:54:28.847892,https://www.reddit.com/r/memes/comments/o7485g/dont_know_if_this_has_been_done_before_or_if_the/,,,,2,drake hotline bling
reddit,drake hotline bling,"""drake meme""",nccwgm,lorestolf1103,lorestolf1103,Drake memes yes,,https://i.redd.it/gsi2yqw764z61.jpg,36,,0,2021-05-14T16:37:33+00:00,2025-12-22T13:54:28.847892,https://www.reddit.com/r/memes/comments/nccwgm/drake_memes_yes/,,,,2,drake hotline bling
reddit,drake hotline bling,"""drake meme""",mfxfgd,ThatBrofister,ThatBrofister,Let's revive Drake memes while we're at it,,https://i.redd.it/gz4t1ksxq0q61.jpg,33,,1,2021-03-29T19:29:23+00:00,2025-12-22T13:54:28.847892,https://www.reddit.com/r/memes/comments/mfxfgd/lets_revive_drake_memes_while_were_at_it/,,,,2,drake hotline bling
reddit,drake hotline bling,"""drake meme""",meg3im,Enigmacloth,Enigmacloth,I have never seen a alt drake meme that isn't about being not drake,,https://i.redd.it/h8jmdtjcblp61.jpg,46,,2,2021-03-27T15:35:17+00:00,2025-12-22T13:54:28.847892,https://www.reddit.com/r/memes/comments/meg3im/i_have_never_seen_a_alt_drake_meme_that_isnt/,,,,2,drake hotline bling
reddit,drake hotline bling,"""drake meme""",mdxojl,dogtron64,dogtron64,Dogs are very expressive. Perfect for Drake memes,,https://i.redd.it/bjkek5urmfp61.jpg,19,,1,2021-03-26T20:28:35+00:00,2025-12-22T13:54:28.847892,https://www.reddit.com/r/memes/comments/mdxojl/dogs_are_very_expressive_perfect_for_drake_memes/,,,,2,drake hotline bling
reddit,drake hotline bling,"""drake meme""",m223rm,tropiciciciciicic,tropiciciciciicic,The new drake meme template,,https://i.redd.it/ee76fxs1e8m61.png,22,,1,2021-03-10T16:54:54+00:00,2025-12-22T13:54:28.847892,https://www.reddit.com/r/memes/comments/m223rm/the_new_drake_meme_template/,,,,2,drake hotline bling
reddit,drake hotline bling,"""drake meme""",lucyjf,Le_milkman1,Le_milkman1,Here have a drake meme,,https://i.redd.it/i43zvd8l67k61.jpg,130,,10,2021-02-28T10:42:58+00:00,2025-12-22T13:54:28.847892,https://www.reddit.com/r/memes/comments/lucyjf/here_have_a_drake_meme/,,,,2,drake hotline bling
reddit,drake hotline bling,"""drake meme""",l4oi26,ShadowStonk,ShadowStonk,Drake meme go brrrr,,https://i.redd.it/lyr36kjxjhd61.jpg,27,,1,2021-01-25T14:06:38+00:00,2025-12-22T13:54:28.847892,https://www.reddit.com/r/memes/comments/l4oi26/drake_meme_go_brrrr/,,,,2,drake hotline bling
reddit,drake hotline bling,"""drake meme""",kzptio,Stranger1982,Stranger1982,"Gozer: ""Are you a Drake meme?"" Ray: ""No""",,https://i.redd.it/texhw0f1l1c61.jpg,50,,9,2021-01-18T07:25:06+00:00,2025-12-22T13:54:28.847892,https://www.reddit.com/r/memes/comments/kzptio/gozer_are_you_a_drake_meme_ray_no/,,,,2,drake hotline bling
reddit,drake hotline bling,"""drake meme""",k8su0a,Neoslayer,Neoslayer,Drake meme? Secret formula? It's what all the cool guys are doing.,,https://i.redd.it/osm2cvplsu361.jpg,27,,3,2020-12-07T23:57:06+00:00,2025-12-22T13:54:28.847892,https://www.reddit.com/r/memes/comments/k8su0a/drake_meme_secret_formula_its_what_all_the_cool/,,,,2,drake hotline bling
reddit,drake hotline bling,"""drake meme""",jxoqqz,ByeItsWaffles98,ByeItsWaffles98,hahaha drake meme funny,,https://i.redd.it/eculzsrr8e061.png,20819,,90,2020-11-20T13:10:15+00:00,2025-12-22T13:54:28.847892,https://www.reddit.com/r/dankmemes/comments/jxoqqz/hahaha_drake_meme_funny/,,,,2,drake hotline bling
reddit,drake hotline bling,"""drake meme""",jhogap,gansta_thanos,gansta_thanos,A Drake meme without the use of a Drake meme,,https://i.redd.it/iywgj5vgk6v51.jpg,23,,1,2020-10-25T05:55:43+00:00,2025-12-22T13:54:28.847892,https://www.reddit.com/r/memes/comments/jhogap/a_drake_meme_without_the_use_of_a_drake_meme/,,,,2,drake hotline bling
reddit,drake hotline bling,"""drake meme""",jdblb1,Crowbar_Faucet,Crowbar_Faucet,A good ole drake meme,,https://i.redd.it/7ii0s8ucvst51.jpg,22,,3,2020-10-18T06:47:35+00:00,2025-12-22T13:54:28.847892,https://www.reddit.com/r/dankmemes/comments/jdblb1/a_good_ole_drake_meme/,,,,2,drake hotline bling
reddit,drake hotline bling,"""drake meme""",j30sei,u-squanks,u-squanks,Drake meme bad,,https://i.redd.it/wwzuukycieq51.jpg,24,,1,2020-10-01T03:17:24+00:00,2025-12-22T13:54:28.847892,https://www.reddit.com/r/memes/comments/j30sei/drake_meme_bad/,,,,2,drake hotline bling
reddit,drake hotline bling,"""drake meme""",iv7vco,jadon-sancho,jadon-sancho,The big old drake meme,,https://i.redd.it/3jfwydhq9xn51.jpg,30,,2,2020-09-18T15:10:30+00:00,2025-12-22T13:54:28.847892,https://www.reddit.com/r/memes/comments/iv7vco/the_big_old_drake_meme/,,,,2,drake hotline bling
reddit,drake hotline bling,"""drake meme""",ird35u,SuperMinh2008,SuperMinh2008,good ol' drake meme template,,https://i.redd.it/ljgefkyp3qm51.png,28,,1,2020-09-12T14:00:15+00:00,2025-12-22T13:54:28.847892,https://www.reddit.com/r/memes/comments/ird35u/good_ol_drake_meme_template/,,,,2,drake hotline bling
reddit,drake hotline bling,"""drake meme""",ikkclw,AvionDrake579,AvionDrake579,It's also drake meme with AvionDrake :D,,https://i.redd.it/t68qsfi5hjk51.png,39,,2,2020-09-01T13:35:01+00:00,2025-12-22T13:54:28.847892,https://www.reddit.com/r/memes/comments/ikkclw/its_also_drake_meme_with_aviondrake_d/,,,,2,drake hotline bling
reddit,drake hotline bling,"""drake meme""",ih1ba1,paswordisnot,paswordisnot,The drake meme comeback,,https://i.redd.it/qadryn2qbdj51.jpg,14,,1,2020-08-26T15:49:29+00:00,2025-12-22T13:54:28.847892,https://www.reddit.com/r/memes/comments/ih1ba1/the_drake_meme_comeback/,,,,2,drake hotline bling
reddit,drake hotline bling,"""drake meme""",ieroy2,GuFfy42,GuFfy42,"Ahhh, yes taking the drake meme format back",,https://i.redd.it/id9ocb2jpmi51.jpg,27,,4,2020-08-22T22:18:45+00:00,2025-12-22T13:54:28.847892,https://www.reddit.com/r/memes/comments/ieroy2/ahhh_yes_taking_the_drake_meme_format_back/,,,,2,drake hotline bling
reddit,drake hotline bling,"""drake meme""",ibxkv7,LlamaAnimes,LlamaAnimes,Drake meme still alive?,,https://i.redd.it/v2n718v59qh51.jpg,27132,,100,2020-08-18T09:10:01+00:00,2025-12-22T13:54:28.847892,https://www.reddit.com/r/memes/comments/ibxkv7/drake_meme_still_alive/,,,,2,drake hotline bling
reddit,drake hotline bling,"""drake meme""",i9lqie,Lucatthis,Lucatthis,"Ah yes, another Drake meme...",,https://i.redd.it/wcewih64xyg51.jpg,39,,1,2020-08-14T13:14:23+00:00,2025-12-22T13:54:28.847892,https://www.reddit.com/r/memes/comments/i9lqie/ah_yes_another_drake_meme/,,,,2,drake hotline bling
reddit,drake hotline bling,"""drake meme""",i9lpsl,Lucatthis,Lucatthis,And another Drake meme template...,,https://i.redd.it/4r93tywwwyg51.jpg,56,,3,2020-08-14T13:13:15+00:00,2025-12-22T13:54:28.847892,https://www.reddit.com/r/dankmemes/comments/i9lpsl/and_another_drake_meme_template/,,,,2,drake hotline bling
reddit,drake hotline bling,"""drake meme""",i9g3dg,MCmax503,MCmax503,Drake memes go Kiki,,https://i.redd.it/9l6elyjnkwg51.jpg,38,,4,2020-08-14T05:20:58+00:00,2025-12-22T13:54:28.847892,https://www.reddit.com/r/dankmemes/comments/i9g3dg/drake_memes_go_kiki/,,,,2,drake hotline bling
reddit,drake hotline bling,"""drake meme""",i7r2qc,TyYoshi,TyYoshi,silly drake memes are for Drake,,https://i.redd.it/x2xvysdccdg51.jpg,18,,2,2020-08-11T12:40:34+00:00,2025-12-22T13:54:28.847892,https://www.reddit.com/r/memes/comments/i7r2qc/silly_drake_memes_are_for_drake/,,,,2,drake hotline bling
reddit,drake hotline bling,"""drake meme""",i7dg3k,Zatch01,Zatch01,Long live the Drake meme template!,,https://i.redd.it/cgq1czbzn8g51.jpg,16,,3,2020-08-10T20:56:55+00:00,2025-12-22T13:54:28.847892,https://www.reddit.com/r/dankmemes/comments/i7dg3k/long_live_the_drake_meme_template/,,,,2,drake hotline bling
reddit,drake hotline bling,"""drake meme""",i7dfeo,Zatch01,Zatch01,Long live the Drake meme template!,,https://i.redd.it/zzr3ldktn8g51.jpg,25,,2,2020-08-10T20:55:59+00:00,2025-12-22T13:54:28.847892,https://www.reddit.com/r/memes/comments/i7dfeo/long_live_the_drake_meme_template/,,,,2,drake hotline bling
reddit,drake hotline bling,"""drake meme""",i4v6wu,MichaelBMB,MichaelBMB,"Lol, Drake meme format forever",,https://i.redd.it/afhzvv8wuef51.png,15,,8,2020-08-06T16:42:13+00:00,2025-12-22T13:54:28.847892,https://www.reddit.com/r/dankmemes/comments/i4v6wu/lol_drake_meme_format_forever/,,,,2,drake hotline bling
reddit,drake hotline bling,"""drake meme""",hqydd8,grinshtain,grinshtain,This is better then Drake meme,,https://i.redd.it/sflr1zlfjsa51.jpg,27,,4,2020-07-14T09:22:13+00:00,2025-12-22T13:54:28.847892,https://www.reddit.com/r/memes/comments/hqydd8/this_is_better_then_drake_meme/,,,,2,drake hotline bling
reddit,drake hotline bling,"""drake meme""",hiqnc5,g-rrett,g-rrett,Drake meme will never die,,https://i.redd.it/taohebdmq2851.jpg,54,,12,2020-06-30T16:27:54+00:00,2025-12-22T13:54:28.847892,https://www.reddit.com/r/memes/comments/hiqnc5/drake_meme_will_never_die/,,,,2,drake hotline bling
reddit,drake hotline bling,"""drake meme""",hilvrj,callum072009,callum072009,So I made my teacher the drake meme,,https://i.redd.it/7fwepk7ad1851.jpg,12,,7,2020-06-30T11:51:22+00:00,2025-12-22T13:54:28.847892,https://www.reddit.com/r/memes/comments/hilvrj/so_i_made_my_teacher_the_drake_meme/,,,,2,drake hotline bling
reddit,drake hotline bling,"""drake meme""",hfiyuk,DUJEPdp,DUJEPdp,"From now on, let's make a Drake memes with this format.",,https://i.redd.it/ykswptn6w0751.jpg,76,,5,2020-06-25T09:11:24+00:00,2025-12-22T13:54:28.847892,https://www.reddit.com/r/memes/comments/hfiyuk/from_now_on_lets_make_a_drake_memes_with_this/,,,,2,drake hotline bling
reddit,drake hotline bling,"""drake meme""",hbg11b,CheckItFace14,CheckItFace14,drake meme is getting old,,https://i.imgur.com/mC6p9xV.jpg,23,,1,2020-06-18T14:49:46+00:00,2025-12-22T13:54:28.847892,https://www.reddit.com/r/dankmemes/comments/hbg11b/drake_meme_is_getting_old/,,,,2,drake hotline bling
reddit,drake hotline bling,"""drake meme""",hbfzko,CheckItFace14,CheckItFace14,drake meme is getting old. let's face it,,https://imgur.com/FTwIiVo,19,,4,2020-06-18T14:47:34+00:00,2025-12-22T13:54:28.847892,https://www.reddit.com/r/memes/comments/hbfzko/drake_meme_is_getting_old_lets_face_it/,,,,2,drake hotline bling
reddit,drake hotline bling,"""drake meme""",hag2fb,battleaxe1784,battleaxe1784,Is the drake meme still a thing?,,https://i.redd.it/uduv6id44d551.jpg,73,,8,2020-06-17T00:08:58+00:00,2025-12-22T13:54:28.847892,https://www.reddit.com/r/dankmemes/comments/hag2fb/is_the_drake_meme_still_a_thing/,,,,2,drake hotline bling
reddit,drake hotline bling,"""drake meme""",gx5raw,yeah-boi1234,yeah-boi1234,I hate drake memes so over used,,https://i.redd.it/w2s74ag2s3351.jpg,43,,2,2020-06-05T14:37:07+00:00,2025-12-22T13:54:28.847892,https://www.reddit.com/r/memes/comments/gx5raw/i_hate_drake_memes_so_over_used/,,,,2,drake hotline bling
reddit,drake hotline bling,"""drake meme""",gu7kid,Rares43,Rares43,WHAT a drake meme in 2020 unacceptable,,https://i.redd.it/6adz0u3u66251.jpg,24,,2,2020-05-31T21:39:20+00:00,2025-12-22T13:54:28.847892,https://www.reddit.com/r/memes/comments/gu7kid/what_a_drake_meme_in_2020_unacceptable/,,,,2,drake hotline bling
reddit,drake hotline bling,"""drake meme""",gqzaa9,the-real-Mr-Toast,the-real-Mr-Toast,Are Drake memes dead?,,https://i.redd.it/nukacplfp4151.jpg,25,,6,2020-05-26T15:35:53+00:00,2025-12-22T13:54:28.847892,https://www.reddit.com/r/memes/comments/gqzaa9/are_drake_memes_dead/,,,,2,drake hotline bling
reddit,drake hotline bling,"""drake meme""",gqkpyy,ChickenNuggetSauces,ChickenNuggetSauces,Never thought I would see the day when 2 Drake memes arose... but it happened.,,https://i.redd.it/ysidi8phlz051.jpg,33,,3,2020-05-25T22:25:38+00:00,2025-12-22T13:54:28.847892,https://www.reddit.com/r/memes/comments/gqkpyy/never_thought_i_would_see_the_day_when_2_drake/,,,,2,drake hotline bling
reddit,drake hotline bling,"""drake meme""",gmset3,CyberCraft_YT,CyberCraft_YT,Modified drake meme,,https://i.redd.it/lqsf29pb5rz41.png,87,,4,2020-05-19T16:55:52+00:00,2025-12-22T13:54:28.847892,https://www.reddit.com/r/memes/comments/gmset3/modified_drake_meme/,,,,2,drake hotline bling
reddit,drake hotline bling,"""drake meme""",gmpnr7,CyberCraft_YT,CyberCraft_YT,Modified drake meme,,https://i.redd.it/bm5ize5kfqz41.png,28,,2,2020-05-19T14:31:28+00:00,2025-12-22T13:54:28.847892,https://www.reddit.com/r/memes/comments/gmpnr7/modified_drake_meme/,,,,2,drake hotline bling
reddit,drake hotline bling,"""drake meme""",gd1yl9,imsadandlonely1,imsadandlonely1,A drake meme,,https://i.redd.it/4tl9btj1dnw41.jpg,26,,1,2020-05-04T00:59:35+00:00,2025-12-22T13:54:28.847892,https://www.reddit.com/r/memes/comments/gd1yl9/a_drake_meme/,,,,2,drake hotline bling
reddit,drake hotline bling,"""drake meme""",g9w7ml,Alekseiiiii,Alekseiiiii,Just noticed that Joey is a reversed Drake meme,,https://i.redd.it/idjm9qlaomv41.jpg,37,,4,2020-04-28T21:36:46+00:00,2025-12-22T13:54:28.847892,https://www.reddit.com/r/memes/comments/g9w7ml/just_noticed_that_joey_is_a_reversed_drake_meme/,,,,2,drake hotline bling
reddit,drake hotline bling,"""drake meme""",fupj4g,knightlord6,knightlord6,It's been a long time since I've seen a Drake meme,,https://i.redd.it/vbrgfeu39rq41.png,49,,1,2020-04-04T07:40:12+00:00,2025-12-22T13:54:28.847892,https://www.reddit.com/r/memes/comments/fupj4g/its_been_a_long_time_since_ive_seen_a_drake_meme/,,,,2,drake hotline bling
reddit,drake hotline bling,"""drake meme""",frf86v,subbot9,subbot9,Its the drake meme for those of you who dont know,,https://i.redd.it/m2a4klxizop41.jpg,18,,2,2020-03-29T22:59:00+00:00,2025-12-22T13:54:28.847892,https://www.reddit.com/r/memes/comments/frf86v/its_the_drake_meme_for_those_of_you_who_dont_know/,,,,2,drake hotline bling
reddit,drake hotline bling,"""drake meme""",fheye8,Sentry_Thor2,Sentry_Thor2,Last Drake Meme?,,https://i.redd.it/dnmes44ga8m41.jpg,23,,4,2020-03-12T11:36:59+00:00,2025-12-22T13:54:28.847892,https://www.reddit.com/r/memes/comments/fheye8/last_drake_meme/,,,,2,drake hotline bling
reddit,drake hotline bling,"""drake meme""",fczg3j,nknadeem800,nknadeem800,Drake meme never dies.,,https://i.redd.it/47onqs7w8ik41.jpg,156,,5,2020-03-03T18:57:50+00:00,2025-12-22T13:54:28.847892,https://www.reddit.com/r/memes/comments/fczg3j/drake_meme_never_dies/,,,,2,drake hotline bling
reddit,drake hotline bling,"""drake meme""",f89xzp,finding-name-is-hard,finding-name-is-hard,👩🏾‍🦲🖐🏾making a normal drake meme,,https://i.redd.it/x9l0vul6moi41.jpg,47,,5,2020-02-23T14:14:46+00:00,2025-12-22T13:54:28.847892,https://www.reddit.com/r/memes/comments/f89xzp/making_a_normal_drake_meme/,,,,2,drake hotline bling
reddit,drake hotline bling,"""drake meme""",f7uza0,IHateKidDiddlers,IHateKidDiddlers,New Drake meme,,https://i.redd.it/ay8z0fas7ii41.jpg,25532,,330,2020-02-22T16:43:20+00:00,2025-12-22T13:54:28.847892,https://www.reddit.com/r/memes/comments/f7uza0/new_drake_meme/,,,,2,drake hotline bling
reddit,drake hotline bling,"""drake meme""",f3t10k,Discalced-diapason,Discalced-diapason,"It’s the Drake meme, but with Luna.",,https://i.redd.it/655tfyjxhwg41.jpg,36,,2,2020-02-14T14:36:53+00:00,2025-12-22T13:54:28.847892,https://www.reddit.com/r/memes/comments/f3t10k/its_the_drake_meme_but_with_luna/,,,,2,drake hotline bling
reddit,drake hotline bling,"""drake meme""",eqfj1j,Clash_of_PoKe,Clash_of_PoKe,Since you liked the first one... here's my second drake meme!,,https://i.redd.it/moefi7m00jb41.jpg,59,,3,2020-01-18T11:52:38+00:00,2025-12-22T13:54:28.847892,https://www.reddit.com/r/memes/comments/eqfj1j/since_you_liked_the_first_one_heres_my_second/,,,,2,drake hotline bling
reddit,drake hotline bling,"""drake meme""",ej6j7r,ChrisSurvivor,ChrisSurvivor,The Drake meme *disapproval* The Communist revolutionary meme *approval*,,https://i.redd.it/xel1wvwecg841.jpg,0,,6,2020-01-02T23:44:25+00:00,2025-12-22T13:54:28.847892,https://www.reddit.com/r/memes/comments/ej6j7r/the_drake_meme_disapproval_the_communist/,,,,2,drake hotline bling
reddit,drake hotline bling,"""drake meme""",egx4v9,Scgoodguy,Scgoodguy,One last drake meme for the decade,,https://i.redd.it/qb7pt1wu7g741.jpg,24,,5,2019-12-28T22:14:42+00:00,2025-12-22T13:54:28.847892,https://www.reddit.com/r/dankmemes/comments/egx4v9/one_last_drake_meme_for_the_decade/,,,,2,drake hotline bling
reddit,drake hotline bling,"""drake meme""",efi3l9,Clash_of_PoKe,Clash_of_PoKe,My first drake meme what do you think?,,https://i.redd.it/i1blxyurys641.jpg,59,,7,2019-12-25T16:02:49+00:00,2025-12-22T13:54:28.847892,https://www.reddit.com/r/memes/comments/efi3l9/my_first_drake_meme_what_do_you_think/,,,,2,drake hotline bling
reddit,drake hotline bling,"""drake meme""",eeawx2,FurgieCat,FurgieCat,drake meme was good,,https://i.redd.it/8x4whfx6a9641.png,17,,4,2019-12-22T21:53:19+00:00,2025-12-22T13:54:28.847892,https://www.reddit.com/r/dankmemes/comments/eeawx2/drake_meme_was_good/,,,,2,drake hotline bling
reddit,drake hotline bling,"""drake meme""",edx29w,NovaKyuu,NovaKyuu,"Come on, guys! Drake meme has been relevant most of this decade! (and will still be, let's be honest)",,https://i.redd.it/mmcgzu0zl2641.png,28,,4,2019-12-21T23:25:57+00:00,2025-12-22T13:54:28.847892,https://www.reddit.com/r/memes/comments/edx29w/come_on_guys_drake_meme_has_been_relevant_most_of/,,,,2,drake hotline bling
reddit,drake hotline bling,"""drake meme""",e7s36r,Isucktoads,Isucktoads,Started from a drake meme (OC),,https://i.redd.it/cnkdncqhvd341.jpg,63,,1,2019-12-08T10:05:35+00:00,2025-12-22T13:54:28.847892,https://www.reddit.com/r/memes/comments/e7s36r/started_from_a_drake_meme_oc/,,,,2,drake hotline bling
reddit,drake hotline bling,"""drake meme""",e7s2yq,Isucktoads,Isucktoads,Started from a drake meme,,https://i.redd.it/k8c5amtdvd341.jpg,18,,2,2019-12-08T10:04:43+00:00,2025-12-22T13:54:28.847892,https://www.reddit.com/r/dankmemes/comments/e7s2yq/started_from_a_drake_meme/,,,,2,drake hotline bling
reddit,drake hotline bling,"""drake meme""",e75zzp,Genji_TheGamer,Genji_TheGamer,Why this boi not know about the drake meme?,,https://i.redd.it/x7e10qzaf3341.png,14,,1,2019-12-06T22:56:45+00:00,2025-12-22T13:54:28.847892,https://www.reddit.com/r/dankmemes/comments/e75zzp/why_this_boi_not_know_about_the_drake_meme/,,,,2,drake hotline bling
reddit,drake hotline bling,"""drake meme""",e5xhjm,chikenliquid,chikenliquid,"Im on the ""down with drake meme"" bandwagon. Here is my vote!",,https://i.redd.it/f7z8h9mmjl241.png,44,,2,2019-12-04T10:48:55+00:00,2025-12-22T13:54:28.847892,https://www.reddit.com/r/memes/comments/e5xhjm/im_on_the_down_with_drake_meme_bandwagon_here_is/,,,,2,drake hotline bling
reddit,drake hotline bling,"""drake meme""",e1eeni,THE_BATMAN_10,THE_BATMAN_10,Havent seen a drake meme in ages,,https://i.redd.it/v87gemhjbt041.jpg,53,,7,2019-11-25T10:49:34+00:00,2025-12-22T13:54:28.847892,https://www.reddit.com/r/dankmemes/comments/e1eeni/havent_seen_a_drake_meme_in_ages/,,,,2,drake hotline bling
reddit,drake hotline bling,"""drakeposting""",1iz903c,Artistic_Shallot_660,Artistic_Shallot_660,I've seen something a while ago that said this but with a star trek template instead.,,https://i.redd.it/ih5xquwlfmle1.png,0,,0,2025-02-27T05:56:38+00:00,2025-12-22T13:54:28.847892,https://www.reddit.com/r/memes/comments/1iz903c/ive_seen_something_a_while_ago_that_said_this_but/,,,,2,drake hotline bling
reddit,drake hotline bling,"""drakeposting""",sjh3m5,Derik_Death,Derik_Death,Here's a meta meme for you! It's about the genre known as drakeposting.,,https://i.redd.it/qcrte5qpulf81.jpg,18,,0,2022-02-03T11:40:07+00:00,2025-12-22T13:54:28.847892,https://www.reddit.com/r/memes/comments/sjh3m5/heres_a_meta_meme_for_you_its_about_the_genre/,,,,2,drake hotline bling
reddit,drake hotline bling,"""drakeposting""",r9k4mz,otastco,otastco,actual drakeposting to say I did it once,,https://i.redd.it/gtc7tjpiar381.jpg,37,,1,2021-12-05T17:08:00+00:00,2025-12-22T13:54:28.847892,https://www.reddit.com/r/memes/comments/r9k4mz/actual_drakeposting_to_say_i_did_it_once/,,,,2,drake hotline bling
reddit,drake hotline bling,"""drakeposting""",l0ejl3,DeltaWhiskey141,DeltaWhiskey141,Drakeposting Can Be Better,,https://i.redd.it/yj6df6rxm8c61.jpg,52,,0,2021-01-19T07:03:19+00:00,2025-12-22T13:54:28.847892,https://www.reddit.com/r/memes/comments/l0ejl3/drakeposting_can_be_better/,,,,2,drake hotline bling
reddit,drake hotline bling,"""drakeposting""",ky1u6e,Ruatb,Ruatb,Anime versions of Drakeposting is better,,https://i.redd.it/8e9z5x64sjb61.png,233,,9,2021-01-15T19:29:10+00:00,2025-12-22T13:54:28.847892,https://www.reddit.com/r/memes/comments/ky1u6e/anime_versions_of_drakeposting_is_better/,,,,2,drake hotline bling
reddit,drake hotline bling,"""drakeposting""",eeej9n,overtlyanal,overtlyanal,One last Drakepost of the decade?,,https://i.redd.it/uwoya1dzsa641.png,41,,6,2019-12-23T02:58:38+00:00,2025-12-22T13:54:28.847892,https://www.reddit.com/r/memes/comments/eeej9n/one_last_drakepost_of_the_decade/,,,,2,drake hotline bling
reddit,drake hotline bling,"""drakeposting""",b609ny,AndyGHK,AndyGHK,"I call this one, ""drakeposting in repose"". Citations must be in proper MLA format for full credit.",,https://i.redd.it/pgwrz4s3flo21.png,32,,3,2019-03-27T05:00:47+00:00,2025-12-22T13:54:28.847892,https://www.reddit.com/r/dankmemes/comments/b609ny/i_call_this_one_drakeposting_in_repose_citations/,,,,2,drake hotline bling
reddit,drake hotline bling,"""drakeposting""",b4ks6c,lane_boi_,lane_boi_,Drakeposting at its purest,,https://i.redd.it/sbg3m4dg6wn21.jpg,24,,4,2019-03-23T16:03:49+00:00,2025-12-22T13:54:28.847892,https://www.reddit.com/r/dankmemes/comments/b4ks6c/drakeposting_at_its_purest/,,,,2,drake hotline bling
reddit,drake hotline bling,drake approves,lqeba7,Crusade-O-clock,Crusade-O-clock,"Drake approves, Pope Paul the second does not",,https://i.redd.it/cyukf34647j61.jpg,8,,1,2021-02-23T09:25:16+00:00,2025-12-22T13:54:28.847892,https://www.reddit.com/r/dankmemes/comments/lqeba7/drake_approves_pope_paul_the_second_does_not/,,,,2,drake hotline bling
reddit,drake hotline bling,drake approves,jv6in4,MadCows18,MadCows18,This is Drake and I approve this message.,,https://i.redd.it/1mbjlms7qlz51.png,25,,12,2020-11-16T13:13:07+00:00,2025-12-22T13:54:28.847892,https://www.reddit.com/r/memes/comments/jv6in4/this_is_drake_and_i_approve_this_message/,,,,2,drake hotline bling
reddit,drake hotline bling,drake approves,iolrqh,br094,br094,Drake approves,,https://i.redd.it/v4gcs1jx8ul51.jpg,24,,6,2020-09-08T02:52:22+00:00,2025-12-22T13:54:28.847892,https://www.reddit.com/r/memes/comments/iolrqh/drake_approves/,,,,2,drake hotline bling
reddit,drake hotline bling,drake approves,igfeq3,Sneakynoi,Sneakynoi,Drake does approve,,https://i.redd.it/kawi8dztc6j51.jpg,32,,4,2020-08-25T16:23:13+00:00,2025-12-22T13:54:28.847892,https://www.reddit.com/r/memes/comments/igfeq3/drake_does_approve/,,,,2,drake hotline bling
reddit,drake hotline bling,drake approves,fj0v56,CKMiller5,CKMiller5,Drake tested. Drake approved.,,https://i.redd.it/p1yh8ftg2um41.jpg,31,,1,2020-03-15T12:51:26+00:00,2025-12-22T13:54:28.847892,https://www.reddit.com/r/memes/comments/fj0v56/drake_tested_drake_approved/,,,,2,drake hotline bling
reddit,drake hotline bling,drake approves,extjfc,edoraf,edoraf,Drake doesn't approve,,https://i.redd.it/r12tps00ake41.jpg,17,,0,2020-02-02T19:22:48+00:00,2025-12-22T13:54:28.847892,https://www.reddit.com/r/memes/comments/extjfc/drake_doesnt_approve/,,,,2,drake hotline bling
reddit,drake hotline bling,drake approves,eu52oy,Luffyion,Luffyion,Drake approving template,,https://i.redd.it/dg076c70n3d41.jpg,36,,1,2020-01-26T10:21:15+00:00,2025-12-22T13:54:28.847892,https://www.reddit.com/r/memes/comments/eu52oy/drake_approving_template/,,,,2,drake hotline bling
reddit,drake hotline bling,drake approves,ee05v2,Josh_Musikantow,Josh_Musikantow,"You all know the Drake Hotline approves meme. Well here's the Grace Jones approves version. It works similarly but zigzagged. The approving Grace Jones is on the bottom pointing up, and the disapproving Grace Jones is on top looking down. Did I fly to close too the sun on this one?",,https://i.redd.it/nuksirz8z3641.jpg,19,,4,2019-12-22T04:01:01+00:00,2025-12-22T13:54:28.847892,https://www.reddit.com/r/memes/comments/ee05v2/you_all_know_the_drake_hotline_approves_meme_well/,,,,2,drake hotline bling
reddit,drake hotline bling,drake approves,dxrkeo,sonnyboysurnit,sonnyboysurnit,Drake Approves Meme Vector.,,https://i.redd.it/yshu2m6vxaz31.png,26,,0,2019-11-17T19:56:44+00:00,2025-12-22T13:54:28.847892,https://www.reddit.com/r/memes/comments/dxrkeo/drake_approves_meme_vector/,,,,2,drake hotline bling
reddit,drake hotline bling,drake approves,d7caot,Bsmith2014,Bsmith2014,Drake approves,,https://i.redd.it/l2845hmizyn31.jpg,27,,0,2019-09-21T15:59:07+00:00,2025-12-22T13:54:28.847892,https://www.reddit.com/r/memes/comments/d7caot/drake_approves/,,,,2,drake hotline bling
reddit,drake hotline bling,drake approves,d6jpn0,dukbrand,dukbrand,Drake's approval.,,https://i.redd.it/jo2uyc3g0mn31.jpg,29,,3,2019-09-19T20:21:11+00:00,2025-12-22T13:54:28.847892,https://www.reddit.com/r/memes/comments/d6jpn0/drakes_approval/,,,,2,drake hotline bling
reddit,drake hotline bling,drake approves,d15orx,Ben-A-06,Ben-A-06,Drake approved,,https://i.redd.it/b7nztlkhdal31.jpg,24,,1,2019-09-08T03:04:37+00:00,2025-12-22T13:54:28.847892,https://www.reddit.com/r/dankmemes/comments/d15orx/drake_approved/,,,,2,drake hotline bling
reddit,drake hotline bling,drake approves,cs5ytv,cj062802,cj062802,Drake approves,,https://i.redd.it/i9qblnwyf9h31.jpg,238,,2,2019-08-18T19:40:12+00:00,2025-12-22T13:54:28.847892,https://www.reddit.com/r/memes/comments/cs5ytv/drake_approves/,,,,2,drake hotline bling
reddit,drake hotline bling,drake approves,bx19hd,Lemmlemm,Lemmlemm,(disapproving drake) (approving drake),,https://i.redd.it/q41mzmkqri231.jpg,42,,2,2019-06-05T11:00:11+00:00,2025-12-22T13:54:28.847892,https://www.reddit.com/r/memes/comments/bx19hd/disapproving_drake_approving_drake/,,,,2,drake hotline bling
reddit,drake hotline bling,drake approves,bv5i0s,akxx9,akxx9,Drake approves evolution,,https://i.redd.it/9jnpa30hpi131.jpg,40,,3,2019-05-31T09:43:24+00:00,2025-12-22T13:54:28.847892,https://www.reddit.com/r/dankmemes/comments/bv5i0s/drake_approves_evolution/,,,,2,drake hotline bling
reddit,drake hotline bling,drake approves,bssgff,mr_titler,mr_titler,Comrade Drake approves,,https://i.redd.it/rh070gvamb031.jpg,35,,5,2019-05-25T08:56:05+00:00,2025-12-22T13:54:28.847892,https://www.reddit.com/r/dankmemes/comments/bssgff/comrade_drake_approves/,,,,2,drake hotline bling
reddit,drake hotline bling,drake approves,bj5vnh,BonixoHD,BonixoHD,Drake Approves.,,https://i.redd.it/ui5av6alpfv21.jpg,28,,0,2019-04-30T17:13:54+00:00,2025-12-22T13:54:28.847892,https://www.reddit.com/r/memes/comments/bj5vnh/drake_approves/,,,,2,drake hotline bling
reddit,drake hotline bling,drake approves,biv765,Rusk1HardBass,Rusk1HardBass,Drake approves,,https://i.redd.it/lqlnafm2x9v21.jpg,76,,4,2019-04-29T21:45:08+00:00,2025-12-22T13:54:28.847892,https://www.reddit.com/r/memes/comments/biv765/drake_approves/,,,,2,drake hotline bling
reddit,drake hotline bling,drake approves,bfe4iq,Rusk1HardBass,Rusk1HardBass,Drake approves,,https://i.redd.it/88q4azf16gt21.jpg,57,,8,2019-04-20T16:37:49+00:00,2025-12-22T13:54:28.847892,https://www.reddit.com/r/dankmemes/comments/bfe4iq/drake_approves/,,,,2,drake hotline bling
reddit,drake hotline bling,drake approves,bfdz6g,Rusk1HardBass,Rusk1HardBass,Drake approves,,https://i.redd.it/nm8ups5p3gt21.jpg,19,,5,2019-04-20T16:24:43+00:00,2025-12-22T13:54:28.847892,https://www.reddit.com/r/dankmemes/comments/bfdz6g/drake_approves/,,,,2,drake hotline bling
reddit,drake hotline bling,drake approves,b0lid6,ipvwvi,ipvwvi,Drake approval,,https://i.redd.it/74tqo60gsvl21.jpg,10,,1,2019-03-13T12:37:02+00:00,2025-12-22T13:54:28.847892,https://www.reddit.com/r/memes/comments/b0lid6/drake_approval/,,,,2,drake hotline bling
reddit,drake hotline bling,drake approves,auoof7,redfirearne,redfirearne,Drake doesn't approve: Putting all the meme in the actual meme,,https://i.redd.it/44w18exifri21.jpg,42,,4,2019-02-25T18:45:36+00:00,2025-12-22T13:54:28.847892,https://www.reddit.com/r/dankmemes/comments/auoof7/drake_doesnt_approve_putting_all_the_meme_in_the/,,,,2,drake hotline bling
reddit,drake hotline bling,drake approves,akfb7e,TheHuntingMaster,TheHuntingMaster,drake approves,,https://i.redd.it/vzbucx2su0d21.jpg,26,,0,2019-01-27T20:01:50+00:00,2025-12-22T13:54:28.847892,https://www.reddit.com/r/memes/comments/akfb7e/drake_approves/,,,,2,drake hotline bling
reddit,drake hotline bling,drake approves,akaqpk,tearing-me-apartLisa,tearing-me-apartLisa,Drake approved.,,https://i.redd.it/psbnzdsmsxc21.jpg,4399,,21,2019-01-27T09:44:47+00:00,2025-12-22T13:54:28.847892,https://www.reddit.com/r/memes/comments/akaqpk/drake_approved/,,,,2,drake hotline bling
reddit,drake hotline bling,drake approves,af0b1y,Sugarpine7isbest,Sugarpine7isbest,Drake approves,,https://i.redd.it/km2olpfs5v921.jpg,24,,4,2019-01-11T21:40:26+00:00,2025-12-22T13:54:28.847892,https://www.reddit.com/r/memes/comments/af0b1y/drake_approves/,,,,2,drake hotline bling
reddit,drake hotline bling,drake approves,9vdlgo,Ullya,Ullya,I don't care if drake approves because I do,,https://i.redd.it/ps4s22k526x11.jpg,27,,11,2018-11-08T20:26:02+00:00,2025-12-22T13:54:28.847892,https://www.reddit.com/r/dankmemes/comments/9vdlgo/i_dont_care_if_drake_approves_because_i_do/,,,,2,drake hotline bling
reddit,drake hotline bling,drake approves,8r9tey,YG_19930309,YG_19930309,Drake approved,,https://i.redd.it/4kvh0shu25411.jpg,49,,9,2018-06-15T10:08:18+00:00,2025-12-22T13:54:28.847892,https://www.reddit.com/r/memes/comments/8r9tey/drake_approved/,,,,2,drake hotline bling
reddit,drake hotline bling,drake approves,8dsfyh,conditackler,conditackler,Drake Approves,,https://i.redd.it/pk6vwpp6t5t01.jpg,185,,8,2018-04-21T00:50:21+00:00,2025-12-22T13:54:28.847892,https://www.reddit.com/r/dankmemes/comments/8dsfyh/drake_approves/,,,,2,drake hotline bling
reddit,drake hotline bling,drake approves,88oehl,Carloskki,Carloskki,Edgy Drake Meme,,https://www.reddit.com/r/dankmemes/comments/88oehl/edgy_drake_meme/,67,,2,2018-04-01T04:38:00+00:00,2025-12-22T13:54:28.847892,https://www.reddit.com/r/dankmemes/comments/88oehl/edgy_drake_meme/,,,,2,drake hotline bling
reddit,drake hotline bling,drake approves,76avxy,SweetMeika,SweetMeika,Drake approves,,https://i.redd.it/a9dgl9hq5rrz.jpg,41,,0,2017-10-14T08:00:58+00:00,2025-12-22T13:54:28.847892,https://www.reddit.com/r/memes/comments/76avxy/drake_approves/,,,,2,drake hotline bling
reddit,drake hotline bling,drake approves,5o8rqk,awthatstobad,awthatstobad,Drake Approves of those forced Memes,,https://i.redd.it/hartn36r40ay.png,44,,3,2017-01-16T04:31:09+00:00,2025-12-22T13:54:28.847892,https://www.reddit.com/r/dankmemes/comments/5o8rqk/drake_approves_of_those_forced_memes/,,,,2,drake hotline bling
reddit,drake hotline bling,drake approves,3u35th,AndISaidHey27,AndISaidHey27,Drake approves the Uncharted Collection,,http://imgur.com/sQof2nI,4,,0,2015-11-24T15:31:55+00:00,2025-12-22T13:54:28.847892,https://www.reddit.com/r/funny/comments/3u35th/drake_approves_the_uncharted_collection/,,,,2,drake hotline bling
reddit,drake hotline bling,drake hotline,kbhud3,cucn2020,cucn2020,Dad covers Hotline Bling by Drake and nails it!!,,https://youtu.be/aRFzsR3Y034,9,,4,2020-12-12T03:29:45+00:00,2025-12-22T13:54:28.847892,https://www.reddit.com/r/funny/comments/kbhud3/dad_covers_hotline_bling_by_drake_and_nails_it/,,,,2,drake hotline bling
reddit,drake hotline bling,drake hotline,g6vib5,oghdi,oghdi,Drake go hotline bling.,,https://i.redd.it/mi3t9qoszmu41.jpg,41,,4,2020-04-23T21:37:05+00:00,2025-12-22T13:54:28.847892,https://www.reddit.com/r/memes/comments/g6vib5/drake_go_hotline_bling/,,,,2,drake hotline bling
reddit,drake hotline bling,drake hotline,6qpnjq,IC_Wiener,IC_Wiener,Drake E. Quation - Neptune Rings (Hotline Bling PARODY),,https://www.youtube.com/watch?v=2nHAKhz2CXk,0,,0,2017-07-31T16:45:13+00:00,2025-12-22T13:54:28.847892,https://www.reddit.com/r/funny/comments/6qpnjq/drake_e_quation_neptune_rings_hotline_bling_parody/,,,,2,drake hotline bling
reddit,drake hotline bling,drake hotline,6jlrob,K4LENJI,K4LENJI,Francis of the Filth listens to the best music,,https://i.redd.it/im37p7noc06z.png,146,,3,2017-06-26T15:26:20+00:00,2025-12-22T13:54:28.847892,https://www.reddit.com/r/dankmemes/comments/6jlrob/francis_of_the_filth_listens_to_the_best_music/,,,,2,drake hotline bling
reddit,drake hotline bling,drake hotline,6jh7ae,itzerror_,itzerror_,☭Real music☭,,https://i.redd.it/ybei0phfbv5z.png,769,,10,2017-06-25T22:29:35+00:00,2025-12-22T13:54:28.847892,https://www.reddit.com/r/dankmemes/comments/6jh7ae/real_music/,,,,2,drake hotline bling
reddit,drake hotline bling,drake hotline,3z1dcl,Navdeep11,Navdeep11,"Must watch, Drake - Hotline Bling - Without Music",,https://www.youtube.com/attribution_link?a=ZfuuJbDA7ZM&u=%2Fwatch%3Fv%3DYcko4WjCO-w%26feature%3Dshare,2,,0,2016-01-01T17:57:10+00:00,2025-12-22T13:54:28.847892,https://www.reddit.com/r/funny/comments/3z1dcl/must_watch_drake_hotline_bling_without_music/,,,,2,drake hotline bling
reddit,drake hotline bling,drake hotline,3szs2q,trillteacher,trillteacher,Ross Visits by TRILLTEACHER,,https://www.reddit.com/r/funny/comments/3szs2q/ross_visits_by_trillteacher/,1,,1,2015-11-16T06:44:18+00:00,2025-12-22T13:54:28.847892,https://www.reddit.com/r/funny/comments/3szs2q/ross_visits_by_trillteacher/,,,,2,drake hotline bling
reddit,drake hotline bling,drake hotline,3sqv16,sherrymacca,sherrymacca,All I saw while watching the new Drake - Hotline Bling music video,,https://www.youtube.com/watch?v=LtLkHocv6pE,2,,0,2015-11-14T04:21:04+00:00,2025-12-22T13:54:28.847892,https://www.reddit.com/r/funny/comments/3sqv16/all_i_saw_while_watching_the_new_drake_hotline/,,,,2,drake hotline bling
reddit,drake hotline bling,drake hotline,3spphs,SamyMel,SamyMel,"Where Drake actually got his ""Hotline Bling"" moves from",,https://www.youtube.com/watch?v=KgMXAIfiHLI,5,,0,2015-11-13T21:58:57+00:00,2025-12-22T13:54:28.847892,https://www.reddit.com/r/funny/comments/3spphs/where_drake_actually_got_his_hotline_bling_moves/,,,,2,drake hotline bling
reddit,drake hotline bling,drake hotline,3sllkb,mycombs,mycombs,Drake's inspiration for hotline bling: and old Korean music video,,http://youtu.be/IzRPmWI0gQ0,5,,0,2015-11-13T00:02:17+00:00,2025-12-22T13:54:28.847892,https://www.reddit.com/r/funny/comments/3sllkb/drakes_inspiration_for_hotline_bling_and_old/,,,,2,drake hotline bling
reddit,drake hotline bling,drake hotline,3rad2k,Audbol,Audbol,Drake - Hotline Bling (Official Music Video) Parody,,https://youtu.be/ItZXIWgqWi0,0,,0,2015-11-03T00:48:07+00:00,2025-12-22T13:54:28.847892,https://www.reddit.com/r/funny/comments/3rad2k/drake_hotline_bling_official_music_video_parody/,,,,2,drake hotline bling
reddit,drake hotline bling,drake hotline,3r85hd,phineasNferb,phineasNferb,Teacher dresses up like Drake from hotline bling video,,https://www.youtube.com/watch?v=VbQa7TC_2uA,0,,0,2015-11-02T16:26:55+00:00,2025-12-22T13:54:28.847892,https://www.reddit.com/r/funny/comments/3r85hd/teacher_dresses_up_like_drake_from_hotline_bling/,,,,2,drake hotline bling
reddit,drake hotline bling,drake hotline,3qya9f,copydis,copydis,This Teacher Is Drake From Hotline Bling For Halloween,,https://youtu.be/8oxlubgl5zU,3,,0,2015-10-31T10:28:48+00:00,2025-12-22T13:54:28.847892,https://www.reddit.com/r/funny/comments/3qya9f/this_teacher_is_drake_from_hotline_bling_for/,,,,2,drake hotline bling
reddit,drake hotline bling,drake hotline,3qquqs,_heavyv_,_heavyv_,Hotline Bling - Napolean Dynamite vs Drake [ORIGINAL],,https://www.youtube.com/watch?v=uswykWVq-ho,0,,0,2015-10-29T19:44:49+00:00,2025-12-22T13:54:28.847892,https://www.reddit.com/r/funny/comments/3qquqs/hotline_bling_napolean_dynamite_vs_drake_original/,,,,2,drake hotline bling
reddit,drake hotline bling,drake hotline,3qlqtv,Humpitt,Humpitt,And again 'Hotline Bling' Drake Videos,,https://www.youtube.com/watch?v=X6v7lKlId_g,1,,0,2015-10-28T19:45:55+00:00,2025-12-22T13:54:28.847892,https://www.reddit.com/r/funny/comments/3qlqtv/and_again_hotline_bling_drake_videos/,,,,2,drake hotline bling
reddit,drake hotline bling,drake hotline,3qd9cr,car258,car258,Hotline Grover. Drake got nuthin on Grovie!,,https://m.youtube.com/watch?v=dRdltzRiJAM,0,,0,2015-10-27T02:29:26+00:00,2025-12-22T13:54:28.847892,https://www.reddit.com/r/funny/comments/3qd9cr/hotline_grover_drake_got_nuthin_on_grovie/,,,,2,drake hotline bling
reddit,drake hotline bling,drake hotline,3q8c7q,strawberrypudding123,strawberrypudding123,drakes new hotline bling video,,https://youtu.be/hrrNEsOvShk,1,,0,2015-10-26T02:53:35+00:00,2025-12-22T13:54:28.847892,https://www.reddit.com/r/funny/comments/3q8c7q/drakes_new_hotline_bling_video/,,,,2,drake hotline bling
reddit,drake hotline bling,drake hotline,3pu3ot,TokenGuyPete,TokenGuyPete,Drake Goes Full Metal?! | Hotline Bling Remix,,https://www.youtube.com/attribution_link?a=lTgGwO8VxIg&u=%2Fwatch%3Fv%3D5-WVsMHfuL8%26feature%3Dshare,0,,0,2015-10-22T23:07:58+00:00,2025-12-22T13:54:28.847892,https://www.reddit.com/r/funny/comments/3pu3ot/drake_goes_full_metal_hotline_bling_remix/,,,,2,drake hotline bling
reddit,drake hotline bling,drake hotline,3ptf2v,tristanwingfield,tristanwingfield,I've found the winner... (Star Wars vs Drake - Hotline),,https://www.dropbox.com/s/ft4yg1177ai70qd/gforce_empire_hotline.mp4?dl=0,2,,0,2015-10-22T20:15:42+00:00,2025-12-22T13:54:28.847892,https://www.reddit.com/r/funny/comments/3ptf2v/ive_found_the_winner_star_wars_vs_drake_hotline/,,,,2,drake hotline bling
reddit,drake hotline bling,drake hotline,3po2lv,HIDEFJEFF,HIDEFJEFF,Jump In The Hotline Bling (Drake/Harry Belafonte Mashup),,https://www.youtube.com/watch?v=DvSEfQhWLuo&feature=youtu.be,0,,1,2015-10-21T18:46:23+00:00,2025-12-22T13:54:28.847892,https://www.reddit.com/r/funny/comments/3po2lv/jump_in_the_hotline_bling_drakeharry_belafonte/,,,,2,drake hotline bling
reddit,drake hotline bling,drake hotline,3pl1z5,somekidbrandon,somekidbrandon,Drake - Hotline Bling (Official Spongebob Remix),,https://www.youtube.com/watch?v=_KWs97FCvi4&feature=youtu.be,0,,0,2015-10-21T03:03:33+00:00,2025-12-22T13:54:28.847892,https://www.reddit.com/r/funny/comments/3pl1z5/drake_hotline_bling_official_spongebob_remix/,,,,2,drake hotline bling
reddit,drake hotline bling,"""drake format""",1dxi896,GameLord104,GameLord104,Half decent meme but I wanna get this format off the ground,,https://i.redd.it/vpsnb6ln04bd1.jpeg,139,,6,2024-07-07T14:48:58+00:00,2025-12-22T13:54:28.847892,https://www.reddit.com/r/memes/comments/1dxi896/half_decent_meme_but_i_wanna_get_this_format_off/,,,,2,drake hotline bling
reddit,drake hotline bling,"""drake format""",188xehv,Flashlight237,Flashlight237,Actual Advice Mallard Provides Wisdom on Meme Formats,,https://i.redd.it/0wqd2hmiqt3c1.png,36,,1,2023-12-02T06:17:14+00:00,2025-12-22T13:54:28.847892,https://www.reddit.com/r/dankmemes/comments/188xehv/actual_advice_mallard_provides_wisdom_on_meme/,,,,2,drake hotline bling
reddit,drake hotline bling,"""drake format""",188xcr4,Flashlight237,Flashlight237,Actual Advice Mallard Provides Wisdom on Meme Formats,,https://i.redd.it/a6jt9vrypt3c1.png,22,,6,2023-12-02T06:14:05+00:00,2025-12-22T13:54:28.847892,https://www.reddit.com/r/memes/comments/188xcr4/actual_advice_mallard_provides_wisdom_on_meme/,,,,2,drake hotline bling
reddit,drake hotline bling,"""drake format""",17slpk2,potato_hunter21,potato_hunter21,I love this show,,https://i.redd.it/qowdqdmt0nzb1.jpg,63,,4,2023-11-11T03:25:19+00:00,2025-12-22T13:54:28.847892,https://www.reddit.com/r/memes/comments/17slpk2/i_love_this_show/,,,,2,drake hotline bling
reddit,drake hotline bling,"""drake format""",15is2nb,Devilfisher2,Devilfisher2,You fockin' donkey (with Gordon Ramsey sound),,https://i.redd.it/dgwrw2oyp9gb1.jpg,3330,,23,2023-08-05T10:22:47+00:00,2025-12-22T13:54:28.847892,https://www.reddit.com/r/memes/comments/15is2nb/you_fockin_donkey_with_gordon_ramsey_sound/,,,,2,drake hotline bling
reddit,drake hotline bling,"""drake format""",129sl9i,The_Canadian_Beast,The_Canadian_Beast,A friend made some memes a while ago from pictures of my cats,,https://i.redd.it/6hyresfbwjra1.jpg,12,,2,2023-04-02T17:52:48+00:00,2025-12-22T13:54:28.847892,https://www.reddit.com/r/memes/comments/129sl9i/a_friend_made_some_memes_a_while_ago_from/,,,,2,drake hotline bling
reddit,drake hotline bling,"""drake format""",1240l9y,RSamant2004,RSamant2004,Bringing back the Drake format #99327,,https://i.redd.it/686aqit22eqa1.jpg,6,,3,2023-03-27T21:10:17+00:00,2025-12-22T13:54:28.847892,https://www.reddit.com/r/memes/comments/1240l9y/bringing_back_the_drake_format_99327/,,,,2,drake hotline bling
reddit,drake hotline bling,"""drake format""",11msn9t,Salty-004,Salty-004,(Insert Bad pub here),,https://i.redd.it/ebp1r73uerma1.jpg,48,,4,2023-03-09T13:48:25+00:00,2025-12-22T13:54:28.847892,https://www.reddit.com/r/memes/comments/11msn9t/insert_bad_pub_here/,,,,2,drake hotline bling
reddit,drake hotline bling,"""drake format""",z6mtgc,Callmejayfeather_,Callmejayfeather_,A new format,,https://i.redd.it/aduhh3vtvn2a1.jpg,66,,8,2022-11-28T04:34:03+00:00,2025-12-22T13:54:28.847892,https://www.reddit.com/r/memes/comments/z6mtgc/a_new_format/,,,,2,drake hotline bling
reddit,drake hotline bling,"""drake format""",y0a6oo,Lonelyshota_,Lonelyshota_,'Tis the season to be spooky! Falalalalalalalala,,https://i.redd.it/doczooo45ys91.png,97,,4,2022-10-10T09:22:51+00:00,2025-12-22T13:54:28.847892,https://www.reddit.com/r/memes/comments/y0a6oo/tis_the_season_to_be_spooky_falalalalalalalala/,,,,2,drake hotline bling
reddit,drake hotline bling,"""drake format""",x2lvk9,help_me_cant_post,help_me_cant_post,"Fun with the drake format, part 2.",,https://i.redd.it/d4ycxp9fl3l91.jpg,23,,2,2022-08-31T19:09:49+00:00,2025-12-22T13:54:28.847892,https://www.reddit.com/r/memes/comments/x2lvk9/fun_with_the_drake_format_part_2/,,,,2,drake hotline bling
reddit,drake hotline bling,"""drake format""",x2kbox,LykonWolf,LykonWolf,Angry charmander sounds,,https://i.redd.it/tilpo6o4a3l91.jpg,54,,1,2022-08-31T18:06:20+00:00,2025-12-22T13:54:28.847892,https://www.reddit.com/r/memes/comments/x2kbox/angry_charmander_sounds/,,,,2,drake hotline bling
reddit,drake hotline bling,"""drake format""",wx1g8d,help_me_cant_post,help_me_cant_post,having fun with the drake format,,https://i.redd.it/r51kcc2onrj91.jpg,18,,1,2022-08-25T01:56:40+00:00,2025-12-22T13:54:28.847892,https://www.reddit.com/r/memes/comments/wx1g8d/having_fun_with_the_drake_format/,,,,2,drake hotline bling
reddit,drake hotline bling,"""drake format""",v8ituw,Tytbh1234,Tytbh1234,"Seriously, how haven’t the drake format died yet?!",,https://i.redd.it/u7e67m6y1m491.jpg,62,,1,2022-06-09T15:04:02+00:00,2025-12-22T13:54:28.847892,https://www.reddit.com/r/dankmemes/comments/v8ituw/seriously_how_havent_the_drake_format_died_yet/,,,,2,drake hotline bling
reddit,drake hotline bling,"""drake format""",u6k211,MarioHasCookies,MarioHasCookies,Stack the Counties drake format meme,,https://i.redd.it/amol63luzbu81.jpg,9,,6,2022-04-18T18:33:26+00:00,2025-12-22T13:54:28.847892,https://www.reddit.com/r/memes/comments/u6k211/stack_the_counties_drake_format_meme/,,,,2,drake hotline bling
reddit,drake hotline bling,"""drake format""",s3fktr,myd4u,myd4u,Plan C Drake format,,https://i.redd.it/wg77uisz3kb81.jpg,46,,2,2022-01-14T01:32:02+00:00,2025-12-22T13:54:28.847892,https://www.reddit.com/r/memes/comments/s3fktr/plan_c_drake_format/,,,,2,drake hotline bling
reddit,drake hotline bling,"""drake format""",s006em,Mk7613,Mk7613,I was at work when I realized I could finally kill the drake format,,https://i.redd.it/0zdijmd1ypa81.jpg,10,,1,2022-01-09T20:05:26+00:00,2025-12-22T13:54:28.847892,https://www.reddit.com/r/dankmemes/comments/s006em/i_was_at_work_when_i_realized_i_could_finally/,,,,2,drake hotline bling
reddit,drake hotline bling,"""drake format""",r6ma81,BeingJohnZoidberg,BeingJohnZoidberg,The Drake format is dead. All hail Vizcachas.,,https://i.redd.it/ayi9obi6bz281.jpg,56,,1,2021-12-01T19:01:49+00:00,2025-12-22T13:54:28.847892,https://www.reddit.com/r/memes/comments/r6ma81/the_drake_format_is_dead_all_hail_vizcachas/,,,,2,drake hotline bling
reddit,drake hotline bling,"""drake format""",qmtycn,Atalkingpizzabox,Atalkingpizzabox,Using the drake format...,,https://i.redd.it/1nho1z0b3nx71.png,19,,7,2021-11-04T20:36:10+00:00,2025-12-22T13:54:28.847892,https://www.reddit.com/r/memes/comments/qmtycn/using_the_drake_format/,,,,2,drake hotline bling
reddit,drake hotline bling,"""drake format""",qjsa4m,qwerty_1101,qwerty_1101,"Had to bring back the OG Drake Format. I gotta beat my record of 2 days this year , goodluck boys.",,https://i.redd.it/e34wg1en4tw71.jpg,24,,1,2021-10-31T15:49:44+00:00,2025-12-22T13:54:28.847892,https://www.reddit.com/r/memes/comments/qjsa4m/had_to_bring_back_the_og_drake_format_i_gotta/,,,,2,drake hotline bling
reddit,drake hotline bling,"""drake format""",qjkua9,JewJewKinks,JewJewKinks,How the turns have tabled anti-drake format supporters!!,,https://i.redd.it/9f8jf98csqw71.jpg,22,,0,2021-10-31T07:57:10+00:00,2025-12-22T13:54:28.847892,https://www.reddit.com/r/memes/comments/qjkua9/how_the_turns_have_tabled_antidrake_format/,,,,2,drake hotline bling
reddit,drake hotline bling,"""drake format""",q0cd8x,JesseKarma,JesseKarma,I made a Chucky meme in Drake format,,https://i.redd.it/280mm2thk6r71.jpg,24,,2,2021-10-03T06:36:54+00:00,2025-12-22T13:54:28.847892,https://www.reddit.com/r/memes/comments/q0cd8x/i_made_a_chucky_meme_in_drake_format/,,,,2,drake hotline bling
reddit,drake hotline bling,"""drake format""",pxw7hf,theoden747,theoden747,Make meme with Tintin format is better than Drake format.,,https://i.redd.it/sc4i8abn9gq71.jpg,81,,2,2021-09-29T14:11:51+00:00,2025-12-22T13:54:28.847892,https://www.reddit.com/r/memes/comments/pxw7hf/make_meme_with_tintin_format_is_better_than_drake/,,,,2,drake hotline bling
reddit,drake hotline bling,"""drake format""",pgta57,ParkBarrington360,ParkBarrington360,"The Drake format, but it’s the “Retribution 1%” version",,https://i.redd.it/ygnthnyuc6l71.jpg,16,,0,2021-09-02T23:29:19+00:00,2025-12-22T13:54:28.847892,https://www.reddit.com/r/memes/comments/pgta57/the_drake_format_but_its_the_retribution_1_version/,,,,2,drake hotline bling
reddit,drake hotline bling,"""drake format""",ozu14f,Dick_reaper,Dick_reaper,Drake format is still alive,,https://i.redd.it/033c5sy62yf71.png,32,,2,2021-08-07T14:15:02+00:00,2025-12-22T13:54:28.847892,https://www.reddit.com/r/memes/comments/ozu14f/drake_format_is_still_alive/,,,,2,drake hotline bling
reddit,drake hotline bling,"""drake format""",oqj8iq,IttHertzWhenIP,IttHertzWhenIP,These pics of my cat were too perfect to not use in the drake format,,https://i.redd.it/do1dvedd83d71.jpg,29,,2,2021-07-24T04:47:20+00:00,2025-12-22T13:54:28.847892,https://www.reddit.com/r/memes/comments/oqj8iq/these_pics_of_my_cat_were_too_perfect_to_not_use/,,,,2,drake hotline bling
reddit,drake hotline bling,"""drake format""",oqatxj,_what_the_shirt_,_what_the_shirt_,New Drake format,,https://i.redd.it/5bopfuulv0d71.jpg,215,,10,2021-07-23T20:30:37+00:00,2025-12-22T13:54:28.847892,https://www.reddit.com/r/memes/comments/oqatxj/new_drake_format/,,,,2,drake hotline bling
reddit,drake hotline bling,"""drake format""",nupkf4,Aleoggen,Aleoggen,"Found an alternate drake format, and used it.",,https://i.redd.it/v9tkxkef7x371.jpg,54,,1,2021-06-07T22:32:32+00:00,2025-12-22T13:54:28.847892,https://www.reddit.com/r/dankmemes/comments/nupkf4/found_an_alternate_drake_format_and_used_it/,,,,2,drake hotline bling
reddit,drake hotline bling,"""drake format""",nsu9g6,Hectoris919,Hectoris919,Accidentally made a Drake format while messing around with Face Depixelizer,,https://i.redd.it/0nz5peb5tf371.png,40,,0,2021-06-05T12:03:04+00:00,2025-12-22T13:54:28.847892,https://www.reddit.com/r/memes/comments/nsu9g6/accidentally_made_a_drake_format_while_messing/,,,,2,drake hotline bling
reddit,drake hotline bling,"""drake format""",ns1349,Senketsu_Coffee,Senketsu_Coffee,"I re-made the drake format in reverse, hope you guys like it!",,https://i.redd.it/mzomj6z2y7371.jpg,56,,13,2021-06-04T09:35:37+00:00,2025-12-22T13:54:28.847892,https://www.reddit.com/r/memes/comments/ns1349/i_remade_the_drake_format_in_reverse_hope_you/,,,,2,drake hotline bling
reddit,drake hotline bling,"""drake format""",nryiz3,yeetmemer4life,yeetmemer4life,John Cena format>Drake format,,https://i.redd.it/kelpxflj27371.jpg,1055,,13,2021-06-04T06:38:50+00:00,2025-12-22T13:54:28.847892,https://www.reddit.com/r/memes/comments/nryiz3/john_cena_formatdrake_format/,,,,2,drake hotline bling
reddit,drake hotline bling,"""drake format""",nkt2dk,GREEKGEEK18,GREEKGEEK18,Using drake format like a boss,,https://i.redd.it/7lxx0zyrga171.jpg,32,,3,2021-05-25T15:55:56+00:00,2025-12-22T13:54:28.847892,https://www.reddit.com/r/memes/comments/nkt2dk/using_drake_format_like_a_boss/,,,,2,drake hotline bling
reddit,drake hotline bling,"""drake format""",n4wvgv,Anarch-ish,Anarch-ish,"Ahh, the good old days... New take on the drake format. *I* made it but it's *ours* now.",,https://i.redd.it/305vbdktu5x61.jpg,68,,9,2021-05-04T20:09:04+00:00,2025-12-22T13:54:28.847892,https://www.reddit.com/r/memes/comments/n4wvgv/ahh_the_good_old_days_new_take_on_the_drake/,,,,2,drake hotline bling
reddit,drake hotline bling,"""drake format""",mygu2l,ThatOneBrokenPixel,ThatOneBrokenPixel,Drake format for the win,,https://i.redd.it/g29tclj1qdv61.jpg,21,,8,2021-04-25T20:28:09+00:00,2025-12-22T13:54:28.847892,https://www.reddit.com/r/memes/comments/mygu2l/drake_format_for_the_win/,,,,2,drake hotline bling
reddit,drake hotline bling,"""drake format""",mls112,JoshyFresh21,JoshyFresh21,Drake format = cringe,,https://i.redd.it/v4rp210qvnr61.jpg,27,,2,2021-04-07T02:21:17+00:00,2025-12-22T13:54:28.847892,https://www.reddit.com/r/dankmemes/comments/mls112/drake_format_cringe/,,,,2,drake hotline bling
reddit,drake hotline bling,"""drake format""",mls0tu,JoshyFresh21,JoshyFresh21,Drake format = cringe,,https://i.redd.it/latqdi0ovnr61.jpg,35,,4,2021-04-07T02:20:58+00:00,2025-12-22T13:54:28.847892,https://www.reddit.com/r/memes/comments/mls0tu/drake_format_cringe/,,,,2,drake hotline bling
reddit,drake hotline bling,"""drake format""",mfs93s,idkwhattowastaken,idkwhattowastaken,Trollge Drake Format,,https://i.redd.it/jc6s76jdlzp61.jpg,429,,7,2021-03-29T15:38:21+00:00,2025-12-22T13:54:28.847892,https://www.reddit.com/r/dankmemes/comments/mfs93s/trollge_drake_format/,,,,2,drake hotline bling
reddit,drake hotline bling,"""drake format""",meo0i9,Alexmanisthebestboy,Alexmanisthebestboy,Use the drake format? Nah we bout a use the shrek format,,https://i.redd.it/brth8zajanp61.jpg,43,,1,2021-03-27T22:14:16+00:00,2025-12-22T13:54:28.847892,https://www.reddit.com/r/memes/comments/meo0i9/use_the_drake_format_nah_we_bout_a_use_the_shrek/,,,,2,drake hotline bling
reddit,drake hotline bling,"""drake format""",lw1j4x,ElementalCrust,ElementalCrust,Macau busses used the drake format,,https://i.redd.it/3w4fotbz5mk61.jpg,537,,4,2021-03-02T13:06:17+00:00,2025-12-22T13:54:28.847892,https://www.reddit.com/r/memes/comments/lw1j4x/macau_busses_used_the_drake_format/,,,,2,drake hotline bling
reddit,drake hotline bling,"""drake format""",lg4m1t,TP4297,TP4297,My first meme . I am not good at this and I didn't want to use the drake format so ehhh .,,https://i.redd.it/mao6b2szqgg61.jpg,4317,,105,2021-02-09T14:36:51+00:00,2025-12-22T13:54:28.847892,https://www.reddit.com/r/memes/comments/lg4m1t/my_first_meme_i_am_not_good_at_this_and_i_didnt/,,,,2,drake hotline bling
reddit,drake hotline bling,"""drake format""",lf3y3s,ninjx1,ninjx1,Does Anyone still Use The OG Drake Format Or Just Bad Versions?,,https://i.redd.it/qxdqfpl2l6g61.jpg,31,,5,2021-02-08T04:26:01+00:00,2025-12-22T13:54:28.847892,https://www.reddit.com/r/memes/comments/lf3y3s/does_anyone_still_use_the_og_drake_format_or_just/,,,,2,drake hotline bling
reddit,drake hotline bling,"""drake format""",ldtrcr,xxNoobKiller2000xx,xxNoobKiller2000xx,I know drake format is kinda old,,https://v.redd.it/udhluqu2rtf61,113,,9,2021-02-06T09:16:41+00:00,2025-12-22T13:54:28.847892,https://www.reddit.com/r/memes/comments/ldtrcr/i_know_drake_format_is_kinda_old/,,,,2,drake hotline bling
reddit,drake hotline bling,"""drake format""",ldrw7o,PROblem817,PROblem817,oh no theyre not gonna use the drake format what am i going to do,,https://i.redd.it/hbqnoc4m0tf61.jpg,37,,3,2021-02-06T06:48:00+00:00,2025-12-22T13:54:28.847892,https://www.reddit.com/r/memes/comments/ldrw7o/oh_no_theyre_not_gonna_use_the_drake_format_what/,,,,2,drake hotline bling
reddit,drake hotline bling,"""drake format""",ldocg1,Mythip_740,Mythip_740,Drake format da best,,https://i.redd.it/89utfcgtvrf61.jpg,16,,0,2021-02-06T02:59:20+00:00,2025-12-22T13:54:28.847892,https://www.reddit.com/r/memes/comments/ldocg1/drake_format_da_best/,,,,2,drake hotline bling
reddit,drake hotline bling,"""drake format""",lb082d,xXStarShellyXx,xXStarShellyXx,Or the using the drake format. Using my xy cause he/she is xy,,https://i.redd.it/d87o90z8g3f61.jpg,34,,2,2021-02-02T16:49:21+00:00,2025-12-22T13:54:28.847892,https://www.reddit.com/r/memes/comments/lb082d/or_the_using_the_drake_format_using_my_xy_cause/,,,,2,drake hotline bling
reddit,drake hotline bling,"""drake format""",l2qb9g,ZeBunkelfeesh,ZeBunkelfeesh,"ha, imagine using drake format",,https://i.redd.it/i5rfce8rmwc61.jpg,63,,2,2021-01-22T15:46:00+00:00,2025-12-22T13:54:28.847892,https://www.reddit.com/r/memes/comments/l2qb9g/ha_imagine_using_drake_format/,,,,2,drake hotline bling
reddit,drake hotline bling,"""drake format""",l1rics,Facundocs,Facundocs,Yee yee ass Drake format,,https://i.redd.it/d1v74lw4bmc61.jpg,25,,0,2021-01-21T05:02:08+00:00,2025-12-22T13:54:28.847892,https://www.reddit.com/r/memes/comments/l1rics/yee_yee_ass_drake_format/,,,,2,drake hotline bling
reddit,drake hotline bling,"""drake format""",kwskbe,Snufalufagus613,Snufalufagus613,"I had to explain the drake format to my grandma, this was my example.",,https://i.redd.it/qxelu90lm6b61.jpg,149,,9,2021-01-13T23:13:37+00:00,2025-12-22T13:54:28.847892,https://www.reddit.com/r/memes/comments/kwskbe/i_had_to_explain_the_drake_format_to_my_grandma/,,,,2,drake hotline bling
reddit,drake hotline bling,"""drake format""",kvd2xg,ArkhamNightwing52,ArkhamNightwing52,"Fuck the Drake format, all my homies use the Nightwing format.",,https://i.redd.it/5weoqao3yra61.jpg,24,,2,2021-01-11T21:51:28+00:00,2025-12-22T13:54:28.847892,https://www.reddit.com/r/memes/comments/kvd2xg/fuck_the_drake_format_all_my_homies_use_the/,,,,2,drake hotline bling
reddit,drake hotline bling,"""drake format""",ksa7w4,petrvalasek,petrvalasek,Drake format is for noobs,,https://i.redd.it/k80ek62duv961.png,25,,2,2021-01-07T09:54:05+00:00,2025-12-22T13:54:28.847892,https://www.reddit.com/r/memes/comments/ksa7w4/drake_format_is_for_noobs/,,,,2,drake hotline bling
reddit,drake hotline bling,"""drake format""",k7kd5r,Jumpie,Jumpie,A new Drake format for all the physics nerds,,https://i.redd.it/iuc7t4oe1h361.jpg,27,,2,2020-12-06T01:41:27+00:00,2025-12-22T13:54:28.847892,https://www.reddit.com/r/memes/comments/k7kd5r/a_new_drake_format_for_all_the_physics_nerds/,,,,2,drake hotline bling
reddit,drake hotline bling,"""drake format""",k3gc0w,Harshith77,Harshith77,Who uses drake format in 2020 right?,,https://i.redd.it/ivtv1hl7l8261.jpg,51,,1,2020-11-29T20:12:19+00:00,2025-12-22T13:54:28.847892,https://www.reddit.com/r/memes/comments/k3gc0w/who_uses_drake_format_in_2020_right/,,,,2,drake hotline bling
reddit,drake hotline bling,"""drake format""",k0257f,-D-E-W-,-D-E-W-,"The ""Drake"" Format is gering out of hand",,https://i.redd.it/l5pykphkt5161.jpg,28,,3,2020-11-24T09:49:39+00:00,2025-12-22T13:54:28.847892,https://www.reddit.com/r/dankmemes/comments/k0257f/the_drake_format_is_gering_out_of_hand/,,,,2,drake hotline bling
reddit,drake hotline bling,"""drake format""",jx6g90,I_Love_Rias_Gremory_,I_Love_Rias_Gremory_,This is supposed to be the drake format,,https://i.redd.it/yp0elf2s98061.png,14,,2,2020-11-19T17:00:16+00:00,2025-12-22T13:54:28.847892,https://www.reddit.com/r/dankmemes/comments/jx6g90/this_is_supposed_to_be_the_drake_format/,,,,2,drake hotline bling
reddit,drake hotline bling,"""drake format""",jknqu9,yogibatsy,yogibatsy,Drake format never ends,,https://i.redd.it/63ygd4m505w51.jpg,31,,4,2020-10-30T01:44:07+00:00,2025-12-22T13:54:28.847892,https://www.reddit.com/r/memes/comments/jknqu9/drake_format_never_ends/,,,,2,drake hotline bling
reddit,drake hotline bling,"""drake format""",jjkkqw,ShinigamiDady,ShinigamiDady,The Drake format needs to be replaced.,,https://i.imgur.com/HTLyxvm.jpg,58,,5,2020-10-28T09:24:54+00:00,2025-12-22T13:54:28.847892,https://www.reddit.com/r/memes/comments/jjkkqw/the_drake_format_needs_to_be_replaced/,,,,2,drake hotline bling
reddit,drake hotline bling,"""drake format""",jb5reo,MyHeroFan2004,MyHeroFan2004,Why use drake format,,https://i.redd.it/pva7pxumm3t51.jpg,32,,1,2020-10-14T17:54:09+00:00,2025-12-22T13:54:28.847892,https://www.reddit.com/r/memes/comments/jb5reo/why_use_drake_format/,,,,2,drake hotline bling
reddit,drake hotline bling,"""drake format""",j2s7bd,knanshon,knanshon,The Self-Referential Drake Format meme,,https://i.redd.it/u2o66w730cq51.png,21,,9,2020-09-30T18:51:25+00:00,2025-12-22T13:54:28.847892,https://www.reddit.com/r/memes/comments/j2s7bd/the_selfreferential_drake_format_meme/,,,,2,drake hotline bling
reddit,drake hotline bling,"""drake format""",j1nfnz,Yoli_Beatz,Yoli_Beatz,Drake format < this new Woody format,,https://i.redd.it/gemr56as2zp51.jpg,23,,1,2020-09-28T23:23:21+00:00,2025-12-22T13:54:28.847892,https://www.reddit.com/r/memes/comments/j1nfnz/drake_format_this_new_woody_format/,,,,2,drake hotline bling
reddit,drake hotline bling,"""drake format""",ixvlzb,ConcreteD0NK3Y,ConcreteD0NK3Y,Or you can still use the drake format (sus),,https://i.redd.it/n84nwnpbero51.jpg,28,,0,2020-09-22T20:29:40+00:00,2025-12-22T13:54:28.847892,https://www.reddit.com/r/memes/comments/ixvlzb/or_you_can_still_use_the_drake_format_sus/,,,,2,drake hotline bling
reddit,drake hotline bling,"""drake format""",iwrt18,FLYWORM7,FLYWORM7,Trying to bring back the drake format cuz why not,,https://i.redd.it/066rdqqzweo51.jpg,32,,6,2020-09-21T02:31:10+00:00,2025-12-22T13:54:28.847892,https://www.reddit.com/r/memes/comments/iwrt18/trying_to_bring_back_the_drake_format_cuz_why_not/,,,,2,drake hotline bling
reddit,drake hotline bling,"""drake format""",is8yim,Todorokigod,Todorokigod,Using a different format besides the drake format be like:,,https://i.redd.it/13h4fe0syzm51.jpg,27,,7,2020-09-13T23:10:17+00:00,2025-12-22T13:54:28.847892,https://www.reddit.com/r/memes/comments/is8yim/using_a_different_format_besides_the_drake_format/,,,,2,drake hotline bling
reddit,drake hotline bling,"""drake format""",ipdr24,SomaticApollo,SomaticApollo,new drake formats are boring,,https://i.redd.it/hfamhoxzs3m51.jpg,51,,2,2020-09-09T11:00:58+00:00,2025-12-22T13:54:28.847892,https://www.reddit.com/r/memes/comments/ipdr24/new_drake_formats_are_boring/,,,,2,drake hotline bling
reddit,drake hotline bling,"""drake format""",iki1r1,SUSTOT,SUSTOT,Just an overused Drake format...,,https://i.redd.it/rvzc6pv9nik51.jpg,27,,6,2020-09-01T10:48:05+00:00,2025-12-22T13:54:28.847892,https://www.reddit.com/r/memes/comments/iki1r1/just_an_overused_drake_format/,,,,2,drake hotline bling
reddit,drake hotline bling,"""drake format""",iibe7z,IntrovertedMiner,IntrovertedMiner,Another use for the Drake format,,https://i.redd.it/bm6pkhp33sj51.jpg,29,,1,2020-08-28T17:27:52+00:00,2025-12-22T13:54:28.847892,https://www.reddit.com/r/memes/comments/iibe7z/another_use_for_the_drake_format/,,,,2,drake hotline bling
reddit,drake hotline bling,"""drake format""",i8wr3m,Cognitive_Spoon,Cognitive_Spoon,Drake format idk I'm a bird,,https://i.imgur.com/AZGgIaG.png,22,,1,2020-08-13T09:23:31+00:00,2025-12-22T13:54:28.847892,https://www.reddit.com/r/memes/comments/i8wr3m/drake_format_idk_im_a_bird/,,,,2,drake hotline bling
reddit,drake hotline bling,"""drake format""",i6yhh3,ImaTakeUrStuff,ImaTakeUrStuff,Haha drake format go brrr,,https://i.redd.it/h3cv1v4ev3g51.jpg,26,,23,2020-08-10T04:49:29+00:00,2025-12-22T13:54:28.847892,https://www.reddit.com/r/memes/comments/i6yhh3/haha_drake_format_go_brrr/,,,,2,drake hotline bling
reddit,drake hotline bling,"""drake format""",i58a1m,aaravvashi,aaravvashi,We can't let the drake format die,,https://i.redd.it/ekbrx258qif51.jpg,34,,2,2020-08-07T05:43:10+00:00,2025-12-22T13:54:28.847892,https://www.reddit.com/r/memes/comments/i58a1m/we_cant_let_the_drake_format_die/,,,,2,drake hotline bling
reddit,drake hotline bling,"""drake format""",i3p6ys,mrmememan08,mrmememan08,lets bring back the original drake format,,https://i.redd.it/p0vxmdes71f51.jpg,18,,6,2020-08-04T18:50:00+00:00,2025-12-22T13:54:28.847892,https://www.reddit.com/r/memes/comments/i3p6ys/lets_bring_back_the_original_drake_format/,,,,2,drake hotline bling
reddit,drake hotline bling,"""drake format""",i1ra3v,Dude-Oh-Duuuuuude,Dude-Oh-Duuuuuude,Haha Drake format,,https://i.redd.it/qeyr8bgxude51.jpg,15,,0,2020-08-01T12:16:27+00:00,2025-12-22T13:54:28.847892,https://www.reddit.com/r/memes/comments/i1ra3v/haha_drake_format/,,,,2,drake hotline bling
reddit,drake hotline bling,"""drake format""",i0jg0i,NotReallyDaBest,NotReallyDaBest,Haha new drake format go BRRRRRRR,,https://i.redd.it/22yyea9oxyd51.jpg,42,,0,2020-07-30T10:05:07+00:00,2025-12-22T13:54:28.847892,https://www.reddit.com/r/memes/comments/i0jg0i/haha_new_drake_format_go_brrrrrrr/,,,,2,drake hotline bling
reddit,drake hotline bling,"""drake format""",hy8crp,buddythekweh1,buddythekweh1,This drake format is getting old.,,https://i.redd.it/ya6zq02yt7d51.jpg,23,,1,2020-07-26T15:00:22+00:00,2025-12-22T13:54:28.847892,https://www.reddit.com/r/memes/comments/hy8crp/this_drake_format_is_getting_old/,,,,2,drake hotline bling
reddit,drake hotline bling,"""drake format""",htrirj,N-I-T-R-O,N-I-T-R-O,Im sick of the Drake format Im sorry,,https://i.redd.it/wvvmq4qkmpb51.jpg,44,,7,2020-07-19T00:38:59+00:00,2025-12-22T13:54:28.847892,https://www.reddit.com/r/memes/comments/htrirj/im_sick_of_the_drake_format_im_sorry/,,,,2,drake hotline bling
reddit,drake hotline bling,"""drake format""",hsd2xd,mjdree,mjdree,When the subreddit wants new format but you just recreate the Drake format from your video,,https://i.redd.it/tf27ltv909b51.jpg,18,,5,2020-07-16T16:45:06+00:00,2025-12-22T13:54:28.847892,https://www.reddit.com/r/dankmemes/comments/hsd2xd/when_the_subreddit_wants_new_format_but_you_just/,,,,2,drake hotline bling
reddit,drake hotline bling,"""drake format""",hs4ziq,Nafall1,Nafall1,"""Using drake format""",,https://i.redd.it/tbc6mazz36b51.png,26,,1,2020-07-16T07:00:38+00:00,2025-12-22T13:54:28.847892,https://www.reddit.com/r/dankmemes/comments/hs4ziq/using_drake_format/,,,,2,drake hotline bling
reddit,drake hotline bling,"""drake format""",hr1f6d,chenyaoxue,chenyaoxue,Using Drake format X Using my dog ✓,,https://i.redd.it/70slki9cqta51.png,19,,4,2020-07-14T13:22:41+00:00,2025-12-22T13:54:28.847892,https://www.reddit.com/r/dankmemes/comments/hr1f6d/using_drake_format_x_using_my_dog/,,,,2,drake hotline bling
reddit,drake hotline bling,"""drake format""",hpokbr,bigboy_danydivito,bigboy_danydivito,Drake format,,https://i.redd.it/amjq6vybvca51.jpg,36,,3,2020-07-12T04:40:23+00:00,2025-12-22T13:54:28.847892,https://www.reddit.com/r/memes/comments/hpokbr/drake_format/,,,,2,drake hotline bling
reddit,drake hotline bling,"""drake format""",hnejts,ThiccyThiccman,ThiccyThiccman,New drake format?,,https://i.redd.it/j48q69t80m951.jpg,26,,2,2020-07-08T10:19:50+00:00,2025-12-22T13:54:28.847892,https://www.reddit.com/r/memes/comments/hnejts/new_drake_format/,,,,2,drake hotline bling
reddit,drake hotline bling,"""drake format""",hn1pef,Grandpa_Warshawski,Grandpa_Warshawski,"the Drake format is outdated, Lets change it up!",,https://i.redd.it/lkyzwn9aph951.jpg,32,,2,2020-07-07T19:51:16+00:00,2025-12-22T13:54:28.847892,https://www.reddit.com/r/memes/comments/hn1pef/the_drake_format_is_outdated_lets_change_it_up/,,,,2,drake hotline bling
reddit,drake hotline bling,"""drake format""",hkbyjm,Neondarthal,Neondarthal,Drake format really became an artifact,,https://i.redd.it/ot8v04h8ck851.jpg,29,,2,2020-07-03T03:39:27+00:00,2025-12-22T13:54:28.847892,https://www.reddit.com/r/memes/comments/hkbyjm/drake_format_really_became_an_artifact/,,,,2,drake hotline bling
reddit,drake hotline bling,"""drake format""",hk04wd,ThunderStorm14-YT,ThunderStorm14-YT,My cat > Drake format,,https://i.redd.it/761du5i40h851.jpg,33,,6,2020-07-02T16:26:07+00:00,2025-12-22T13:54:28.847892,https://www.reddit.com/r/memes/comments/hk04wd/my_cat_drake_format/,,,,2,drake hotline bling
reddit,drake hotline bling,"""drake format""",hi3mha,rohnytest,rohnytest,A fine addition to the Drake format.,,https://i.redd.it/1vurlu7yqv751.jpg,112,,3,2020-06-29T16:57:17+00:00,2025-12-22T13:54:28.847892,https://www.reddit.com/r/memes/comments/hi3mha/a_fine_addition_to_the_drake_format/,,,,2,drake hotline bling
reddit,drake hotline bling,"""drake format""",hhp8ek,SuB2PewDIep1e,SuB2PewDIep1e,drake format = best format,,https://i.redd.it/72jyjpj5oq751.png,42,,3,2020-06-28T23:52:44+00:00,2025-12-22T13:54:28.847892,https://www.reddit.com/r/memes/comments/hhp8ek/drake_format_best_format/,,,,2,drake hotline bling
reddit,drake hotline bling,"""drake format""",hdn8mu,RachitsReddit,RachitsReddit,Will the Drake format ever die?,,https://i.redd.it/8pqzdhnfte651.jpg,22,,4,2020-06-22T06:56:46+00:00,2025-12-22T13:54:28.847892,https://www.reddit.com/r/memes/comments/hdn8mu/will_the_drake_format_ever_die/,,,,2,drake hotline bling
reddit,drake hotline bling,"""drake format""",h0l9fj,Shadow41S,Shadow41S,Sorry about the outdated Drake format.,,https://i.redd.it/odrkf67zm5451.jpg,39,,10,2020-06-10T21:56:17+00:00,2025-12-22T13:54:28.847892,https://www.reddit.com/r/memes/comments/h0l9fj/sorry_about_the_outdated_drake_format/,,,,2,drake hotline bling
reddit,drake hotline bling,"""drake format""",gzw6g9,flix__flex,flix__flex,Drake format old,,https://i.redd.it/9jahu5hr8y351.png,24,,12,2020-06-09T21:04:50+00:00,2025-12-22T13:54:28.847892,https://www.reddit.com/r/memes/comments/gzw6g9/drake_format_old/,,,,2,drake hotline bling
reddit,drake hotline bling,"""drake format""",gynj4n,Sov_2005,Sov_2005,A non Drake format,,https://i.redd.it/nt0t5gwyqk351.jpg,46,,3,2020-06-07T23:41:21+00:00,2025-12-22T13:54:28.847892,https://www.reddit.com/r/memes/comments/gynj4n/a_non_drake_format/,,,,2,drake hotline bling
reddit,drake hotline bling,"""drake format""",gw8o9w,Axel_Rad,Axel_Rad,Drake format is very flexible,,https://i.redd.it/yyxfvdig4t251.jpg,60,,17,2020-06-04T02:47:00+00:00,2025-12-22T13:54:28.847892,https://www.reddit.com/r/memes/comments/gw8o9w/drake_format_is_very_flexible/,,,,2,drake hotline bling
reddit,drake hotline bling,"""drake format""",guws28,potato-knishes,potato-knishes,"THAT’S RIGHT, THE ORIGINAL DRAKE FORMAT. FIGHT ME!",,https://i.redd.it/1ta4uiid6e251.jpg,22,,1,2020-06-02T00:30:59+00:00,2025-12-22T13:54:28.847892,https://www.reddit.com/r/memes/comments/guws28/thats_right_the_original_drake_format_fight_me/,,,,2,drake hotline bling
reddit,drake hotline bling,"""drake format""",gsnzpj,a-pen,a-pen,Imagine using the drake format lmao,,https://i.redd.it/c4vqjwygln151.jpg,18,,2,2020-05-29T07:07:30+00:00,2025-12-22T13:54:28.847892,https://www.reddit.com/r/memes/comments/gsnzpj/imagine_using_the_drake_format_lmao/,,,,2,drake hotline bling
reddit,drake hotline bling,"""drake format""",gm9s0n,welcome_matt1,welcome_matt1,Drake format is superior,,https://i.redd.it/q9p4jug05lz41.jpg,22,,1,2020-05-18T20:43:26+00:00,2025-12-22T13:54:28.847892,https://www.reddit.com/r/memes/comments/gm9s0n/drake_format_is_superior/,,,,2,drake hotline bling
reddit,drake hotline bling,"""drake format""",gk7jmr,alfiethatcher42,alfiethatcher42,I miss the drake format,,https://i.redd.it/ol070dyg1xy41.jpg,104,,5,2020-05-15T11:40:49+00:00,2025-12-22T13:54:28.847892,https://www.reddit.com/r/memes/comments/gk7jmr/i_miss_the_drake_format/,,,,2,drake hotline bling
reddit,drake hotline bling,"""drake format""",gk04rs,memes_from_China,memes_from_China,I know that the Drake format is really overused,,https://i.redd.it/cdgv98cf4uy41.png,33,,2,2020-05-15T01:52:02+00:00,2025-12-22T13:54:28.847892,https://www.reddit.com/r/dankmemes/comments/gk04rs/i_know_that_the_drake_format_is_really_overused/,,,,2,drake hotline bling
reddit,drake hotline bling,"""drake format""",gi8try,Nummero2,Nummero2,The new Drake format,,https://i.redd.it/8oplylf6cby41.jpg,86,,10,2020-05-12T10:41:38+00:00,2025-12-22T13:54:28.847892,https://www.reddit.com/r/memes/comments/gi8try/the_new_drake_format/,,,,2,drake hotline bling
reddit,drake hotline bling,"""drake format""",gb43d2,afk_runner,afk_runner,drake format is dead. long live the new king,,https://i.redd.it/im0yyotqq0w41.jpg,47,,8,2020-04-30T20:56:23+00:00,2025-12-22T13:54:28.847892,https://www.reddit.com/r/memes/comments/gb43d2/drake_format_is_dead_long_live_the_new_king/,,,,2,drake hotline bling
reddit,drake hotline bling,"""drake format""",g1mnn2,RickKruat,RickKruat,who uses drake format anyway,,https://i.redd.it/f4u73difgxs41.jpg,41,,6,2020-04-15T06:40:07+00:00,2025-12-22T13:54:28.847892,https://www.reddit.com/r/memes/comments/g1mnn2/who_uses_drake_format_anyway/,,,,2,drake hotline bling
reddit,drake hotline bling,"""drake format""",fxus4k,g_wazowski,g_wazowski,The drake format is the true immortal meme,,https://i.redd.it/lcke8ma0dtr41.jpg,26,,10,2020-04-09T15:49:25+00:00,2025-12-22T13:54:28.847892,https://www.reddit.com/r/dankmemes/comments/fxus4k/the_drake_format_is_the_true_immortal_meme/,,,,2,drake hotline bling
reddit,drake hotline bling,"""drake format""",fwqie4,tosterbath420,tosterbath420,Using drake format: hekk no. Using my dog: hekk yaa,,https://i.redd.it/yxdljkgl2gr41.png,20,,2,2020-04-07T19:07:55+00:00,2025-12-22T13:54:28.847892,https://www.reddit.com/r/memes/comments/fwqie4/using_drake_format_hekk_no_using_my_dog_hekk_yaa/,,,,2,drake hotline bling
reddit,drake hotline bling,"""drake format""",frhgt7,drewwhis,drewwhis,ACNH Drake Format,,https://i.redd.it/sd9jso06opp41.jpg,28,,4,2020-03-30T01:16:33+00:00,2025-12-22T13:54:28.847892,https://www.reddit.com/r/memes/comments/frhgt7/acnh_drake_format/,,,,2,drake hotline bling
reddit,distracted boyfriend,"""distracted boyfriend""",1mifmlp,19Sleestak66,19Sleestak66,Found the original Distracted Boyfriend (postcard from early 1900s),,https://i.redd.it/sqj2k880l8hf1.jpeg,16,,1,2025-08-05T17:32:38+00:00,2025-12-22T13:54:28.847892,https://www.reddit.com/r/memes/comments/1mifmlp/found_the_original_distracted_boyfriend_postcard/,,,,1,distracted boyfriend
reddit,distracted boyfriend,"""distracted boyfriend""",1fzut47,RCSS1998,RCSS1998,Distracted Boyfriend and an Atlas Guard from COD AW (2014),,https://i.redd.it/woslc0ii6rtd1.jpeg,2,,1,2024-10-09T15:57:12+00:00,2025-12-22T13:54:28.847892,https://www.reddit.com/r/memes/comments/1fzut47/distracted_boyfriend_and_an_atlas_guard_from_cod/,,,,1,distracted boyfriend
reddit,distracted boyfriend,"""distracted boyfriend""",1dhsw3b,blu_bewwy,blu_bewwy,Why is there a meme reference in inside out 2 😭😭😭,,https://i.redd.it/4owwv9tua37d1.png,486,,27,2024-06-17T08:07:50+00:00,2025-12-22T13:54:28.847892,https://www.reddit.com/r/memes/comments/1dhsw3b/why_is_there_a_meme_reference_in_inside_out_2/,,,,1,distracted boyfriend
reddit,distracted boyfriend,"""distracted boyfriend""",1ddrwa3,rjwut,rjwut,"We need a better ""Distracted Boyfriend"" meme",,https://i.redd.it/3ukdzyqix06d1.png,103,,18,2024-06-11T23:05:28+00:00,2025-12-22T13:54:28.847892,https://www.reddit.com/r/memes/comments/1ddrwa3/we_need_a_better_distracted_boyfriend_meme/,,,,1,distracted boyfriend
reddit,distracted boyfriend,"""distracted boyfriend""",12e4uvh,Civilwarrio,Civilwarrio,"Distracted Boyfriend Meme, GIF - Share with Memix",,https://media.memix.com/memix-distracted-boyfriend.jpeg?text=Staying%20awake%0AMe%0AMy%20parents%20trying%20to%20make%20me%20sleep,4,,3,2023-04-07T01:21:12+00:00,2025-12-22T13:54:28.847892,https://www.reddit.com/r/memes/comments/12e4uvh/distracted_boyfriend_meme_gif_share_with_memix/,,,,1,distracted boyfriend
reddit,distracted boyfriend,"""distracted boyfriend""",1198a4p,TwistboatEthane,TwistboatEthane,when distracted boyfriend becomes distracted husband,,https://i.redd.it/3a1d8s0zgsja1.jpg,47,,4,2023-02-22T19:10:44+00:00,2025-12-22T13:54:28.847892,https://www.reddit.com/r/memes/comments/1198a4p/when_distracted_boyfriend_becomes_distracted/,,,,1,distracted boyfriend
reddit,distracted boyfriend,"""distracted boyfriend""",10qy9nx,FrankieGS,FrankieGS,"Same stuff, different era",,https://i.redd.it/xavpc12t5nfa1.jpg,218,,5,2023-02-01T16:01:45+00:00,2025-12-22T13:54:28.847892,https://www.reddit.com/r/memes/comments/10qy9nx/same_stuff_different_era/,,,,1,distracted boyfriend
reddit,distracted boyfriend,"""distracted boyfriend""",y8mp1s,DuoDemoIi,DuoDemoIi,It's the Gift That Keeps on Giving,,https://i.redd.it/aftu114vnvu91.png,54,,1,2022-10-20T03:12:16+00:00,2025-12-22T13:54:28.847892,https://www.reddit.com/r/memes/comments/y8mp1s/its_the_gift_that_keeps_on_giving/,,,,1,distracted boyfriend
reddit,distracted boyfriend,"""distracted boyfriend""",y8motw,DuoDemoIi,DuoDemoIi,It's the Gift That Keeps on Giving,,https://i.redd.it/btkm2wmwnvu91.png,45,,7,2022-10-20T03:12:01+00:00,2025-12-22T13:54:28.847892,https://www.reddit.com/r/dankmemes/comments/y8motw/its_the_gift_that_keeps_on_giving/,,,,1,distracted boyfriend
reddit,distracted boyfriend,"""distracted boyfriend""",y4uaej,levine2112,levine2112,The Complete Saga of Distracted Boyfriend,,https://i.redd.it/aio9zvldd0u91.jpg,33,,7,2022-10-15T17:56:23+00:00,2025-12-22T13:54:28.847892,https://www.reddit.com/r/memes/comments/y4uaej/the_complete_saga_of_distracted_boyfriend/,,,,1,distracted boyfriend
reddit,distracted boyfriend,"""distracted boyfriend""",y4u7pz,levine2112,levine2112,The Complete Saga of Distracted Boyfriend,,https://i.redd.it/2irxy1ksc0u91.jpg,153,,24,2022-10-15T17:53:07+00:00,2025-12-22T13:54:28.847892,https://www.reddit.com/r/funny/comments/y4u7pz/the_complete_saga_of_distracted_boyfriend/,,,,1,distracted boyfriend
reddit,distracted boyfriend,"""distracted boyfriend""",wzn9tw,Goatgamer1016,Goatgamer1016,"I've never seen a template overused as much as that one is. Always usually low effort Imgflip stuff, and I hate the blue tank top women's facial expression. Everything about it. It's been dead for years, and I'd do anything just to stop seeing it forever.",,https://i.redd.it/oai1ltjk1ek91.jpg,5,,1,2022-08-28T05:13:53+00:00,2025-12-22T13:54:28.847892,https://www.reddit.com/r/memes/comments/wzn9tw/ive_never_seen_a_template_overused_as_much_as/,,,,1,distracted boyfriend
reddit,distracted boyfriend,"""distracted boyfriend""",vxjmfh,Azrael_Fornivald,Azrael_Fornivald,THOR and the distracted boyfriend,,https://i.redd.it/06llhwxtw6b91.jpg,26,,1,2022-07-12T19:37:43+00:00,2025-12-22T13:54:28.847892,https://www.reddit.com/r/memes/comments/vxjmfh/thor_and_the_distracted_boyfriend/,,,,1,distracted boyfriend
reddit,distracted boyfriend,"""distracted boyfriend""",uq7n5m,RRaf-Tiger,RRaf-Tiger,"Charlie Chaplin was the original ""Distracted Boyfriend Meme""",,https://i.redd.it/27mcpiccknz81.jpg,276,,5,2022-05-15T14:48:16+00:00,2025-12-22T13:54:28.847892,https://www.reddit.com/r/memes/comments/uq7n5m/charlie_chaplin_was_the_original_distracted/,,,,1,distracted boyfriend
reddit,distracted boyfriend,"""distracted boyfriend""",umodkl,Brutalonym,Brutalonym,"Distracted Boyfriend, Latino Edition",,https://i.redd.it/2fs34qwaroy81.jpg,50,,16,2022-05-10T17:46:03+00:00,2025-12-22T13:54:28.847892,https://www.reddit.com/r/memes/comments/umodkl/distracted_boyfriend_latino_edition/,,,,1,distracted boyfriend
reddit,distracted boyfriend,"""distracted boyfriend""",s1g7de,ZZMazinger,ZZMazinger,OG Distracted Boyfriend,,https://i.redd.it/vnwzl04yz2b81.jpg,1,,0,2022-01-11T15:59:04+00:00,2025-12-22T13:54:28.847892,https://www.reddit.com/r/memes/comments/s1g7de/og_distracted_boyfriend/,,,,1,distracted boyfriend
reddit,distracted boyfriend,"""distracted boyfriend""",mmlk17,Beconelle,Beconelle,I just discovered a stock photo of distracted boyfriend getting proposed to,,https://i.redd.it/jst72x9y6wr61.jpg,7057,,129,2021-04-08T06:19:15+00:00,2025-12-22T13:54:28.847892,https://www.reddit.com/r/funny/comments/mmlk17/i_just_discovered_a_stock_photo_of_distracted/,,,,1,distracted boyfriend
reddit,distracted boyfriend,"""distracted boyfriend""",m8j16o,XD_Im_Pink_Pixel,XD_Im_Pink_Pixel,the distracted boyfriend meme format won’t ever die,,https://i.redd.it/towmbw8410o61.jpg,49,,3,2021-03-19T14:56:25+00:00,2025-12-22T13:54:28.847892,https://www.reddit.com/r/dankmemes/comments/m8j16o/the_distracted_boyfriend_meme_format_wont_ever_die/,,,,1,distracted boyfriend
reddit,distracted boyfriend,"""distracted boyfriend""",m8j0is,XD_Im_Pink_Pixel,XD_Im_Pink_Pixel,the distracted boyfriend meme format won’t ever die,,https://i.redd.it/teypbspy00o61.jpg,75,,2,2021-03-19T14:55:31+00:00,2025-12-22T13:54:28.847892,https://www.reddit.com/r/memes/comments/m8j0is/the_distracted_boyfriend_meme_format_wont_ever_die/,,,,1,distracted boyfriend
reddit,distracted boyfriend,"""distracted boyfriend""",m5kxl1,Puki07,Puki07,"Just found this inage in my French book, Idk why but it reminds me of the distracted boyfriend meme. This maybe is the bored Boyfriend..",,https://i.redd.it/ym8gavj047n61.jpg,38,,6,2021-03-15T13:41:11+00:00,2025-12-22T13:54:28.847892,https://www.reddit.com/r/memes/comments/m5kxl1/just_found_this_inage_in_my_french_book_idk_why/,,,,1,distracted boyfriend
reddit,distracted boyfriend,"""distracted boyfriend""",m2o9rr,N3ME15,N3ME15,The new distracted boyfriend format,,https://i.redd.it/mu7jyl0xydm61.png,81,,5,2021-03-11T11:40:45+00:00,2025-12-22T13:54:28.847892,https://www.reddit.com/r/memes/comments/m2o9rr/the_new_distracted_boyfriend_format/,,,,1,distracted boyfriend
reddit,distracted boyfriend,"""distracted boyfriend""",lyfmfh,hyp_0504,hyp_0504,Distracted Boyfriend: Part 2,,https://i.redd.it/gz6eel8vk8l61.jpg,36,,2,2021-03-05T16:29:17+00:00,2025-12-22T13:54:28.847892,https://www.reddit.com/r/memes/comments/lyfmfh/distracted_boyfriend_part_2/,,,,1,distracted boyfriend
reddit,distracted boyfriend,"""distracted boyfriend""",lvizmf,YumekoTheGreat,YumekoTheGreat,Distracted Boyfriend Meme but in better resolution,,https://i.redd.it/19pzcmff3hk61.jpg,26,,4,2021-03-01T20:03:06+00:00,2025-12-22T13:54:28.847892,https://www.reddit.com/r/memes/comments/lvizmf/distracted_boyfriend_meme_but_in_better_resolution/,,,,1,distracted boyfriend
reddit,distracted boyfriend,"""distracted boyfriend""",lg3gz9,Complex_River,Complex_River,Jack Black and this random couple unknowingly recreated the distracted boyfriend meme photo.,,https://i.redd.it/gkr9prxbggg61.jpg,9862,,49,2021-02-09T13:37:04+00:00,2025-12-22T13:54:28.847892,https://www.reddit.com/r/memes/comments/lg3gz9/jack_black_and_this_random_couple_unknowingly/,,,,1,distracted boyfriend
reddit,distracted boyfriend,"""distracted boyfriend""",lg2xqi,KingJak0b,KingJak0b,Jack Black walks past a couple and unknowingly creates the Distracted Boyfriend meme.,,https://i.redd.it/8b1ifstqagg61.png,106,,4,2021-02-09T13:05:50+00:00,2025-12-22T13:54:28.847892,https://www.reddit.com/r/memes/comments/lg2xqi/jack_black_walks_past_a_couple_and_unknowingly/,,,,1,distracted boyfriend
reddit,distracted boyfriend,"""distracted boyfriend""",kb653b,BobbumofCarthes,BobbumofCarthes,Dean Martin was the original “Distracted Boyfriend”,,https://i.redd.it/z1vy46do5l461.jpg,12,,5,2020-12-11T16:36:39+00:00,2025-12-22T13:54:28.847892,https://www.reddit.com/r/funny/comments/kb653b/dean_martin_was_the_original_distracted_boyfriend/,,,,1,distracted boyfriend
reddit,distracted boyfriend,"""distracted boyfriend""",j2342z,mattdudes,mattdudes,Distracted boyfriend,,https://i.redd.it/c78dfisq94q51.jpg,33,,0,2020-09-29T16:51:17+00:00,2025-12-22T13:54:28.847892,https://www.reddit.com/r/memes/comments/j2342z/distracted_boyfriend/,,,,1,distracted boyfriend
reddit,distracted boyfriend,"""distracted boyfriend""",iqwl9q,tunnelofgloves,tunnelofgloves,Distracted Boyfriend Meme Through History,,https://i.redd.it/zhzu905gdkm51.jpg,47,,3,2020-09-11T18:44:29+00:00,2025-12-22T13:54:28.847892,https://www.reddit.com/r/memes/comments/iqwl9q/distracted_boyfriend_meme_through_history/,,,,1,distracted boyfriend
reddit,distracted boyfriend,"""distracted boyfriend""",im0ez1,Mr_cry_a_lot,Mr_cry_a_lot,Distracted Boyfriend,,https://i.redd.it/1najw7c2jzk51.jpg,17,,0,2020-09-03T19:33:58+00:00,2025-12-22T13:54:28.847892,https://www.reddit.com/r/memes/comments/im0ez1/distracted_boyfriend/,,,,1,distracted boyfriend
reddit,distracted boyfriend,"""distracted boyfriend""",ihdvq7,TheReddit_Master,TheReddit_Master,Distracted Boyfriend Meme,,https://i.redd.it/2u6ytsstugj51.jpg,26,,1,2020-08-27T03:42:04+00:00,2025-12-22T13:54:28.847892,https://www.reddit.com/r/memes/comments/ihdvq7/distracted_boyfriend_meme/,,,,1,distracted boyfriend
reddit,distracted boyfriend,"""distracted boyfriend""",i9kw8b,thevigilante473,thevigilante473,Distracted boyfriend 2.0,,https://i.redd.it/m5dfccs5nyg51.jpg,35,,6,2020-08-14T12:18:40+00:00,2025-12-22T13:54:28.847892,https://www.reddit.com/r/memes/comments/i9kw8b/distracted_boyfriend_20/,,,,1,distracted boyfriend
reddit,distracted boyfriend,"""distracted boyfriend""",hudiy0,Micro_Pinny_360,Micro_Pinny_360,Anybody got any ideas on how to replace the Distracted Boyfriend template?,,https://i.redd.it/ex0yk9dhexb51.png,23,,1,2020-07-20T02:48:32+00:00,2025-12-22T13:54:28.847892,https://www.reddit.com/r/dankmemes/comments/hudiy0/anybody_got_any_ideas_on_how_to_replace_the/,,,,1,distracted boyfriend
reddit,distracted boyfriend,"""distracted boyfriend""",htrp9x,Florentijn_Clement,Florentijn_Clement,Distracted Boyfriend: Return of the Meme,,https://i.redd.it/721gvd3dopb51.png,30,,2,2020-07-19T00:51:38+00:00,2025-12-22T13:54:28.847892,https://www.reddit.com/r/memes/comments/htrp9x/distracted_boyfriend_return_of_the_meme/,,,,1,distracted boyfriend
reddit,distracted boyfriend,"""distracted boyfriend""",g9m44t,invisible_admin,invisible_admin,Distracted Boyfriend - The Complete Saga,,https://i.redd.it/y6ym5avcwjv41.jpg,421,,32,2020-04-28T12:16:40+00:00,2025-12-22T13:54:28.847892,https://www.reddit.com/r/memes/comments/g9m44t/distracted_boyfriend_the_complete_saga/,,,,1,distracted boyfriend
reddit,distracted boyfriend,"""distracted boyfriend""",g7ro0w,WillTDP,WillTDP,Putting Tardisses in random meme templates day 3/4: The Distracted Boyfriend meme,,https://i.imgur.com/nOjkWTE.png,27,,1,2020-04-25T10:55:40+00:00,2025-12-22T13:54:28.847892,https://www.reddit.com/r/dankmemes/comments/g7ro0w/putting_tardisses_in_random_meme_templates_day_34/,,,,1,distracted boyfriend
reddit,distracted boyfriend,"""distracted boyfriend""",g6k6uo,willadams110,willadams110,Distracted boyfriend meme,,https://i.redd.it/fjx1swz2nju41.jpg,100,,3,2020-04-23T10:20:34+00:00,2025-12-22T13:54:28.847892,https://www.reddit.com/r/memes/comments/g6k6uo/distracted_boyfriend_meme/,,,,1,distracted boyfriend
reddit,distracted boyfriend,"""distracted boyfriend""",g2kf2f,jSwicklin,jSwicklin,Does this add more the distracted boyfriend meme lore?,,https://i.redd.it/t70hpdkc28t41.jpg,15,,1,2020-04-16T18:20:36+00:00,2025-12-22T13:54:28.847892,https://www.reddit.com/r/memes/comments/g2kf2f/does_this_add_more_the_distracted_boyfriend_meme/,,,,1,distracted boyfriend
reddit,distracted boyfriend,"""distracted boyfriend""",g1ui6k,sgtstache94,sgtstache94,Was doing online Spanish homework. Found the distracted boyfriend at a different angle.,,https://i.redd.it/1m83512860t41.jpg,33,,4,2020-04-15T15:47:59+00:00,2025-12-22T13:54:28.847892,https://www.reddit.com/r/memes/comments/g1ui6k/was_doing_online_spanish_homework_found_the/,,,,1,distracted boyfriend
reddit,distracted boyfriend,"""distracted boyfriend""",fh9i94,MagicalPizza21,MagicalPizza21,Distracted Boyfriend AU,,https://i.redd.it/kp7gleqco5m41.jpg,24,,2,2020-03-12T02:49:34+00:00,2025-12-22T13:54:28.847892,https://www.reddit.com/r/memes/comments/fh9i94/distracted_boyfriend_au/,,,,1,distracted boyfriend
reddit,distracted boyfriend,"""distracted boyfriend""",fff0dj,FilthyFreshman,FilthyFreshman,I was looking up how many days were in February for a leap year and FOR SOME REASON THE GUYS FROM THE DISTRACTED BOYFRIEND MEME IS ON IT he’s even wearing the same shirt lol,,https://i.redd.it/lcjc3w1g8hl41.jpg,38,,13,2020-03-08T16:37:49+00:00,2025-12-22T13:54:28.847892,https://www.reddit.com/r/memes/comments/fff0dj/i_was_looking_up_how_many_days_were_in_february/,,,,1,distracted boyfriend
reddit,distracted boyfriend,"""distracted boyfriend""",f29yk9,StonyTark3000,StonyTark3000,Distracted boyfriend who?,,https://i.redd.it/0sdfr4bjdbg41.jpg,22,,1,2020-02-11T15:34:50+00:00,2025-12-22T13:54:28.847892,https://www.reddit.com/r/memes/comments/f29yk9/distracted_boyfriend_who/,,,,1,distracted boyfriend
reddit,distracted boyfriend,"""distracted boyfriend""",f29ygd,StonyTark3000,StonyTark3000,Distracted boyfriend who?,,https://i.redd.it/gp2ilmshdbg41.jpg,12,,1,2020-02-11T15:34:36+00:00,2025-12-22T13:54:28.847892,https://www.reddit.com/r/dankmemes/comments/f29ygd/distracted_boyfriend_who/,,,,1,distracted boyfriend
reddit,distracted boyfriend,"""distracted boyfriend""",eokoxf,indium-man,indium-man,"distracted boyfriend meme, version 2.0",,https://i.redd.it/g9qdy0d0oqa41.jpg,28,,0,2020-01-14T12:35:28+00:00,2025-12-22T13:54:28.847892,https://www.reddit.com/r/memes/comments/eokoxf/distracted_boyfriend_meme_version_20/,,,,1,distracted boyfriend
reddit,distracted boyfriend,"""distracted boyfriend""",eksxm8,Thye204,Thye204,Distracted Boyfriend,,https://i.redd.it/hhq81i7z85941.png,45,,4,2020-01-06T11:30:46+00:00,2025-12-22T13:54:28.847892,https://www.reddit.com/r/memes/comments/eksxm8/distracted_boyfriend/,,,,1,distracted boyfriend
reddit,distracted boyfriend,"""distracted boyfriend""",efqkhl,ThreadlessJon,ThreadlessJon,Distracted boyfriend 2.0,,https://i.redd.it/wj9gcegbkw641.jpg,24,,3,2019-12-26T04:08:55+00:00,2025-12-22T13:54:28.847892,https://www.reddit.com/r/memes/comments/efqkhl/distracted_boyfriend_20/,,,,1,distracted boyfriend
reddit,distracted boyfriend,"""distracted boyfriend""",ea9afa,suckfail,suckfail,Canadian distracted boyfriend,,https://i.imgur.com/BFu0u7Q.jpg,253,,12,2019-12-13T20:22:13+00:00,2025-12-22T13:54:28.847892,https://www.reddit.com/r/memes/comments/ea9afa/canadian_distracted_boyfriend/,,,,1,distracted boyfriend
reddit,distracted boyfriend,"""distracted boyfriend""",e9i1lm,henxblaze,henxblaze,the distracted boyfriend meme should be third runner up for meme of the decade,,https://i.redd.it/jiih1qo4f4441.png,17,,1,2019-12-12T03:23:39+00:00,2025-12-22T13:54:28.847892,https://www.reddit.com/r/dankmemes/comments/e9i1lm/the_distracted_boyfriend_meme_should_be_third/,,,,1,distracted boyfriend
reddit,distracted boyfriend,"""distracted boyfriend""",e6pk37,sive1andsive2,sive1andsive2,Distracted Boyfriend has been with us forever,,https://i.redd.it/gd21hvpeew241.jpg,17,,2,2019-12-05T23:19:15+00:00,2025-12-22T13:54:28.847892,https://www.reddit.com/r/memes/comments/e6pk37/distracted_boyfriend_has_been_with_us_forever/,,,,1,distracted boyfriend
reddit,distracted boyfriend,"""distracted boyfriend""",d65hde,StoneFawkes,StoneFawkes,"New OC dank format, distracted boyfriend but the girls are switched.",,https://i.imgur.com/ZfcPNXx.jpg,17,,1,2019-09-18T23:28:49+00:00,2025-12-22T13:54:28.847892,https://www.reddit.com/r/dankmemes/comments/d65hde/new_oc_dank_format_distracted_boyfriend_but_the/,,,,1,distracted boyfriend
reddit,distracted boyfriend,"""distracted boyfriend""",clxzn4,paracska,paracska,New distracted boyfriend meme format,,https://i.redd.it/jjox1rw7hge31.jpg,41,,1,2019-08-04T16:07:30+00:00,2025-12-22T13:54:28.847892,https://www.reddit.com/r/memes/comments/clxzn4/new_distracted_boyfriend_meme_format/,,,,1,distracted boyfriend
reddit,distracted boyfriend,"""distracted boyfriend""",c43wbp,MysteriousEntity,MysteriousEntity,Distracted Boyfriend Trolley Problem,,https://i.redd.it/nih6m2aho3631.jpg,47,,3,2019-06-23T12:31:54+00:00,2025-12-22T13:54:28.847892,https://www.reddit.com/r/memes/comments/c43wbp/distracted_boyfriend_trolley_problem/,,,,1,distracted boyfriend
reddit,distracted boyfriend,"""distracted boyfriend""",c3bzus,mick3035,mick3035,Distracted boyfriend gets approved for a mortgage,,https://i.redd.it/k09045pp9q531.jpg,20,,0,2019-06-21T15:27:42+00:00,2025-12-22T13:54:28.847892,https://www.reddit.com/r/memes/comments/c3bzus/distracted_boyfriend_gets_approved_for_a_mortgage/,,,,1,distracted boyfriend
reddit,distracted boyfriend,"""distracted boyfriend""",bur8te,kumarajeet12,kumarajeet12,"The New York Times published its own version of the “Distracted Boyfriend” meme today, in 2019.",,https://i.redd.it/2wrnq4f7mb131.jpg,48,,8,2019-05-30T09:52:37+00:00,2025-12-22T13:54:28.847892,https://www.reddit.com/r/memes/comments/bur8te/the_new_york_times_published_its_own_version_of/,,,,1,distracted boyfriend
reddit,distracted boyfriend,"""distracted boyfriend""",bprj89,Dalixam,Dalixam,Real life Distracted Boyfriend,,https://i.redd.it/7v6l24p41sy21.jpg,32,,2,2019-05-17T13:52:20+00:00,2025-12-22T13:54:28.847892,https://www.reddit.com/r/memes/comments/bprj89/real_life_distracted_boyfriend/,,,,1,distracted boyfriend
reddit,distracted boyfriend,"""distracted boyfriend""",bo8xmy,sanialasagna,sanialasagna,distracted boyfriend 2.0,,https://i.redd.it/vze9r9vji1y21.png,28,,1,2019-05-13T20:42:25+00:00,2025-12-22T13:54:28.847892,https://www.reddit.com/r/dankmemes/comments/bo8xmy/distracted_boyfriend_20/,,,,1,distracted boyfriend
reddit,distracted boyfriend,"""distracted boyfriend""",bnnkab,ConorDrew,ConorDrew,Distracted boyfriend turned into a dirty cheat!,,https://i.redd.it/nsznyxkmbrx21.jpg,52,,9,2019-05-12T10:25:15+00:00,2025-12-22T13:54:28.847892,https://www.reddit.com/r/memes/comments/bnnkab/distracted_boyfriend_turned_into_a_dirty_cheat/,,,,1,distracted boyfriend
reddit,distracted boyfriend,"""distracted boyfriend""",blus4r,doritos_ice_cream,doritos_ice_cream,just another distracted boyfriend meme,,https://i.redd.it/fksgsbco8uw21.jpg,43,,0,2019-05-07T19:09:57+00:00,2025-12-22T13:54:28.847892,https://www.reddit.com/r/memes/comments/blus4r/just_another_distracted_boyfriend_meme/,,,,1,distracted boyfriend
reddit,distracted boyfriend,"""distracted boyfriend""",b7rmh5,CanadaIsWeird,CanadaIsWeird,Jack black turns into distracted boyfriend meme,,https://i.redd.it/7yxgd8jaaip21.jpg,35,,2,2019-03-31T19:28:40+00:00,2025-12-22T13:54:28.847892,https://www.reddit.com/r/dankmemes/comments/b7rmh5/jack_black_turns_into_distracted_boyfriend_meme/,,,,1,distracted boyfriend
reddit,distracted boyfriend,"""distracted boyfriend""",b4wpwo,Onetisch,Onetisch,Aren't these two from the distracted boyfriend meme or am I getting crazy? (In my school book),,https://i.redd.it/p55esqkzq2o21.jpg,76,,15,2019-03-24T14:09:41+00:00,2025-12-22T13:54:28.847892,https://www.reddit.com/r/memes/comments/b4wpwo/arent_these_two_from_the_distracted_boyfriend/,,,,1,distracted boyfriend
reddit,distracted boyfriend,"""distracted boyfriend""",av1jie,Skynuts,Skynuts,Distracted boyfriend,,https://i.redd.it/wl8w0fpvyxi21.jpg,119,,3,2019-02-26T16:46:47+00:00,2025-12-22T13:54:28.847892,https://www.reddit.com/r/memes/comments/av1jie/distracted_boyfriend/,,,,1,distracted boyfriend
reddit,distracted boyfriend,"""distracted boyfriend""",aus6fl,Scaulbylausis,Scaulbylausis,Distracted Boyfriend,,https://i.imgur.com/CYqqKRw.jpg,50,,1,2019-02-25T23:46:54+00:00,2025-12-22T13:54:28.847892,https://www.reddit.com/r/memes/comments/aus6fl/distracted_boyfriend/,,,,1,distracted boyfriend
reddit,distracted boyfriend,"""distracted boyfriend""",aurjwc,RainRunner1,RainRunner1,New distracted boyfriend template?,,https://i.redd.it/90v9g5o3nsi21.png,29,,8,2019-02-25T22:49:25+00:00,2025-12-22T13:54:28.847892,https://www.reddit.com/r/dankmemes/comments/aurjwc/new_distracted_boyfriend_template/,,,,1,distracted boyfriend
reddit,distracted boyfriend,"""distracted boyfriend""",au0r3v,sam_suburbia,sam_suburbia,The new distracted boyfriend template has come to existence!,,https://i.redd.it/x0yrnnuq5ei21.jpg,28,,1,2019-02-23T22:07:07+00:00,2025-12-22T13:54:28.847892,https://www.reddit.com/r/dankmemes/comments/au0r3v/the_new_distracted_boyfriend_template_has_come_to/,,,,1,distracted boyfriend
reddit,distracted boyfriend,"""distracted boyfriend""",au0o55,OB3SE_Potatoe,OB3SE_Potatoe,It’s the new distracted boyfriend format,,https://i.redd.it/69ynsm6d4ei21.jpg,99,,2,2019-02-23T21:59:23+00:00,2025-12-22T13:54:28.847892,https://www.reddit.com/r/memes/comments/au0o55/its_the_new_distracted_boyfriend_format/,,,,1,distracted boyfriend
reddit,distracted boyfriend,"""distracted boyfriend""",au01dk,modestlaw,modestlaw,New distracted boyfriend!,,https://i.redd.it/qlgvezpgtdi21.png,39,,4,2019-02-23T20:58:18+00:00,2025-12-22T13:54:28.847892,https://www.reddit.com/r/memes/comments/au01dk/new_distracted_boyfriend/,,,,1,distracted boyfriend
reddit,distracted boyfriend,"""distracted boyfriend""",amh5k6,Rumy85,Rumy85,Distracted Boyfriend full version,,https://www.reddit.com/r/memes/comments/amh5k6/distracted_boyfriend_full_version/,206,,13,2019-02-02T19:01:58+00:00,2025-12-22T13:54:28.847892,https://www.reddit.com/r/memes/comments/amh5k6/distracted_boyfriend_full_version/,,,,1,distracted boyfriend
reddit,distracted boyfriend,"""distracted boyfriend""",a5e5xr,Awestroke,Awestroke,The Distracted Boyfriend Meme with a Holiday Twist...,,https://i.redd.it/oxiyqeqfkr321.jpg,14,,1,2018-12-12T03:10:37+00:00,2025-12-22T13:54:28.847892,https://www.reddit.com/r/memes/comments/a5e5xr/the_distracted_boyfriend_meme_with_a_holiday_twist/,,,,1,distracted boyfriend
reddit,distracted boyfriend,"""distracted boyfriend""",9z9dos,Th3WhiteLotus,Th3WhiteLotus,Hey I remember seeing the distracted boyfriend meme but try facing forwards instead. I can’t do a text post here so here’s a shitty texting meme,,https://i.redd.it/kyfwzzol9sz11.jpg,146,,9,2018-11-22T01:15:08+00:00,2025-12-22T13:54:28.847892,https://www.reddit.com/r/memes/comments/9z9dos/hey_i_remember_seeing_the_distracted_boyfriend/,,,,1,distracted boyfriend
reddit,distracted boyfriend,"""distracted boyfriend""",9oxqui,Raqped,Raqped,The new distracted boyfriend meme.,,https://i.redd.it/0ro1jok6dqs11.jpg,736,,15,2018-10-17T11:22:49+00:00,2025-12-22T13:54:28.847892,https://www.reddit.com/r/memes/comments/9oxqui/the_new_distracted_boyfriend_meme/,,,,1,distracted boyfriend
reddit,distracted boyfriend,"""distracted boyfriend""",9jgb6t,Pesky_Salmon,Pesky_Salmon,Distracted boyfriend meme trying to explain his actions to fellow memes,,https://i.redd.it/tufteeddauo11.jpg,22,,1,2018-09-27T20:17:31+00:00,2025-12-22T13:54:28.847892,https://www.reddit.com/r/memes/comments/9jgb6t/distracted_boyfriend_meme_trying_to_explain_his/,,,,1,distracted boyfriend
reddit,distracted boyfriend,"""distracted boyfriend""",9j9bys,No1sBeeyotch,No1sBeeyotch,Sweden thinks the Distracted Boyfriend meme is sexist. Here’s my response to that.,,https://i.redd.it/qorzgb5f8po11.jpg,35,,2,2018-09-27T03:17:41+00:00,2025-12-22T13:54:28.847892,https://www.reddit.com/r/memes/comments/9j9bys/sweden_thinks_the_distracted_boyfriend_meme_is/,,,,1,distracted boyfriend
reddit,distracted boyfriend,"""distracted boyfriend""",9j3872,oobadah,oobadah,"Charlie Chaplin, the original distracted boyfriend.",,https://i.redd.it/qbyhxewdklo11.jpg,37,,3,2018-09-26T14:57:38+00:00,2025-12-22T13:54:28.847892,https://www.reddit.com/r/memes/comments/9j3872/charlie_chaplin_the_original_distracted_boyfriend/,,,,1,distracted boyfriend
reddit,distracted boyfriend,"""distracted boyfriend""",9a2n2d,TheSarcasticRadish,TheSarcasticRadish,Read that Charlie Chaplin started the Distracted Boyfriend as a meme. Wanted to keep it alive!,,https://i.redd.it/lmhpi672v4i11.jpg,117,,3,2018-08-25T00:22:22+00:00,2025-12-22T13:54:28.847892,https://www.reddit.com/r/funny/comments/9a2n2d/read_that_charlie_chaplin_started_the_distracted/,,,,1,distracted boyfriend
reddit,distracted boyfriend,"""distracted boyfriend""",96d1we,despisesunrise,despisesunrise,Distracted boyfriend gon' learn today,,https://i.redd.it/d09b0kcchdf11.jpg,29,,3,2018-08-11T02:09:06+00:00,2025-12-22T13:54:28.847892,https://www.reddit.com/r/memes/comments/96d1we/distracted_boyfriend_gon_learn_today/,,,,1,distracted boyfriend
reddit,distracted boyfriend,"""distracted boyfriend""",8xpinj,meca1987,meca1987,The complete cannonical story of Distracted Boyfriend,,https://youtu.be/AUQOUChTUwg,10,,2,2018-07-10T14:14:52+00:00,2025-12-22T13:54:28.847892,https://www.reddit.com/r/funny/comments/8xpinj/the_complete_cannonical_story_of_distracted/,,,,1,distracted boyfriend
reddit,distracted boyfriend,"""distracted boyfriend""",8s2s40,-Primum_Non_Nocere-,-Primum_Non_Nocere-,Distracted boyfriend saga update,,https://i.redd.it/4pna5zskkt411.jpg,79,,6,2018-06-18T20:30:16+00:00,2025-12-22T13:54:28.847892,https://www.reddit.com/r/memes/comments/8s2s40/distracted_boyfriend_saga_update/,,,,1,distracted boyfriend
reddit,distracted boyfriend,"""distracted boyfriend""",8ldgu9,SummerRay,SummerRay,"I re-created Distracted Boyfriend, under my bonsai tree.",,https://i.redd.it/aw0ozgsuygz01.jpg,36,,0,2018-05-22T20:46:54+00:00,2025-12-22T13:54:28.847892,https://www.reddit.com/r/memes/comments/8ldgu9/i_recreated_distracted_boyfriend_under_my_bonsai/,,,,1,distracted boyfriend
reddit,distracted boyfriend,"""distracted boyfriend""",8fex3l,blueindsm,blueindsm,Marty McFly was the original distracted boyfriend,,https://imgur.com/a/VbTS7c7,69,,15,2018-04-27T20:48:31+00:00,2025-12-22T13:54:28.847892,https://www.reddit.com/r/funny/comments/8fex3l/marty_mcfly_was_the_original_distracted_boyfriend/,,,,1,distracted boyfriend
reddit,distracted boyfriend,"""distracted boyfriend""",8brn5v,Rublex,Rublex,"She was right to be jealous of her ""distracted boyfriend""",,https://www.demilked.com/magazine/wp-content/uploads/2018/03/5aaa1cb9c33f4-funny-weird-wtf-stock-photos-3-5a3914a3873e1__700.jpg,70,,12,2018-04-12T16:47:02+00:00,2025-12-22T13:54:28.847892,https://www.reddit.com/r/funny/comments/8brn5v/she_was_right_to_be_jealous_of_her_distracted/,,,,1,distracted boyfriend
reddit,distracted boyfriend,"""distracted boyfriend""",7ivpfz,ciccioviaggiat,ciccioviaggiat,In this new episode of: Behind the Meme is a 6 month-time traveller,,https://i.redd.it/yqnmk2sh25301.png,110,,9,2017-12-10T18:34:13+00:00,2025-12-22T13:54:28.847892,https://www.reddit.com/r/dankmemes/comments/7ivpfz/in_this_new_episode_of_behind_the_meme_is_a_6/,,,,1,distracted boyfriend
reddit,distracted boyfriend,"""distracted boyfriend""",7ff6ik,Unisonlibrarian,Unisonlibrarian,This Dean Martin album cover looks like the distracted boyfriend meme,,https://imgur.com/UWuR9jY,2088,,33,2017-11-25T13:25:18+00:00,2025-12-22T13:54:28.847892,https://www.reddit.com/r/funny/comments/7ff6ik/this_dean_martin_album_cover_looks_like_the/,,,,1,distracted boyfriend
reddit,distracted boyfriend,"""distracted boyfriend""",76tzxq,imsteve123,imsteve123,I wish this was real,,https://i.redd.it/pifo6zknl9sz.jpg,2,,1,2017-10-16T22:02:30+00:00,2025-12-22T13:54:28.847892,https://www.reddit.com/r/funny/comments/76tzxq/i_wish_this_was_real/,,,,1,distracted boyfriend
reddit,distracted boyfriend,"""distracted boyfriend""",75z37v,GrandMasterSubZero,GrandMasterSubZero,"""Distracted boyfriend"" meme to old-school level.",,https://i.imgur.com/XxolBjR.jpg,163,,10,2017-10-12T18:48:49+00:00,2025-12-22T13:54:28.847892,https://www.reddit.com/r/memes/comments/75z37v/distracted_boyfriend_meme_to_oldschool_level/,,,,1,distracted boyfriend
reddit,distracted boyfriend,"""distracted boyfriend""",6yf0tt,herobrian51259,herobrian51259,Comedy Central deemed this a dead meme,,https://i.redd.it/641un6vhz8kz.jpg,63,,9,2017-09-06T11:24:57+00:00,2025-12-22T13:54:28.847892,https://www.reddit.com/r/dankmemes/comments/6yf0tt/comedy_central_deemed_this_a_dead_meme/,,,,1,distracted boyfriend
reddit,distracted boyfriend,"""guy looking back""",si971p,thaiborg,thaiborg,I think I found part 2 of the Guy Looking Back meme,,https://i.redd.it/9edpiqvv4bf81.jpg,24,,1,2022-02-01T23:37:31+00:00,2025-12-22T13:54:28.847892,https://www.reddit.com/r/memes/comments/si971p/i_think_i_found_part_2_of_the_guy_looking_back/,,,,1,distracted boyfriend
reddit,distracted boyfriend,"""guy looking back""",kdwzwz,Tyrantoast,Tyrantoast,The guy in the adobe ad looks a lot like the guy looking back meme,,https://i.redd.it/vbo1uj6pof561.jpg,14,,5,2020-12-15T23:16:42+00:00,2025-12-22T13:54:28.847892,https://www.reddit.com/r/memes/comments/kdwzwz/the_guy_in_the_adobe_ad_looks_a_lot_like_the_guy/,,,,1,distracted boyfriend
reddit,distracted boyfriend,"""guy looking back""",d7jhbr,Crossfire_X,Crossfire_X,Reddit guy looking back,,https://i.redd.it/wn9nbduym1o31.jpg,38,,2,2019-09-22T00:54:07+00:00,2025-12-22T13:54:28.847892,https://www.reddit.com/r/memes/comments/d7jhbr/reddit_guy_looking_back/,,,,1,distracted boyfriend
reddit,distracted boyfriend,"""guy looking back""",5bbxr2,ozymandias737,ozymandias737,I'm at a urinal and I see this guy looking back at me,,http://imgur.com/ifQJHwe,5,,0,2016-11-05T20:22:56+00:00,2025-12-22T13:54:28.847892,https://www.reddit.com/r/funny/comments/5bbxr2/im_at_a_urinal_and_i_see_this_guy_looking_back_at/,,,,1,distracted boyfriend
reddit,distracted boyfriend,"""guy looking back""",29qrta,Biggestbadwolf,Biggestbadwolf,"Hilltop Hoods just posted this to their Facebook page with the caption ""Laying on the floor at Changi Airport. Look up at the ceiling and see this guy looking back at me""",,http://i.imgur.com/qgEPYNE.jpg,0,,0,2014-07-03T14:39:23+00:00,2025-12-22T13:54:28.847892,https://www.reddit.com/r/funny/comments/29qrta/hilltop_hoods_just_posted_this_to_their_facebook/,,,,1,distracted boyfriend
reddit,distracted boyfriend,"""guy looking back""",14osza,keagmcG,keagmcG,Closed out of incognito in my post-fap shame and had this guy looking back at me. I've never felt so judged in my life.,,http://i.imgur.com/XQueP.png,2,,0,2012-12-11T22:17:33+00:00,2025-12-22T13:54:28.847892,https://www.reddit.com/r/funny/comments/14osza/closed_out_of_incognito_in_my_postfap_shame_and/,,,,1,distracted boyfriend
reddit,distracted boyfriend,distracted boyfriend meme,1l0ifh2,OneLiterature2897,OneLiterature2897,People had to say things about everything now days,,https://i.redd.it/75o231uuh94f1.jpeg,14,,2,2025-06-01T06:43:00+00:00,2025-12-22T13:54:28.847892,https://www.reddit.com/r/memes/comments/1l0ifh2/people_had_to_say_things_about_everything_now_days/,,,,1,distracted boyfriend
reddit,distracted boyfriend,distracted boyfriend meme,1g01h87,NastyLittleThing,NastyLittleThing,"I don't know who you are, but good luck man",,https://i.redd.it/meuyri1ekstd1.jpeg,7,,1,2024-10-09T20:36:44+00:00,2025-12-22T13:54:28.847892,https://www.reddit.com/r/memes/comments/1g01h87/i_dont_know_who_you_are_but_good_luck_man/,,,,1,distracted boyfriend
reddit,distracted boyfriend,distracted boyfriend meme,1bx8qqi,peeblicity,peeblicity,[Spoilers alert for Dune 2],,https://i.redd.it/3lsay40xausc1.jpeg,1,,2,2024-04-06T10:54:17+00:00,2025-12-22T13:54:28.847892,https://www.reddit.com/r/memes/comments/1bx8qqi/spoilers_alert_for_dune_2/,,,,1,distracted boyfriend
reddit,distracted boyfriend,distracted boyfriend meme,1b772io,fightmilk22,fightmilk22,GF's son likes making memes ,,https://i.redd.it/sv7tu4af4jmc1.jpeg,112,,4,2024-03-05T14:53:27+00:00,2025-12-22T13:54:28.847892,https://www.reddit.com/r/dankmemes/comments/1b772io/gfs_son_likes_making_memes/,,,,1,distracted boyfriend
reddit,distracted boyfriend,distracted boyfriend meme,191fgr5,VirtuosoLoki,VirtuosoLoki,"I present to you, an old meme format",,https://i.redd.it/w9w8cart36bc1.jpeg,2460,,76,2024-01-08T07:21:28+00:00,2025-12-22T13:54:28.847892,https://www.reddit.com/r/memes/comments/191fgr5/i_present_to_you_an_old_meme_format/,,,,1,distracted boyfriend
reddit,distracted boyfriend,distracted boyfriend meme,17psvec,PhantomCruze,PhantomCruze,This is applicable to literally the whole place,,https://i.redd.it/1ptftl7s2xyb1.jpg,37,,1,2023-11-07T12:10:01+00:00,2025-12-22T13:54:28.847892,https://www.reddit.com/r/memes/comments/17psvec/this_is_applicable_to_literally_the_whole_place/,,,,1,distracted boyfriend
reddit,distracted boyfriend,distracted boyfriend meme,16rg2wp,lil_tink_tink,lil_tink_tink,It's a form of tough love.,,https://i.redd.it/cf1ngo17cbqb1.jpg,45,,1,2023-09-25T02:30:28+00:00,2025-12-22T13:54:28.847892,https://www.reddit.com/r/memes/comments/16rg2wp/its_a_form_of_tough_love/,,,,1,distracted boyfriend
reddit,distracted boyfriend,distracted boyfriend meme,16oz0c4,Psycho_Snake02,Psycho_Snake02,Making memes about stuff that would make me happy distracts me from my problems for just a moment :),,https://i.redd.it/tmksym880qpb1.jpg,36,,0,2023-09-22T02:46:02+00:00,2025-12-22T13:54:28.847892,https://www.reddit.com/r/memes/comments/16oz0c4/making_memes_about_stuff_that_would_make_me_happy/,,,,1,distracted boyfriend
reddit,distracted boyfriend,distracted boyfriend meme,16le3g2,Chernablogger,Chernablogger,"Like Bobert's Boyfriend in a Theater, You Know ""Jerked Lower Horn"" Memes are Coming",,https://i.redd.it/65rbvf0s5wob1.jpg,9,,2,2023-09-17T22:23:40+00:00,2025-12-22T13:54:28.847892,https://www.reddit.com/r/memes/comments/16le3g2/like_boberts_boyfriend_in_a_theater_you_know/,,,,1,distracted boyfriend
reddit,distracted boyfriend,distracted boyfriend meme,15cr0lk,The_New_Overlord,The_New_Overlord,ayy lmao,,https://i.redd.it/ir2kuzdycweb1.png,5,,4,2023-07-29T12:23:05+00:00,2025-12-22T13:54:28.847892,https://www.reddit.com/r/memes/comments/15cr0lk/ayy_lmao/,,,,1,distracted boyfriend
reddit,distracted boyfriend,distracted boyfriend meme,101hyky,RealDaveRubin,RealDaveRubin,Distracted AI boyfriend,,https://i.redd.it/cce26ro7wn9a1.png,15,,11,2023-01-02T17:19:41+00:00,2025-12-22T13:54:28.847892,https://www.reddit.com/r/memes/comments/101hyky/distracted_ai_boyfriend/,,,,1,distracted boyfriend
reddit,distracted boyfriend,distracted boyfriend meme,ztq6u8,feelthethunder03,feelthethunder03,I am inevitable,,https://i.redd.it/npum9fwboq7a1.jpg,20,,0,2022-12-23T19:17:49+00:00,2025-12-22T13:54:28.847892,https://www.reddit.com/r/memes/comments/ztq6u8/i_am_inevitable/,,,,1,distracted boyfriend
reddit,distracted boyfriend,distracted boyfriend meme,zqegfs,UdderDefiance,UdderDefiance,Happy little memes,,https://i.redd.it/21xucxhzv07a1.jpg,98,,6,2022-12-20T04:34:25+00:00,2025-12-22T13:54:28.847892,https://www.reddit.com/r/dankmemes/comments/zqegfs/happy_little_memes/,,,,1,distracted boyfriend
reddit,distracted boyfriend,distracted boyfriend meme,z2jqdr,stupidplays,stupidplays,"Seriously, every memes we made are related to our same problem.",,https://i.redd.it/wy9wj0rjvn1a1.png,42,,2,2022-11-23T08:31:03+00:00,2025-12-22T13:54:28.847892,https://www.reddit.com/r/memes/comments/z2jqdr/seriously_every_memes_we_made_are_related_to_our/,,,,1,distracted boyfriend
reddit,distracted boyfriend,distracted boyfriend meme,y763ps,Traditional-Reach818,Traditional-Reach818,"Welp, worked for 10min already. Time for a 2hour break.",,https://i.redd.it/aqaodygp8ku91.jpg,293,,8,2022-10-18T12:45:50+00:00,2025-12-22T13:54:28.847892,https://www.reddit.com/r/memes/comments/y763ps/welp_worked_for_10min_already_time_for_a_2hour/,,,,1,distracted boyfriend
reddit,distracted boyfriend,distracted boyfriend meme,xnkcpw,ADecentAmerican,ADecentAmerican,I just want funny memes to distract the hardships of life,,https://i.redd.it/xkrl2xhhlzp91.jpg,18,,1,2022-09-25T11:03:30+00:00,2025-12-22T13:54:28.847892,https://www.reddit.com/r/memes/comments/xnkcpw/i_just_want_funny_memes_to_distract_the_hardships/,,,,1,distracted boyfriend
reddit,distracted boyfriend,distracted boyfriend meme,x87jnt,koalakloss,koalakloss,"I have 2 h's in my life, homeless and h0eless",,https://i.redd.it/zp4k43dpcgm91.jpg,115,,1,2022-09-07T15:08:05+00:00,2025-12-22T13:54:28.847892,https://www.reddit.com/r/dankmemes/comments/x87jnt/i_have_2_hs_in_my_life_homeless_and_h0eless/,,,,1,distracted boyfriend
reddit,distracted boyfriend,distracted boyfriend meme,web6em,The-Real-Metzli,The-Real-Metzli,My boyfriend claims to be a Meme Master so I asked him to make a meme about a specific topic. And he couldn't. And thus this meme was born xD,,https://i.redd.it/ifqeakr6taf91.png,407,,50,2022-08-02T13:04:25+00:00,2025-12-22T13:54:28.847892,https://www.reddit.com/r/memes/comments/web6em/my_boyfriend_claims_to_be_a_meme_master_so_i/,,,,1,distracted boyfriend
reddit,distracted boyfriend,distracted boyfriend meme,vz9jaa,Overwatch_st6,Overwatch_st6,anyone have the sauce for the background of the man distracted by laptop meme?.....uhm... asking for a friend.,,https://i.redd.it/5ss0amp1bmb91.png,43,,21,2022-07-14T23:24:00+00:00,2025-12-22T13:54:28.847892,https://www.reddit.com/r/memes/comments/vz9jaa/anyone_have_the_sauce_for_the_background_of_the/,,,,1,distracted boyfriend
reddit,distracted boyfriend,distracted boyfriend meme,v2lk50,ricecrackerdude,ricecrackerdude,the memes are distracting,,https://i.redd.it/1kino4cei1391.jpg,429,,5,2022-06-01T16:54:41+00:00,2025-12-22T13:54:28.847892,https://www.reddit.com/r/dankmemes/comments/v2lk50/the_memes_are_distracting/,,,,1,distracted boyfriend
reddit,distracted boyfriend,distracted boyfriend meme,tqgubi,Rulingbridge9,Rulingbridge9,A little distraction from the Will Smith memes,,https://i.redd.it/4d66g9lkb6q81.jpg,380,,37,2022-03-28T19:11:34+00:00,2025-12-22T13:54:28.847892,https://www.reddit.com/r/memes/comments/tqgubi/a_little_distraction_from_the_will_smith_memes/,,,,1,distracted boyfriend
reddit,distracted boyfriend,distracted boyfriend meme,tk0zzv,Valladian,Valladian,When you're trying to meme but get distracted.,,https://i.imgur.com/mNkrgOp.jpg,91,,5,2022-03-22T11:40:17+00:00,2025-12-22T13:54:28.847892,https://www.reddit.com/r/memes/comments/tk0zzv/when_youre_trying_to_meme_but_get_distracted/,,,,1,distracted boyfriend
reddit,distracted boyfriend,distracted boyfriend meme,t1y88l,CoolDudeNezo,CoolDudeNezo,A meme to distract you from what’s going on right now,,https://i.redd.it/jf0nky1xs6k81.jpg,58,,10,2022-02-26T14:24:03+00:00,2025-12-22T13:54:28.847892,https://www.reddit.com/r/memes/comments/t1y88l/a_meme_to_distract_you_from_whats_going_on_right/,,,,1,distracted boyfriend
reddit,distracted boyfriend,distracted boyfriend meme,sountu,Nikicat101,Nikicat101,Two years of distracting myself with memes on this app,,https://i.redd.it/mvanuo1kzwg81.jpg,28,,3,2022-02-10T02:10:59+00:00,2025-12-22T13:54:28.847892,https://www.reddit.com/r/memes/comments/sountu/two_years_of_distracting_myself_with_memes_on/,,,,1,distracted boyfriend
reddit,distracted boyfriend,distracted boyfriend meme,qm36sy,_Silverflame,_Silverflame,"day 3 of posting NNN memes until my boyfriend fails, but this is the final meme. See y’all next year!",,https://i.redd.it/7zsd0fwxufx71.jpg,66,,5,2021-11-03T20:16:17+00:00,2025-12-22T13:54:28.847892,https://www.reddit.com/r/memes/comments/qm36sy/day_3_of_posting_nnn_memes_until_my_boyfriend/,,,,1,distracted boyfriend
reddit,distracted boyfriend,distracted boyfriend meme,ql7ssq,_Silverflame,_Silverflame,Day two of making NNN memes for my boyfriend until he fails,,https://i.redd.it/i43jcodjj7x71.jpg,68,,11,2021-11-02T16:18:09+00:00,2025-12-22T13:54:28.847892,https://www.reddit.com/r/memes/comments/ql7ssq/day_two_of_making_nnn_memes_for_my_boyfriend/,,,,1,distracted boyfriend
reddit,distracted boyfriend,distracted boyfriend meme,q8guz3,kmbxyz,kmbxyz,"Came here to post this meme, but got distracted looking at memes, smh",,https://i.redd.it/w8j85q8vmjt71.jpg,23,,4,2021-10-15T04:41:37+00:00,2025-12-22T13:54:28.847892,https://www.reddit.com/r/memes/comments/q8guz3/came_here_to_post_this_meme_but_got_distracted/,,,,1,distracted boyfriend
reddit,distracted boyfriend,distracted boyfriend meme,pffmcj,TheNicce01,TheNicce01,"Boyfriend said that this is a horrible meme and no one would laugh at it, but i laughed at it. He made this as a joke about todays humour and was mad that i actually found it funny",,https://i.redd.it/sy9ovqu9krk71.jpg,25,,15,2021-08-31T21:44:31+00:00,2025-12-22T13:54:28.847892,https://www.reddit.com/r/memes/comments/pffmcj/boyfriend_said_that_this_is_a_horrible_meme_and/,,,,1,distracted boyfriend
reddit,distracted boyfriend,distracted boyfriend meme,p9avf8,code010001,code010001,Makes a meme and posts it so I'm even more distracted...,,https://i.redd.it/u42t1s0rawi71.jpg,34,,3,2021-08-22T11:31:25+00:00,2025-12-22T13:54:28.847892,https://www.reddit.com/r/memes/comments/p9avf8/makes_a_meme_and_posts_it_so_im_even_more/,,,,1,distracted boyfriend
reddit,distracted boyfriend,distracted boyfriend meme,ox84nt,thebigspooner,thebigspooner,Original content: distracted girlfriend meme,,https://i.redd.it/tdzerqbaf6f71.jpg,21,,6,2021-08-03T17:18:06+00:00,2025-12-22T13:54:28.847892,https://www.reddit.com/r/memes/comments/ox84nt/original_content_distracted_girlfriend_meme/,,,,1,distracted boyfriend
reddit,distracted boyfriend,distracted boyfriend meme,n8ihxp,egyuhwervewu,egyuhwervewu,Found the distracted meme but Jack Black while looking at top posts of all time,,https://i.redd.it/eme7y52om4y61.jpg,105,,2,2021-05-09T17:05:38+00:00,2025-12-22T13:54:28.847892,https://www.reddit.com/r/memes/comments/n8ihxp/found_the_distracted_meme_but_jack_black_while/,,,,1,distracted boyfriend
reddit,distracted boyfriend,distracted boyfriend meme,mwjioa,StormNWeather,StormNWeather,How my boyfriend responds to me complaining about petty stuff... He memes me....,,https://imgur.com/f05hK8r,27,,8,2021-04-23T00:58:59+00:00,2025-12-22T13:54:28.847892,https://www.reddit.com/r/memes/comments/mwjioa/how_my_boyfriend_responds_to_me_complaining_about/,,,,1,distracted boyfriend
reddit,distracted boyfriend,distracted boyfriend meme,luai6l,Scottish_NootNoot,Scottish_NootNoot,I know I said daily frog memes BUT I GOT DISTRACTED,,https://i.redd.it/ydy3z1mrd6k61.jpg,49,,1,2021-02-28T08:01:25+00:00,2025-12-22T13:54:28.847892,https://www.reddit.com/r/memes/comments/luai6l/i_know_i_said_daily_frog_memes_but_i_got/,,,,1,distracted boyfriend
reddit,distracted boyfriend,distracted boyfriend meme,lfvy5o,Sub2Commzard,Sub2Commzard,Me: makes a meme about a personal issue to distract myself from things I’ve seen,,https://i.redd.it/k6ljb9iy5eg61.jpg,8,,7,2021-02-09T05:55:21+00:00,2025-12-22T13:54:28.847892,https://www.reddit.com/r/memes/comments/lfvy5o/me_makes_a_meme_about_a_personal_issue_to/,,,,1,distracted boyfriend
reddit,distracted boyfriend,distracted boyfriend meme,ldhmuk,bigbearduk,bigbearduk,Distracted meme...,,https://i.redd.it/2p1y7r8n7qf61.jpg,43,,3,2021-02-05T21:22:06+00:00,2025-12-22T13:54:28.847892,https://www.reddit.com/r/memes/comments/ldhmuk/distracted_meme/,,,,1,distracted boyfriend
reddit,distracted boyfriend,distracted boyfriend meme,l8eja6,cryptic_slays,cryptic_slays,Just sad and angry right now so gonna make memes to distract myself,,https://i.redd.it/rz1z0ro8lee61.png,46,,4,2021-01-30T05:13:06+00:00,2025-12-22T13:54:28.847892,https://www.reddit.com/r/memes/comments/l8eja6/just_sad_and_angry_right_now_so_gonna_make_memes/,,,,1,distracted boyfriend
reddit,distracted boyfriend,distracted boyfriend meme,kudija,MaryStarBlazer,MaryStarBlazer,"old meme template, new meme. (waiting for my boyfriend to get online, so i'm bored.)",,https://i.redd.it/ddvlwsztyha61.png,19,,1,2021-01-10T12:17:48+00:00,2025-12-22T13:54:28.847892,https://www.reddit.com/r/dankmemes/comments/kudija/old_meme_template_new_meme_waiting_for_my/,,,,1,distracted boyfriend
reddit,distracted boyfriend,distracted boyfriend meme,ktqqsl,WeisGuyCAN,WeisGuyCAN,Old timey distracted girlfriend meme,,https://i.redd.it/j0poe81c4ba61.jpg,302,,7,2021-01-09T13:16:06+00:00,2025-12-22T13:54:28.847892,https://www.reddit.com/r/memes/comments/ktqqsl/old_timey_distracted_girlfriend_meme/,,,,1,distracted boyfriend
reddit,distracted boyfriend,distracted boyfriend meme,knhj4s,otter_tots,otter_tots,there's a mouse in my boyfriend's room so i made this meme,,https://i.redd.it/32yz04juvf861.jpg,74,,1,2020-12-31T03:09:11+00:00,2025-12-22T13:54:28.847892,https://www.reddit.com/r/memes/comments/knhj4s/theres_a_mouse_in_my_boyfriends_room_so_i_made/,,,,1,distracted boyfriend
reddit,distracted boyfriend,distracted boyfriend meme,k2ruvl,Sgramazingo,Sgramazingo,You guys keep distracting me with your quality memes.,,https://i.redd.it/zmsjhp7co0261.jpg,47,,3,2020-11-28T17:37:54+00:00,2025-12-22T13:54:28.847892,https://www.reddit.com/r/memes/comments/k2ruvl/you_guys_keep_distracting_me_with_your_quality/,,,,1,distracted boyfriend
reddit,distracted boyfriend,distracted boyfriend meme,jzxkpo,idiot_peanutist,idiot_peanutist,Have some cantaloupe to distract yourself from the repetitive memes :),,https://i.redd.it/wo6j3nis14161.jpg,29,,2,2020-11-24T03:52:11+00:00,2025-12-22T13:54:28.847892,https://www.reddit.com/r/memes/comments/jzxkpo/have_some_cantaloupe_to_distract_yourself_from/,,,,1,distracted boyfriend
reddit,distracted boyfriend,distracted boyfriend meme,jogcdn,ThePainfulGamer,ThePainfulGamer,A meme to distract from the politics stuff,,https://i.redd.it/e8gvcaoxbex51.png,387,,5,2020-11-05T10:10:50+00:00,2025-12-22T13:54:28.847892,https://www.reddit.com/r/dankmemes/comments/jogcdn/a_meme_to_distract_from_the_politics_stuff/,,,,1,distracted boyfriend
reddit,distracted boyfriend,distracted boyfriend meme,jm48hp,manuth188,manuth188,Low effort meme to distract ourselves from NNN,,https://i.redd.it/e8b39pxyenw51.jpg,27,,4,2020-11-01T15:39:14+00:00,2025-12-22T13:54:28.847892,https://www.reddit.com/r/memes/comments/jm48hp/low_effort_meme_to_distract_ourselves_from_nnn/,,,,1,distracted boyfriend
reddit,distracted boyfriend,distracted boyfriend meme,jldan2,shut_thefxckup,shut_thefxckup,my boyfriend made a meme for me from my perspective about spiders,,https://i.redd.it/ny6sz6jkddw51.jpg,41,,14,2020-10-31T05:53:33+00:00,2025-12-22T13:54:28.847892,https://www.reddit.com/r/memes/comments/jldan2/my_boyfriend_made_a_meme_for_me_from_my/,,,,1,distracted boyfriend
reddit,distracted boyfriend,distracted boyfriend meme,imftf3,ofespii,ofespii,A meme brought to you by my boyfriend,,https://i.redd.it/rmnq6vkkt4l51.jpg,33,,0,2020-09-04T13:21:44+00:00,2025-12-22T13:54:28.847892,https://www.reddit.com/r/memes/comments/imftf3/a_meme_brought_to_you_by_my_boyfriend/,,,,1,distracted boyfriend
reddit,distracted boyfriend,distracted boyfriend meme,ijwpdh,Horizon2910,Horizon2910,Distraction meme time,,https://i.redd.it/ftptk8o6wbk51.jpg,243,,3,2020-08-31T12:04:44+00:00,2025-12-22T13:54:28.847892,https://www.reddit.com/r/memes/comments/ijwpdh/distraction_meme_time/,,,,1,distracted boyfriend
reddit,distracted boyfriend,distracted boyfriend meme,iir7q6,handsome_vulpine,handsome_vulpine,Henry Stickmin distracts the meme reaper,,https://i.imgur.com/xfYf34g.gifv,55585,,264,2020-08-29T11:59:57+00:00,2025-12-22T13:54:28.847892,https://www.reddit.com/r/memes/comments/iir7q6/henry_stickmin_distracts_the_meme_reaper/,,,,1,distracted boyfriend
reddit,distracted boyfriend,distracted boyfriend meme,ig9fi7,kitten_princess69,kitten_princess69,A meme I made with my boyfriend,,https://i.redd.it/owhfohw2k4j51.jpg,16,,0,2020-08-25T10:20:16+00:00,2025-12-22T13:54:28.847892,https://www.reddit.com/r/memes/comments/ig9fi7/a_meme_i_made_with_my_boyfriend/,,,,1,distracted boyfriend
reddit,distracted boyfriend,distracted boyfriend meme,idrmxx,kulingames,kulingames,"I distract you from ""Cuties"" memes",,https://i.redd.it/tzyfzqwevai51.png,48,,2,2020-08-21T06:30:24+00:00,2025-12-22T13:54:28.847892,https://www.reddit.com/r/memes/comments/idrmxx/i_distract_you_from_cuties_memes/,,,,1,distracted boyfriend
reddit,distracted boyfriend,distracted boyfriend meme,i7xhfi,MichaelTheMage,MichaelTheMage,"Apparently my boyfriend made this meme about my little sister last year, I only found it now but it's still accurate",,https://i.redd.it/bd20uj3h5fg51.jpg,27,,3,2020-08-11T18:45:36+00:00,2025-12-22T13:54:28.847892,https://www.reddit.com/r/memes/comments/i7xhfi/apparently_my_boyfriend_made_this_meme_about_my/,,,,1,distracted boyfriend
reddit,distracted boyfriend,distracted boyfriend meme,huvi6d,its_the_jon,its_the_jon,A dad joke with a dead meme to distract you from the current zombie memes that... Won't ... Die!!!,,https://i.redd.it/25bafbr4b3c51.jpg,34,,3,2020-07-20T22:39:23+00:00,2025-12-22T13:54:28.847892,https://www.reddit.com/r/memes/comments/huvi6d/a_dad_joke_with_a_dead_meme_to_distract_you_from/,,,,1,distracted boyfriend
reddit,distracted boyfriend,distracted boyfriend meme,hsj6lj,ryblasters,ryblasters,Made a meme of my sister's cat and her boyfriend,,https://i.redd.it/oe5gh9wkiab51.jpg,19,,2,2020-07-16T21:49:34+00:00,2025-12-22T13:54:28.847892,https://www.reddit.com/r/memes/comments/hsj6lj/made_a_meme_of_my_sisters_cat_and_her_boyfriend/,,,,1,distracted boyfriend
reddit,distracted boyfriend,distracted boyfriend meme,hbrzuh,syzygyshirts,syzygyshirts,"My boyfriends dog was bitten by a rattlesnake. She is recovering now! Internet, can you make her into a meme?",,https://i.redd.it/n0pi14fvyr551.jpg,99,,23,2020-06-19T02:06:17+00:00,2025-12-22T13:54:28.847892,https://www.reddit.com/r/memes/comments/hbrzuh/my_boyfriends_dog_was_bitten_by_a_rattlesnake_she/,,,,1,distracted boyfriend
reddit,distracted boyfriend,distracted boyfriend meme,gvji1t,I-Lost-My-Katana,I-Lost-My-Katana,Here’s a meme to distract from the world,,https://i.redd.it/ym5ccwq1bl251.jpg,31,,3,2020-06-03T00:29:39+00:00,2025-12-22T13:54:28.847892,https://www.reddit.com/r/memes/comments/gvji1t/heres_a_meme_to_distract_from_the_world/,,,,1,distracted boyfriend
reddit,distracted boyfriend,distracted boyfriend meme,gvjh0t,I-Lost-My-Katana,I-Lost-My-Katana,Here’s a meme to distract from the world,,https://i.redd.it/ejurslgpal251.jpg,23,,3,2020-06-03T00:27:51+00:00,2025-12-22T13:54:28.847892,https://www.reddit.com/r/memes/comments/gvjh0t/heres_a_meme_to_distract_from_the_world/,,,,1,distracted boyfriend
reddit,distracted boyfriend,distracted boyfriend meme,gti2to,Kawaii-lau,Kawaii-lau,i was suppose to do something but i distracted when making this meme,,https://i.redd.it/2wl1suf2ux151.jpg,20,,0,2020-05-30T17:33:31+00:00,2025-12-22T13:54:28.847892,https://www.reddit.com/r/memes/comments/gti2to/i_was_suppose_to_do_something_but_i_distracted/,,,,1,distracted boyfriend
reddit,distracted boyfriend,distracted boyfriend meme,gheek1,-Random_memer-,-Random_memer-,Bad meme tbh but shit posting to stay distracted,,https://i.redd.it/jg9ckmy6k1y41.jpg,17,,2,2020-05-11T01:48:46+00:00,2025-12-22T13:54:28.847892,https://www.reddit.com/r/dankmemes/comments/gheek1/bad_meme_tbh_but_shit_posting_to_stay_distracted/,,,,1,distracted boyfriend
reddit,distracted boyfriend,distracted boyfriend meme,fk7wsv,_darth_gamer,_darth_gamer,A lil distraction from all the Coronavirus and 2020 memes.,,https://i.redd.it/bummp969c9n41.jpg,35,,1,2020-03-17T16:13:09+00:00,2025-12-22T13:54:28.847892,https://www.reddit.com/r/dankmemes/comments/fk7wsv/a_lil_distraction_from_all_the_coronavirus_and/,,,,1,distracted boyfriend
reddit,distracted boyfriend,distracted boyfriend meme,fk38mk,Nibbawhale,Nibbawhale,A little distraction from all the corona news and memes,,https://i.redd.it/hogv6lb1r7n41.jpg,14,,6,2020-03-17T10:52:19+00:00,2025-12-22T13:54:28.847892,https://www.reddit.com/r/memes/comments/fk38mk/a_little_distraction_from_all_the_corona_news_and/,,,,1,distracted boyfriend
reddit,distracted boyfriend,distracted boyfriend meme,fikixa,josidkhow,josidkhow,So my boyfriend made a meme,,https://i.redd.it/em9114uyunm41.jpg,32,,0,2020-03-14T15:58:43+00:00,2025-12-22T13:54:28.847892,https://www.reddit.com/r/memes/comments/fikixa/so_my_boyfriend_made_a_meme/,,,,1,distracted boyfriend
reddit,distracted boyfriend,distracted boyfriend meme,fihamv,BapuBadmaash,BapuBadmaash,An old meme to distract you from corona.,,https://i.redd.it/f8iy64jpomm41.jpg,32,,1,2020-03-14T12:01:52+00:00,2025-12-22T13:54:28.847892,https://www.reddit.com/r/dankmemes/comments/fihamv/an_old_meme_to_distract_you_from_corona/,,,,1,distracted boyfriend
reddit,distracted boyfriend,distracted boyfriend meme,fihagi,BapuBadmaash,BapuBadmaash,An old meme to distract you from corona.,,https://i.redd.it/hacgqs5nomm41.jpg,23,,1,2020-03-14T12:01:31+00:00,2025-12-22T13:54:28.847892,https://www.reddit.com/r/memes/comments/fihagi/an_old_meme_to_distract_you_from_corona/,,,,1,distracted boyfriend
reddit,two-button choice,"""two buttons""",1kwlbj4,Dazzler3623,Dazzler3623,"Thanks for the ""update"" Samsung",,https://i.redd.it/k1752ghkcb3f1.jpeg,1246,,141,2025-05-27T11:54:18+00:00,2025-12-22T13:54:28.847892,https://www.reddit.com/r/memes/comments/1kwlbj4/thanks_for_the_update_samsung/,,,,9,two-button choice
reddit,two-button choice,"""two buttons""",1gly8ki,Sai_AI__,Sai_AI__,... -> description,,https://i.redd.it/lf9q88yc1jzd1.png,35,,5,2024-11-07T19:04:41+00:00,2025-12-22T13:54:28.847892,https://www.reddit.com/r/memes/comments/1gly8ki/description/,,,,9,two-button choice
reddit,two-button choice,"""two buttons""",1ev9yix,luvs_animals,luvs_animals,How pigeons pick their targets,,https://i.redd.it/f7mpyzfeifjd1.png,30,,6,2024-08-18T14:01:23+00:00,2025-12-22T13:54:28.847892,https://www.reddit.com/r/funny/comments/1ev9yix/how_pigeons_pick_their_targets/,,,,9,two-button choice
reddit,two-button choice,"""two buttons""",1epu59b,AbrumVonAbrak,AbrumVonAbrak,I Get Overwhelmed Rather Easily. (Tech Meme),,https://i.redd.it/3snqe37fd3id1.png,17,,2,2024-08-11T20:08:51+00:00,2025-12-22T13:54:28.847892,https://www.reddit.com/r/memes/comments/1epu59b/i_get_overwhelmed_rather_easily_tech_meme/,,,,9,two-button choice
reddit,two-button choice,"""two buttons""",1dxlk15,MikeMac999,MikeMac999,12-page trilingual manual for two-button remote.,,https://i.redd.it/jpgabaorq4bd1.jpeg,139,,30,2024-07-07T17:15:20+00:00,2025-12-22T13:54:28.847892,https://www.reddit.com/r/funny/comments/1dxlk15/12page_trilingual_manual_for_twobutton_remote/,,,,9,two-button choice
reddit,two-button choice,"""two buttons""",11vyj8o,luvs_animals,luvs_animals,How pigeons pick their targets,,https://i.redd.it/7njgr9qolroa1.png,9,,4,2023-03-19T21:35:20+00:00,2025-12-22T13:54:28.847892,https://www.reddit.com/r/funny/comments/11vyj8o/how_pigeons_pick_their_targets/,,,,9,two-button choice
reddit,two-button choice,"""two buttons""",zvnd50,masterbuildera,masterbuildera,Two buttons??,,https://i.redd.it/s59azgyix88a1.jpg,150,,4,2022-12-26T13:41:28+00:00,2025-12-22T13:54:28.847892,https://www.reddit.com/r/memes/comments/zvnd50/two_buttons/,,,,9,two-button choice
reddit,two-button choice,"""two buttons""",xm59za,-Omegamart-,-Omegamart-,They are just two buttons,,https://i.redd.it/tvgyvadrinp91.jpg,11,,0,2022-09-23T18:26:58+00:00,2025-12-22T13:54:28.847892,https://www.reddit.com/r/memes/comments/xm59za/they_are_just_two_buttons/,,,,9,two-button choice
reddit,two-button choice,"""two buttons""",xinwd4,Baitsch,Baitsch,Fixed a meme from earlier,,https://i.redd.it/4ympsdn1mvo91.jpg,214,,13,2022-09-19T20:35:29+00:00,2025-12-22T13:54:28.847892,https://www.reddit.com/r/memes/comments/xinwd4/fixed_a_meme_from_earlier/,,,,9,two-button choice
reddit,two-button choice,"""two buttons""",uq42zw,AllForTheMight,AllForTheMight,"""Why are they're two buttons?""",,https://i.redd.it/fnfq9xtfkmz81.gif,87,,4,2022-05-15T11:27:08+00:00,2025-12-22T13:54:28.847892,https://www.reddit.com/r/memes/comments/uq42zw/why_are_theyre_two_buttons/,,,,9,two-button choice
reddit,two-button choice,"""two buttons""",rinux7,__Blues__,__Blues__,"Seriously, why are those two buttons so close to each other",,https://i.redd.it/jt8jc35nd5681.jpg,20,,2,2021-12-17T18:38:57+00:00,2025-12-22T13:54:28.847892,https://www.reddit.com/r/dankmemes/comments/rinux7/seriously_why_are_those_two_buttons_so_close_to/,,,,9,two-button choice
reddit,two-button choice,"""two buttons""",rinubo,__Blues__,__Blues__,"Seriously, why are those two buttons so close to each other",,https://i.redd.it/6e5ni0pid5681.jpg,25,,2,2021-12-17T18:38:08+00:00,2025-12-22T13:54:28.847892,https://www.reddit.com/r/memes/comments/rinubo/seriously_why_are_those_two_buttons_so_close_to/,,,,9,two-button choice
reddit,two-button choice,"""two buttons""",rhr7b8,Alon51,Alon51,Two Buttons,,https://i.redd.it/9556az2wtw581.jpg,36,,7,2021-12-16T13:53:52+00:00,2025-12-22T13:54:28.847892,https://www.reddit.com/r/memes/comments/rhr7b8/two_buttons/,,,,9,two-button choice
reddit,two-button choice,"""two buttons""",qhx2ls,Snoopdeeboop1,Snoopdeeboop1,Two Buttons,,https://i.redd.it/azdgknmfe9w71.jpg,24,,2,2021-10-28T21:29:20+00:00,2025-12-22T13:54:28.847892,https://www.reddit.com/r/memes/comments/qhx2ls/two_buttons/,,,,9,two-button choice
reddit,two-button choice,"""two buttons""",q7h64j,TheGaySussyBaka,TheGaySussyBaka,Two Buttons,,https://i.redd.it/4xf9xknfe9t71.png,38,,4,2021-10-13T18:17:02+00:00,2025-12-22T13:54:28.847892,https://www.reddit.com/r/memes/comments/q7h64j/two_buttons/,,,,9,two-button choice
reddit,two-button choice,"""two buttons""",pqyswz,MomICantPauseReddit,MomICantPauseReddit,Two Buttons,,https://i.redd.it/5fjd3fat5do71.jpg,38,,2,2021-09-19T01:34:48+00:00,2025-12-22T13:54:28.847892,https://www.reddit.com/r/dankmemes/comments/pqyswz/two_buttons/,,,,9,two-button choice
reddit,two-button choice,"""two buttons""",l2gy7b,TyYoshi,TyYoshi,Two Buttons,,https://i.redd.it/m6qtrkpektc61.jpg,23,,0,2021-01-22T05:26:34+00:00,2025-12-22T13:54:28.847892,https://www.reddit.com/r/memes/comments/l2gy7b/two_buttons/,,,,9,two-button choice
reddit,two-button choice,"""two buttons""",k0nxg0,endersteve_tf2,endersteve_tf2,Two Buttons,,https://i.redd.it/2qmhwf68ec161.jpg,80,,9,2020-11-25T07:56:15+00:00,2025-12-22T13:54:28.847892,https://www.reddit.com/r/memes/comments/k0nxg0/two_buttons/,,,,9,two-button choice
reddit,two-button choice,"""two buttons""",irw545,dankhelksick,dankhelksick,Two Buttons,,https://i.redd.it/mpi6jtn7awm51.jpg,19,,4,2020-09-13T10:47:32+00:00,2025-12-22T13:54:28.847892,https://www.reddit.com/r/dankmemes/comments/irw545/two_buttons/,,,,9,two-button choice
reddit,two-button choice,"""two buttons""",fx7vqp,MelodicBar1,MelodicBar1,two buttons,,https://i.redd.it/8czfmt44ylr41.jpg,19,,1,2020-04-08T14:55:42+00:00,2025-12-22T13:54:28.847892,https://www.reddit.com/r/memes/comments/fx7vqp/two_buttons/,,,,9,two-button choice
reddit,two-button choice,"""two buttons""",dv49t3,skelitations,skelitations,Two Buttons,,https://i.redd.it/qy8cqdk3e6y31.png,47,,7,2019-11-12T03:35:54+00:00,2025-12-22T13:54:28.847892,https://www.reddit.com/r/dankmemes/comments/dv49t3/two_buttons/,,,,9,two-button choice
reddit,two-button choice,"""two buttons""",dt7d0k,23Strader,23Strader,Two Buttons,,https://i.redd.it/6lodvc1ozcx31.png,17,,4,2019-11-08T00:42:28+00:00,2025-12-22T13:54:28.847892,https://www.reddit.com/r/dankmemes/comments/dt7d0k/two_buttons/,,,,9,two-button choice
reddit,two-button choice,"""two buttons""",75mpz8,-FinityForever-,-FinityForever-,"After a networking event, when I look in the bathroom mirror and realized that amongst my rushing to get dressed, I forgot to button the top two buttons...",,https://i.redd.it/s5ext0t9o4rz.jpg,0,,13,2017-10-11T04:23:53+00:00,2025-12-22T13:54:28.847892,https://www.reddit.com/r/funny/comments/75mpz8/after_a_networking_event_when_i_look_in_the/,,,,9,two-button choice
reddit,two-button choice,"""two buttons""",6fvbht,IamJacktheJill,IamJacktheJill,This app description is amusing.,,https://i.redd.it/z3u3m3ljn92z.jpg,834,,41,2017-06-07T18:25:21+00:00,2025-12-22T13:54:28.847892,https://www.reddit.com/r/funny/comments/6fvbht/this_app_description_is_amusing/,,,,9,two-button choice
reddit,two-button choice,"""two buttons""",1z73gj,njj56,njj56,Why would Facebook mobile put these two buttons next to eachother.....,,http://imgur.com/GulRyt6,0,,0,2014-02-28T18:13:18+00:00,2025-12-22T13:54:28.847892,https://www.reddit.com/r/funny/comments/1z73gj/why_would_facebook_mobile_put_these_two_buttons/,,,,9,two-button choice
reddit,two-button choice,"""two buttons""",yhb2k,looda,looda,I see your 8-yeared two button confusion and I raise you this,,http://i.imgur.com/aR3uN.jpg,3,,0,2012-08-19T18:04:37+00:00,2025-12-22T13:54:28.847892,https://www.reddit.com/r/funny/comments/yhb2k/i_see_your_8yeared_two_button_confusion_and_i/,,,,9,two-button choice
reddit,two-button choice,"""two buttons""",o8loa,evantide,evantide,These two buttons are probably the biggest culprits of sleepless nights on the internet.,,http://i.imgur.com/JpWZB.png,32,,1,2012-01-09T00:52:40+00:00,2025-12-22T13:54:28.847892,https://www.reddit.com/r/funny/comments/o8loa/these_two_buttons_are_probably_the_biggest/,,,,9,two-button choice
reddit,two-button choice,"""two buttons""",ksr1b,bllix,bllix,"Google answers the tough questions, with only two buttons.",,http://www.bllix.com/g/copyrightbllix/CanWhitePeople.jpg,2,,0,2011-09-27T08:02:46+00:00,2025-12-22T13:54:28.847892,https://www.reddit.com/r/funny/comments/ksr1b/google_answers_the_tough_questions_with_only_two/,,,,9,two-button choice
reddit,two-button choice,"""two buttons""",k7xfd,acrocanthosaurus,acrocanthosaurus,There was a hair stuck between two buttons on my keyboard.,,https://www.reddit.com/r/funny/comments/k7xfd/there_was_a_hair_stuck_between_two_buttons_on_my/,0,,1,2011-09-07T19:44:36+00:00,2025-12-22T13:54:28.847892,https://www.reddit.com/r/funny/comments/k7xfd/there_was_a_hair_stuck_between_two_buttons_on_my/,,,,9,two-button choice
reddit,two-button choice,"""two buttons""",f8mvm,ColourTaster,ColourTaster,"Reddit, please tell me: silly things your mother does, but you love them even more for it",,https://www.reddit.com/r/funny/comments/f8mvm/reddit_please_tell_me_silly_things_your_mother/,3,,13,2011-01-25T10:18:13+00:00,2025-12-22T13:54:28.847892,https://www.reddit.com/r/funny/comments/f8mvm/reddit_please_tell_me_silly_things_your_mother/,,,,9,two-button choice
reddit,two-button choice,"""two buttons""",dxrco,Pupikal,Pupikal,What do Bill Gates and Walt Disney have in common?,,https://www.reddit.com/r/funny/comments/dxrco/what_do_bill_gates_and_walt_disney_have_in_common/,15,,4,2010-10-28T15:51:25+00:00,2025-12-22T13:54:28.847892,https://www.reddit.com/r/funny/comments/dxrco/what_do_bill_gates_and_walt_disney_have_in_common/,,,,9,two-button choice
reddit,two-button choice,red or blue pill,1pqu99f,Morathin1,Morathin1,Blue or Red?,,https://i.redd.it/phj2rpohr78g1.jpeg,0,,3,2025-12-19T19:38:48+00:00,2025-12-22T13:54:28.847892,https://www.reddit.com/r/memes/comments/1pqu99f/blue_or_red/,,,,9,two-button choice
reddit,two-button choice,red or blue pill,1n1ujhl,LowIKew,LowIKew,I think most of us made the wrong choice,,https://i.redd.it/jv89tgytwmlf1.jpeg,9,,1,2025-08-27T22:00:22+00:00,2025-12-22T13:54:28.847892,https://www.reddit.com/r/memes/comments/1n1ujhl/i_think_most_of_us_made_the_wrong_choice/,,,,9,two-button choice
reddit,two-button choice,red or blue pill,1lq32es,lonely_Sigma,lonely_Sigma,blue or red?,,https://i.redd.it/w7b8orp85iaf1.jpeg,37,,13,2025-07-02T18:13:18+00:00,2025-12-22T13:54:28.847892,https://www.reddit.com/r/memes/comments/1lq32es/blue_or_red/,,,,9,two-button choice
reddit,two-button choice,red or blue pill,1itgq54,TREXIBALL,TREXIBALL,Paint or lights,,https://i.redd.it/k48nhlqqv5ke1.jpeg,6,,3,2025-02-19T21:11:01+00:00,2025-12-22T13:54:28.847892,https://www.reddit.com/r/memes/comments/1itgq54/paint_or_lights/,,,,9,two-button choice
reddit,two-button choice,red or blue pill,1heb026,MarcNijmegen,MarcNijmegen,Last Christmas i gave you my literal lyrics,,https://www.reddit.com/r/funny/comments/1heb026/last_christmas_i_gave_you_my_literal_lyrics/,0,,0,2024-12-14T19:56:11+00:00,2025-12-22T13:54:28.847892,https://www.reddit.com/r/funny/comments/1heb026/last_christmas_i_gave_you_my_literal_lyrics/,,,,9,two-button choice
reddit,two-button choice,red or blue pill,1frzg79,DotDotLine-Cartoons,DotDotLine-Cartoons,Blue Pill or Red Pill?,,https://i.redd.it/q8lavm5wgprd1.jpeg,475,,5,2024-09-29T08:05:22+00:00,2025-12-22T13:54:28.847892,https://www.reddit.com/r/dankmemes/comments/1frzg79/blue_pill_or_red_pill/,,,,9,two-button choice
reddit,two-button choice,red or blue pill,1fgb1j5,bigpoppajoe80,bigpoppajoe80,Indeed,,https://i.redd.it/s3p3l9ctgood1.png,1743,,65,2024-09-14T01:30:01+00:00,2025-12-22T13:54:28.847892,https://www.reddit.com/r/dankmemes/comments/1fgb1j5/indeed/,,,,9,two-button choice
reddit,two-button choice,red or blue pill,1ev8tb8,TimeTraveller13-20,TimeTraveller13-20,Youtube ,,https://i.redd.it/7ag4qmhq8fjd1.jpeg,0,,2,2024-08-18T13:06:56+00:00,2025-12-22T13:54:28.847892,https://www.reddit.com/r/memes/comments/1ev8tb8/youtube/,,,,9,two-button choice
reddit,two-button choice,red or blue pill,1e13bwf,yellinseal,yellinseal,Red pill or Blue pill,,https://i.redd.it/mk2f9aek8zbd1.jpeg,3,,6,2024-07-11T23:48:31+00:00,2025-12-22T13:54:28.847892,https://www.reddit.com/r/memes/comments/1e13bwf/red_pill_or_blue_pill/,,,,9,two-button choice
reddit,two-button choice,red or blue pill,1dd448h,UnderstandingOk3784,UnderstandingOk3784,Shiny Food Pokemon,,https://i.redd.it/mc5b3776zu5d1.jpeg,12,,1,2024-06-11T03:03:59+00:00,2025-12-22T13:54:28.847892,https://www.reddit.com/r/memes/comments/1dd448h/shiny_food_pokemon/,,,,9,two-button choice
reddit,two-button choice,red or blue pill,1cna8br,makithejap,makithejap,"You had me at ""pill""",,https://i.redd.it/pr414922m8zc1.png,172,,6,2024-05-08T17:27:14+00:00,2025-12-22T13:54:28.847892,https://www.reddit.com/r/dankmemes/comments/1cna8br/you_had_me_at_pill/,,,,9,two-button choice
reddit,two-button choice,red or blue pill,1cjwn53,DarksideOutlaw,DarksideOutlaw,Why take the red or blue when you can have both?,,https://i.redd.it/dsa6ywiosdyc1.jpeg,1292,,42,2024-05-04T09:48:20+00:00,2025-12-22T13:54:28.847892,https://www.reddit.com/r/memes/comments/1cjwn53/why_take_the_red_or_blue_when_you_can_have_both/,,,,9,two-button choice
reddit,two-button choice,red or blue pill,1cbbys6,Apprehensive_Mine104,Apprehensive_Mine104, Mistakes are part of life and learning ,,https://i.redd.it/qyli6wsav9wc1.png,1039,,21,2024-04-23T18:27:40+00:00,2025-12-22T13:54:28.847892,https://www.reddit.com/r/dankmemes/comments/1cbbys6/mistakes_are_part_of_life_and_learning/,,,,9,two-button choice
reddit,two-button choice,red or blue pill,1b5herh,davecontra,davecontra,MATRIX.,,https://i.redd.it/xfgrmxbeh4mc1.jpeg,2542,,20,2024-03-03T13:40:03+00:00,2025-12-22T13:54:28.847892,https://www.reddit.com/r/funny/comments/1b5herh/matrix/,,,,9,two-button choice
reddit,two-button choice,red or blue pill,1ad5tfv,ManMadeOfMistakes,ManMadeOfMistakes,Good morning,,https://i.redd.it/yxkmondpe7fc1.jpeg,83,,5,2024-01-28T16:00:46+00:00,2025-12-22T13:54:28.847892,https://www.reddit.com/r/memes/comments/1ad5tfv/good_morning/,,,,9,two-button choice
reddit,two-button choice,red or blue pill,18xypvz,IGdoods,IGdoods,"one pill, two pill, red pill, blue pill ✨ [oc]",,https://i.redd.it/2yolw5vwfbac1.png,266,,9,2024-01-04T00:13:59+00:00,2025-12-22T13:54:28.847892,https://www.reddit.com/r/funny/comments/18xypvz/one_pill_two_pill_red_pill_blue_pill_oc/,,,,9,two-button choice
reddit,two-button choice,red or blue pill,18ksjs6,EnderFlyingLizard,EnderFlyingLizard,i love inhaling pills with shitty superpowers,,https://i.redd.it/hn8ja7a5hx6c1.png,971,,315,2023-12-17T22:03:42+00:00,2025-12-22T13:54:28.847892,https://www.reddit.com/r/memes/comments/18ksjs6/i_love_inhaling_pills_with_shitty_superpowers/,,,,9,two-button choice
reddit,two-button choice,red or blue pill,18cmgb5,Mr_Eck,Mr_Eck,Important decision,,https://i.redd.it/2fh0dvldms4c1.jpg,3190,,106,2023-12-07T03:35:44+00:00,2025-12-22T13:54:28.847892,https://www.reddit.com/r/funny/comments/18cmgb5/important_decision/,,,,9,two-button choice
reddit,two-button choice,red or blue pill,17mim7l,TreeBen77,TreeBen77,blue is the obvious best choice,,https://i.redd.it/nkvo5inj41yb1.png,2103,,517,2023-11-03T00:43:08+00:00,2025-12-22T13:54:28.847892,https://www.reddit.com/r/memes/comments/17mim7l/blue_is_the_obvious_best_choice/,,,,9,two-button choice
reddit,two-button choice,red or blue pill,15tvb0f,VapeGodPP,VapeGodPP,What a good life,,https://i.redd.it/do4mrw30qpib1.jpg,38,,1,2023-08-17T18:19:52+00:00,2025-12-22T13:54:28.847892,https://www.reddit.com/r/memes/comments/15tvb0f/what_a_good_life/,,,,9,two-button choice
reddit,two-button choice,red or blue pill,14rrwpu,Charming-Macaron-322,Charming-Macaron-322,Red truck or blue truck,,https://i.redd.it/r9sqvu0vj8ab1.jpg,65,,5,2023-07-06T00:02:00+00:00,2025-12-22T13:54:28.847892,https://www.reddit.com/r/memes/comments/14rrwpu/red_truck_or_blue_truck/,,,,9,two-button choice
reddit,two-button choice,red or blue pill,143r65h,thefrostman1214,thefrostman1214,I think the choice is obvious,,https://i.redd.it/wkszbvvm9o4b1.png,0,,3,2023-06-07T22:29:15+00:00,2025-12-22T13:54:28.847892,https://www.reddit.com/r/memes/comments/143r65h/i_think_the_choice_is_obvious/,,,,9,two-button choice
reddit,two-button choice,red or blue pill,13zzkzd,PunkrockPopeye,PunkrockPopeye,Beat Em'!,,https://i.redd.it/3no4xhcv7x3b1.png,0,,0,2023-06-04T03:30:30+00:00,2025-12-22T13:54:28.847892,https://www.reddit.com/r/funny/comments/13zzkzd/beat_em/,,,,9,two-button choice
reddit,two-button choice,red or blue pill,12ufzve,Danger_Dave_,Danger_Dave_,That's a really long press,,https://i.imgur.com/O2p2se2.jpg,22,,4,2023-04-21T19:48:55+00:00,2025-12-22T13:54:28.847892,https://www.reddit.com/r/funny/comments/12ufzve/thats_a_really_long_press/,,,,9,two-button choice
reddit,two-button choice,red or blue pill,12bcenj,HappierSage75,HappierSage75,Kinda funny childhood story,,https://www.reddit.com/r/funny/comments/12bcenj/kinda_funny_childhood_story/,2,,2,2023-04-04T08:02:30+00:00,2025-12-22T13:54:28.847892,https://www.reddit.com/r/funny/comments/12bcenj/kinda_funny_childhood_story/,,,,9,two-button choice
reddit,two-button choice,red or blue pill,123uvkx,montrealien,montrealien,"I mean, on the internet that's how the choices look.",,https://i.redd.it/ic9t4gy5mbqa1.png,19,,6,2023-03-27T17:58:53+00:00,2025-12-22T13:54:28.847892,https://www.reddit.com/r/dankmemes/comments/123uvkx/i_mean_on_the_internet_thats_how_the_choices_look/,,,,9,two-button choice
reddit,two-button choice,red or blue pill,122ctnx,musing2020,musing2020,With current financial turmoil,,https://i.redd.it/9hzm5vx2f2qa1.jpg,0,,3,2023-03-26T06:01:46+00:00,2025-12-22T13:54:28.847892,https://www.reddit.com/r/memes/comments/122ctnx/with_current_financial_turmoil/,,,,9,two-button choice
reddit,two-button choice,red or blue pill,11pe7kj,Ghost-5AVAGE_786,Ghost-5AVAGE_786,Red or blue,,https://i.redd.it/3bc4fkgumcna1.jpg,786,,38,2023-03-12T13:10:44+00:00,2025-12-22T13:54:28.847892,https://www.reddit.com/r/memes/comments/11pe7kj/red_or_blue/,,,,9,two-button choice
reddit,two-button choice,red or blue pill,11be9al,ArjunReddyDeshmukh,ArjunReddyDeshmukh,Taking the red colored blue pill every night.,,https://i.redd.it/aacermm9nbka1.jpg,15,,1,2023-02-25T06:38:53+00:00,2025-12-22T13:54:28.847892,https://www.reddit.com/r/memes/comments/11be9al/taking_the_red_colored_blue_pill_every_night/,,,,9,two-button choice
reddit,two-button choice,red or blue pill,118cq95,loveofGod12345,loveofGod12345,The back of our soap. How many people mistook it for food?!?!,,https://i.redd.it/j0uur3u1qmja1.jpg,94,,55,2023-02-21T18:49:59+00:00,2025-12-22T13:54:28.847892,https://www.reddit.com/r/funny/comments/118cq95/the_back_of_our_soap_how_many_people_mistook_it/,,,,9,two-button choice
reddit,two-button choice,red or blue pill,10sgj0a,krmaWhore,krmaWhore,You can't buy bitcion or stocks and stuff if you take the red pill,,https://i.redd.it/t7xias4zkzfa1.jpg,13,,29,2023-02-03T09:48:09+00:00,2025-12-22T13:54:28.847892,https://www.reddit.com/r/memes/comments/10sgj0a/you_cant_buy_bitcion_or_stocks_and_stuff_if_you/,,,,9,two-button choice
reddit,two-button choice,red or blue pill,10kk48u,Durian_Ill,Durian_Ill,Get your anti-Valentine's day jokes here!,,https://www.reddit.com/r/funny/comments/10kk48u/get_your_antivalentines_day_jokes_here/,0,,1,2023-01-24T23:45:15+00:00,2025-12-22T13:54:28.847892,https://www.reddit.com/r/funny/comments/10kk48u/get_your_antivalentines_day_jokes_here/,,,,9,two-button choice
reddit,two-button choice,red or blue pill,10f5w8v,illustrationsbysimon,illustrationsbysimon,Budget cuts at MI5,,https://i.redd.it/gkvs6sedmsca1.png,17,,1,2023-01-18T12:11:16+00:00,2025-12-22T13:54:28.847892,https://www.reddit.com/r/funny/comments/10f5w8v/budget_cuts_at_mi5/,,,,9,two-button choice
reddit,two-button choice,red or blue pill,10b6u0s,Baitsch,Baitsch,Is it red pill or the blue pill that gets you high?,,https://i.redd.it/1gacqmg3cxba1.jpg,20,,0,2023-01-13T21:58:16+00:00,2025-12-22T13:54:28.847892,https://www.reddit.com/r/dankmemes/comments/10b6u0s/is_it_red_pill_or_the_blue_pill_that_gets_you_high/,,,,9,two-button choice
reddit,two-button choice,red or blue pill,10b6tne,Baitsch,Baitsch,Is it red pill or the blue pill that gets you high?,,https://i.redd.it/g8n2jko0cxba1.jpg,12,,0,2023-01-13T21:57:50+00:00,2025-12-22T13:54:28.847892,https://www.reddit.com/r/memes/comments/10b6tne/is_it_red_pill_or_the_blue_pill_that_gets_you_high/,,,,9,two-button choice
reddit,two-button choice,red or blue pill,zuklwt,Memesperience,Memesperience,Zodiac signs my ass,,https://i.redd.it/4olxlhe3ty7a1.jpg,30,,7,2022-12-24T22:38:51+00:00,2025-12-22T13:54:28.847892,https://www.reddit.com/r/memes/comments/zuklwt/zodiac_signs_my_ass/,,,,9,two-button choice
reddit,two-button choice,red or blue pill,zo9rqu,fruchtiiii,fruchtiiii,he's coming for u,,https://i.redd.it/cx4hxqnihh6a1.png,103,,2,2022-12-17T16:19:42+00:00,2025-12-22T13:54:28.847892,https://www.reddit.com/r/dankmemes/comments/zo9rqu/hes_coming_for_u/,,,,9,two-button choice
reddit,two-button choice,red or blue pill,ypw73s,notjuan_f_m,notjuan_f_m,holy hell this is disgusting!!,,https://i.redd.it/1hrvf8comty91.png,45,,6,2022-11-08T19:36:42+00:00,2025-12-22T13:54:28.847892,https://www.reddit.com/r/memes/comments/ypw73s/holy_hell_this_is_disgusting/,,,,9,two-button choice
reddit,two-button choice,red or blue pill,y3zksr,theoneandonlypan263,theoneandonlypan263,Blue gang superiority,,https://i.redd.it/94j6gkyb0tt91.png,10,,15,2022-10-14T17:11:00+00:00,2025-12-22T13:54:28.847892,https://www.reddit.com/r/memes/comments/y3zksr/blue_gang_superiority/,,,,9,two-button choice
reddit,two-button choice,red or blue pill,xs9ggt,SirZoidberg13,SirZoidberg13,"You can choose the red pill, or the blue pill 😳",,https://i.redd.it/qrd7knhzm1r91.jpg,300,,50,2022-09-30T18:59:39+00:00,2025-12-22T13:54:28.847892,https://www.reddit.com/r/funny/comments/xs9ggt/you_can_choose_the_red_pill_or_the_blue_pill/,,,,9,two-button choice
reddit,two-button choice,red or blue pill,xny79b,Toxcinity_04,Toxcinity_04,Saw this at brunch yesterday. Corn.,,https://i.redd.it/k1bu0pste2q91.jpg,13,,11,2022-09-25T20:31:40+00:00,2025-12-22T13:54:28.847892,https://www.reddit.com/r/funny/comments/xny79b/saw_this_at_brunch_yesterday_corn/,,,,9,two-button choice
reddit,two-button choice,red or blue pill,xme68a,Kissthecurb1999,Kissthecurb1999,It's kinda true,,https://i.redd.it/q23xtipicpp91.jpg,330,,9,2022-09-24T00:35:25+00:00,2025-12-22T13:54:28.847892,https://www.reddit.com/r/memes/comments/xme68a/its_kinda_true/,,,,9,two-button choice
reddit,two-button choice,red or blue pill,x7y7l2,potato_hunter21,potato_hunter21,I have the answer homie (I know my Google is in French),,https://i.redd.it/6jfjlvgfxdm91.jpg,492,,99,2022-09-07T06:58:57+00:00,2025-12-22T13:54:28.847892,https://www.reddit.com/r/memes/comments/x7y7l2/i_have_the_answer_homie_i_know_my_google_is_in/,,,,9,two-button choice
reddit,two-button choice,red or blue pill,wy6a9q,thespygorillas,thespygorillas,Team red or blue? which?,,https://i.redd.it/19mx1u3ei1k91.png,38,,43,2022-08-26T11:05:45+00:00,2025-12-22T13:54:28.847892,https://www.reddit.com/r/memes/comments/wy6a9q/team_red_or_blue_which/,,,,9,two-button choice
reddit,two-button choice,red or blue pill,vrngxy,Ehrlich_jetzt,Ehrlich_jetzt,Blue or red for breakfast?,,https://i.redd.it/t62yfpddcp991.gif,13,,0,2022-07-05T02:28:28+00:00,2025-12-22T13:54:28.847892,https://www.reddit.com/r/dankmemes/comments/vrngxy/blue_or_red_for_breakfast/,,,,9,two-button choice
reddit,two-button choice,red or blue pill,v13mds,Top-Draft6269,Top-Draft6269,Red pill or blue pill?,,https://i.redd.it/mdlq99wy0n291.jpg,26,,60,2022-05-30T16:12:02+00:00,2025-12-22T13:54:28.847892,https://www.reddit.com/r/memes/comments/v13mds/red_pill_or_blue_pill/,,,,9,two-button choice
reddit,two-button choice,red or blue pill,uiju9l,Fork_Master,Fork_Master,"Right or left, red or blue, it doesn’t matter.",,https://i.redd.it/z760bencpjx81.jpg,637,,88,2022-05-04T23:40:54+00:00,2025-12-22T13:54:28.847892,https://www.reddit.com/r/dankmemes/comments/uiju9l/right_or_left_red_or_blue_it_doesnt_matter/,,,,9,two-button choice
reddit,two-button choice,red or blue pill,u49dod,jjangel8051,jjangel8051,Choose red or blue,,https://i.redd.it/fb0y3lh9ept81.jpg,76,,88,2022-04-15T14:32:55+00:00,2025-12-22T13:54:28.847892,https://www.reddit.com/r/memes/comments/u49dod/choose_red_or_blue/,,,,9,two-button choice
reddit,two-button choice,red or blue pill,tvrhhp,CreepyAssPenis,CreepyAssPenis,Yellow pill or blue pill,,https://i.redd.it/n0j4wg86gfr81.jpg,12,,2,2022-04-04T02:57:32+00:00,2025-12-22T13:54:28.847892,https://www.reddit.com/r/memes/comments/tvrhhp/yellow_pill_or_blue_pill/,,,,9,two-button choice
reddit,two-button choice,red or blue pill,sdxeij,FeliciusFlamel,FeliciusFlamel,"Green, red, blue... don't fucking take the pill (m&m)",,https://i.redd.it/xbeupr9968e81.jpg,28,,6,2022-01-27T12:35:44+00:00,2025-12-22T13:54:28.847892,https://www.reddit.com/r/memes/comments/sdxeij/green_red_blue_dont_fucking_take_the_pill_mm/,,,,9,two-button choice
reddit,two-button choice,red or blue pill,sb3ysj,PensadorDispensado,PensadorDispensado,"such bold risks, hard choices, blue pill or red pill? make your decisions soldiers",,https://i.redd.it/zn8lbj5a6id81.png,58,,1,2022-01-23T21:10:01+00:00,2025-12-22T13:54:28.847892,https://www.reddit.com/r/memes/comments/sb3ysj/such_bold_risks_hard_choices_blue_pill_or_red/,,,,9,two-button choice
reddit,two-button choice,red or blue pill,s4fp1n,mojkardi,mojkardi,Red Or Blue (choose wisely),,https://i.redd.it/ezdr4909atb81.jpg,851,,203,2022-01-15T08:23:08+00:00,2025-12-22T13:54:28.847892,https://www.reddit.com/r/dankmemes/comments/s4fp1n/red_or_blue_choose_wisely/,,,,9,two-button choice
reddit,two-button choice,red or blue pill,rzd987,Kyj-dhe-ves,Kyj-dhe-ves,"Red or blue, but its a Teachers work sheet.",,https://i.redd.it/xpwedcodtja81.jpg,31,,2,2022-01-08T23:28:24+00:00,2025-12-22T13:54:28.847892,https://www.reddit.com/r/memes/comments/rzd987/red_or_blue_but_its_a_teachers_work_sheet/,,,,9,two-button choice
reddit,two-button choice,red or blue pill,rukzee,sjmaeff,sjmaeff,Red pillow or blue pillow?,,https://i.redd.it/fmef2oc1nc981.jpg,52,,1,2022-01-02T22:16:16+00:00,2025-12-22T13:54:28.847892,https://www.reddit.com/r/memes/comments/rukzee/red_pillow_or_blue_pillow/,,,,9,two-button choice
reddit,two-button choice,red or blue pill,rf9iw9,CillGra,CillGra,Red pill or blue pill,,https://i.redd.it/xkt9btubb9581.jpg,2201,,222,2021-12-13T06:48:46+00:00,2025-12-22T13:54:28.847892,https://www.reddit.com/r/memes/comments/rf9iw9/red_pill_or_blue_pill/,,,,9,two-button choice
reddit,two-button choice,red or blue pill,r7lj6g,Glemmy57,Glemmy57,Polite Request,,https://www.reddit.com/r/funny/comments/r7lj6g/polite_request/,26,,16,2021-12-03T00:25:47+00:00,2025-12-22T13:54:28.847892,https://www.reddit.com/r/funny/comments/r7lj6g/polite_request/,,,,9,two-button choice
reddit,two-button choice,red or blue pill,r7hddh,naveedkoval,naveedkoval,"The Matrix ""Red Pill Blue Pill"" Scene (FULL OG VERSION)",,https://www.youtube.com/watch?v=jIaXb-bWo6M,5,,2,2021-12-02T21:08:26+00:00,2025-12-22T13:54:28.847892,https://www.reddit.com/r/funny/comments/r7hddh/the_matrix_red_pill_blue_pill_scene_full_og/,,,,9,two-button choice
reddit,two-button choice,red or blue pill,r03qeg,VD246,VD246,"blue pill ,red pill",,https://i.redd.it/j4zu9rx9l9181.png,6,,2,2021-11-23T03:28:16+00:00,2025-12-22T13:54:28.847892,https://www.reddit.com/r/dankmemes/comments/r03qeg/blue_pill_red_pill/,,,,9,two-button choice
reddit,two-button choice,red or blue pill,qzsm86,rwcgamer,rwcgamer,Red or blue pill,,https://i.redd.it/279iy58017181.jpg,5464,,38,2021-11-22T18:50:47+00:00,2025-12-22T13:54:28.847892,https://www.reddit.com/r/memes/comments/qzsm86/red_or_blue_pill/,,,,9,two-button choice
reddit,two-button choice,red or blue pill,qiaxq5,WarthogPrestigious,WarthogPrestigious,Red pill or blue pill?,,https://i.redd.it/cfhdahytmdw71.png,15459,,908,2021-10-29T11:43:17+00:00,2025-12-22T13:54:28.847892,https://www.reddit.com/r/memes/comments/qiaxq5/red_pill_or_blue_pill/,,,,9,two-button choice
reddit,two-button choice,red or blue pill,qf4jjs,Razzberri5,Razzberri5,Coach & Nick ~ The Matrix: Blue Pill Or... (SFM),,https://www.youtube.com/watch?v=Lw6q7QAIaK0,1,,1,2021-10-25T00:04:10+00:00,2025-12-22T13:54:28.847892,https://www.reddit.com/r/funny/comments/qf4jjs/coach_nick_the_matrix_blue_pill_or_sfm/,,,,9,two-button choice
reddit,two-button choice,red or blue pill,qcjeze,Gitzalytics,Gitzalytics,Blue pill or blue pill anyone?,,https://i.redd.it/17k3fjwxcqu71.jpg,4,,1,2021-10-21T04:22:35+00:00,2025-12-22T13:54:28.847892,https://www.reddit.com/r/memes/comments/qcjeze/blue_pill_or_blue_pill_anyone/,,,,9,two-button choice
reddit,two-button choice,red or blue pill,qbzohz,bravobracus,bravobracus,Red or blue?,,https://imgur.com/O2mCjKZ,10,,13,2021-10-20T12:27:34+00:00,2025-12-22T13:54:28.847892,https://www.reddit.com/r/memes/comments/qbzohz/red_or_blue/,,,,9,two-button choice
reddit,two-button choice,red or blue pill,q7hs0w,Yeet91145,Yeet91145,Red pill or blue pill?,,https://i.redd.it/070943rnj9t71.jpg,29,,13,2021-10-13T18:45:50+00:00,2025-12-22T13:54:28.847892,https://www.reddit.com/r/memes/comments/q7hs0w/red_pill_or_blue_pill/,,,,9,two-button choice
reddit,two-button choice,red or blue pill,q2n0si,DudelookItsAGoose,DudelookItsAGoose,Red pill blue pill,,https://i.redd.it/tbnmojp2our71.jpg,983,,35,2021-10-06T15:39:43+00:00,2025-12-22T13:54:28.847892,https://www.reddit.com/r/dankmemes/comments/q2n0si/red_pill_blue_pill/,,,,9,two-button choice
reddit,two-button choice,red or blue pill,pwwdmf,QuantumVitae,QuantumVitae,"Welcome to Reddit, red pill or blue pill?",,https://i.redd.it/ip3u8efql5q71.jpg,23,,5,2021-09-28T02:17:55+00:00,2025-12-22T13:54:28.847892,https://www.reddit.com/r/memes/comments/pwwdmf/welcome_to_reddit_red_pill_or_blue_pill/,,,,9,two-button choice
reddit,two-button choice,red or blue pill,ppxuq6,Jupitersdangle,Jupitersdangle,Red pill or blue pill?,,https://i.redd.it/n7kuc1kan1o71.jpg,7874,,61,2021-09-17T10:51:16+00:00,2025-12-22T13:54:28.847892,https://www.reddit.com/r/memes/comments/ppxuq6/red_pill_or_blue_pill/,,,,9,two-button choice
reddit,two-button choice,red or blue pill,ppecvl,yaki15,yaki15,Red pill or the blue pill?,,https://i.redd.it/dh0ppntwkvn71.jpg,77,,16,2021-09-16T14:27:14+00:00,2025-12-22T13:54:28.847892,https://www.reddit.com/r/dankmemes/comments/ppecvl/red_pill_or_the_blue_pill/,,,,9,two-button choice
reddit,two-button choice,red or blue pill,ppeapv,yaki15,yaki15,Red pill or the blue pill?,,https://i.redd.it/1v99rn9bkvn71.jpg,54,,12,2021-09-16T14:23:54+00:00,2025-12-22T13:54:28.847892,https://www.reddit.com/r/memes/comments/ppeapv/red_pill_or_the_blue_pill/,,,,9,two-button choice
reddit,two-button choice,red or blue pill,pjsywy,Mtt76812,Mtt76812,"If you look closely, you can see both a red and a blue pill...this could be Mephisto",,https://v.redd.it/rv6e5e1jk4m71,58,,2,2021-09-07T18:33:23+00:00,2025-12-22T13:54:28.847892,https://www.reddit.com/r/memes/comments/pjsywy/if_you_look_closely_you_can_see_both_a_red_and_a/,,,,9,two-button choice
reddit,two-button choice,red or blue pill,pe9iq5,smollpeep,smollpeep,Red or blue seats,,https://i.redd.it/hkmulpdftek71.jpg,43240,,1573,2021-08-30T02:52:19+00:00,2025-12-22T13:54:28.847892,https://www.reddit.com/r/memes/comments/pe9iq5/red_or_blue_seats/,,,,9,two-button choice
reddit,two-button choice,red or blue pill,oo3wl4,prof_devilsadvocate,prof_devilsadvocate,red pill or the blue pill,,https://i.redd.it/emlvmtxhvdc71.jpg,43,,1,2021-07-20T15:09:03+00:00,2025-12-22T13:54:28.847892,https://www.reddit.com/r/memes/comments/oo3wl4/red_pill_or_the_blue_pill/,,,,9,two-button choice
reddit,two-button choice,red or blue pill,o6jneu,lamechson,lamechson,Do you choose the red lolly or the blue lolly,,https://i.redd.it/3firkm3nd2771.jpg,101,,4,2021-06-23T19:08:41+00:00,2025-12-22T13:54:28.847892,https://www.reddit.com/r/memes/comments/o6jneu/do_you_choose_the_red_lolly_or_the_blue_lolly/,,,,9,two-button choice
reddit,two-button choice,red or blue pill,o53ldl,Lucky_Lowe,Lucky_Lowe,Red or blue?,,https://i.redd.it/42wx1rqq9o671.jpg,26,,13,2021-06-21T19:41:53+00:00,2025-12-22T13:54:28.847892,https://www.reddit.com/r/memes/comments/o53ldl/red_or_blue/,,,,9,two-button choice
reddit,two-button choice,red or blue pill,nwwwk0,KofukunaShiNoKami,KofukunaShiNoKami,Blue pill red pill Mario,,https://i.redd.it/ddamctqouh471.jpg,46,,11,2021-06-10T19:58:33+00:00,2025-12-22T13:54:28.847892,https://www.reddit.com/r/memes/comments/nwwwk0/blue_pill_red_pill_mario/,,,,9,two-button choice
reddit,two-button choice,red or blue pill,n8i4yz,thatcat7_,thatcat7_,"Red Pill or Blue Pill, of Cosmology.",,https://i.imgur.com/tZaPHvO.png,20,,12,2021-05-09T16:48:26+00:00,2025-12-22T13:54:28.847892,https://www.reddit.com/r/memes/comments/n8i4yz/red_pill_or_blue_pill_of_cosmology/,,,,9,two-button choice
reddit,two-button choice,red or blue pill,mmqo0o,TechOnBest,TechOnBest,"red pill, blue pill",,https://i.redd.it/htkh499m0yr61.png,34,,3,2021-04-08T12:26:55+00:00,2025-12-22T13:54:28.847892,https://www.reddit.com/r/memes/comments/mmqo0o/red_pill_blue_pill/,,,,9,two-button choice
reddit,two-button choice,red or blue pill,mi80ea,Jvwade,Jvwade,Red or blue pill?,,https://i.redd.it/um7g7gdydnq61.png,23,,2,2021-04-01T23:37:42+00:00,2025-12-22T13:54:28.847892,https://www.reddit.com/r/memes/comments/mi80ea/red_or_blue_pill/,,,,9,two-button choice
reddit,two-button choice,red or blue pill,lwjtld,RoninMagister,RoninMagister,"One Fish, Two fish or Red Fish, Blue Fish?",,https://i.redd.it/ur7sof9edqk61.jpg,39,,4,2021-03-03T03:14:58+00:00,2025-12-22T13:54:28.847892,https://www.reddit.com/r/memes/comments/lwjtld/one_fish_two_fish_or_red_fish_blue_fish/,,,,9,two-button choice
reddit,two-button choice,red or blue pill,lsxus2,OzZVidzYT,OzZVidzYT,Red pill or blue pill?,,https://i.redd.it/y5h2t6m4stj61.jpg,67,,4,2021-02-26T13:38:44+00:00,2025-12-22T13:54:28.847892,https://www.reddit.com/r/memes/comments/lsxus2/red_pill_or_blue_pill/,,,,9,two-button choice
reddit,two-button choice,red or blue pill,lrb9mh,a-REAL-sandwich,a-REAL-sandwich,"The question is, red pill or blue pill",,https://i.redd.it/k9lt3k6p1fj61.jpg,43,,2,2021-02-24T12:05:41+00:00,2025-12-22T13:54:28.847892,https://www.reddit.com/r/memes/comments/lrb9mh/the_question_is_red_pill_or_blue_pill/,,,,9,two-button choice
reddit,two-button choice,red or blue pill,lpjpb0,DanieleMemoli,DanieleMemoli,red cable or blue cable?!,,https://i.redd.it/oze1v3ghwzi61.png,122,,3,2021-02-22T09:13:15+00:00,2025-12-22T13:54:28.847892,https://www.reddit.com/r/memes/comments/lpjpb0/red_cable_or_blue_cable/,,,,9,two-button choice
reddit,two-button choice,red or blue pill,lci3un,Danny_Dongvito,Danny_Dongvito,Red or blue...,,https://i.redd.it/pkixg2xybhf61.jpg,31,,20,2021-02-04T15:30:16+00:00,2025-12-22T13:54:28.847892,https://www.reddit.com/r/memes/comments/lci3un/red_or_blue/,,,,9,two-button choice
reddit,two-button choice,red or blue pill,kvzwcg,Personpacman,Personpacman,"Step 1: Red, White, Green, and/or blue stripe. Step 2: Mix n match",,https://i.redd.it/jsrzf4gcnya61.png,22,,3,2021-01-12T20:25:44+00:00,2025-12-22T13:54:28.847892,https://www.reddit.com/r/dankmemes/comments/kvzwcg/step_1_red_white_green_andor_blue_stripe_step_2/,,,,9,two-button choice
reddit,two-button choice,red or blue pill,kvzu6r,Personpacman,Personpacman,"Please be original and stop using plain red, white, green, and/or blue stripes in your flag",,https://i.redd.it/jyixhff0nya61.png,18,,12,2021-01-12T20:22:51+00:00,2025-12-22T13:54:28.847892,https://www.reddit.com/r/memes/comments/kvzu6r/please_be_original_and_stop_using_plain_red_white/,,,,9,two-button choice
reddit,two-button choice,red or blue pill,ku2nsa,Thelazytimetraveller,Thelazytimetraveller,"So 99 percent of the time I'm in red or blue, great",,https://i.redd.it/ein89m4paea61.jpg,29,,3,2021-01-09T23:57:07+00:00,2025-12-22T13:54:28.847892,https://www.reddit.com/r/dankmemes/comments/ku2nsa/so_99_percent_of_the_time_im_in_red_or_blue_great/,,,,9,two-button choice
reddit,two-button choice,red or blue pill,jo1yr7,Prath33k,Prath33k,Red Pill or Blue Pill,,https://i.imgur.com/d7Sjlbg.gifv,17049,,58,2020-11-04T18:26:07+00:00,2025-12-22T13:54:28.847892,https://www.reddit.com/r/dankmemes/comments/jo1yr7/red_pill_or_blue_pill/,,,,9,two-button choice
reddit,two-button choice,red or blue pill,jgv6rr,Hyp3r10n_two_point_0,Hyp3r10n_two_point_0,"""Would you choose the red pill ($50) or the blue pill ($75)?""",,https://i.redd.it/92m56qn9nwu51.png,6,,1,2020-10-23T20:33:31+00:00,2025-12-22T13:54:28.847892,https://www.reddit.com/r/dankmemes/comments/jgv6rr/would_you_choose_the_red_pill_50_or_the_blue_pill/,,,,9,two-button choice
reddit,two-button choice,red or blue pill,jgv6i7,Hyp3r10n_two_point_0,Hyp3r10n_two_point_0,"""Would you choose the red pill ($50) or the blue pill ($75)?""",,https://i.redd.it/559gi7x6nwu51.png,8,,1,2020-10-23T20:33:07+00:00,2025-12-22T13:54:28.847892,https://www.reddit.com/r/memes/comments/jgv6i7/would_you_choose_the_red_pill_50_or_the_blue_pill/,,,,9,two-button choice
reddit,two-button choice,red or blue pill,jg0k9t,DeCondorcet,DeCondorcet,"Are we voting red or blue? Nah, actually, Imma just skip . . .",,https://i.redd.it/234lu52conu51.jpg,25,,2,2020-10-22T14:23:28+00:00,2025-12-22T13:54:28.847892,https://www.reddit.com/r/memes/comments/jg0k9t/are_we_voting_red_or_blue_nah_actually_imma_just/,,,,9,two-button choice
reddit,two-button choice,red or blue pill,jd9xlp,CobylovesDodges,CobylovesDodges,Red or blue? That is the question...,,https://i.redd.it/fvxen98k6st51.jpg,34,,3,2020-10-18T04:28:36+00:00,2025-12-22T13:54:28.847892,https://www.reddit.com/r/memes/comments/jd9xlp/red_or_blue_that_is_the_question/,,,,9,two-button choice
reddit,two-button choice,red or blue pill,ja1z2o,PhaseSolar,PhaseSolar,"It was either blue or green, maybe purple, I think there’s a chance it could be red too though",,https://i.redd.it/eixclwpjzqs51.jpg,19,,2,2020-10-12T23:23:22+00:00,2025-12-22T13:54:28.847892,https://www.reddit.com/r/dankmemes/comments/ja1z2o/it_was_either_blue_or_green_maybe_purple_i_think/,,,,9,two-button choice
reddit,two-button choice,red or blue pill,j4nt96,Tiib27,Tiib27,Red or blue? Hmmmmmmmmmmmmmmmmmmmmmmmmmmmm,,https://i.redd.it/cwh2pn5deyq51.png,48,,3,2020-10-03T22:10:38+00:00,2025-12-22T13:54:28.847892,https://www.reddit.com/r/memes/comments/j4nt96/red_or_blue_hmmmmmmmmmmmmmmmmmmmmmmmmmmmm/,,,,9,two-button choice
reddit,two-button choice,red or blue pill,j4mhkh,_jagyr,_jagyr,Red or Blue?,,https://i.redd.it/5ce8hu1uzxq51.jpg,150,,37,2020-10-03T20:49:11+00:00,2025-12-22T13:54:28.847892,https://www.reddit.com/r/dankmemes/comments/j4mhkh/red_or_blue/,,,,9,two-button choice
reddit,two-button choice,red or blue pill,j4mfpo,_jagyr,_jagyr,Red or Blue?,,https://i.redd.it/4dk2e9h9zxq51.jpg,34,,24,2020-10-03T20:45:59+00:00,2025-12-22T13:54:28.847892,https://www.reddit.com/r/memes/comments/j4mfpo/red_or_blue/,,,,9,two-button choice
reddit,two-button choice,red or blue pill,iurar3,cheez-,cheez-,"blue sus, or was it green, or red?",,https://i.redd.it/2zyoh08tlrn51.jpg,95,,5,2020-09-17T20:07:48+00:00,2025-12-22T13:54:28.847892,https://www.reddit.com/r/memes/comments/iurar3/blue_sus_or_was_it_green_or_red/,,,,9,two-button choice
reddit,two-button choice,red or blue pill,insf8r,lazydogpool420,lazydogpool420,Whos your favorite mentally unstable 14 year old girl? Red pill or blue pill?,,https://i.redd.it/g7uhhtteykl51.jpg,22,,2,2020-09-06T19:37:22+00:00,2025-12-22T13:54:28.847892,https://www.reddit.com/r/dankmemes/comments/insf8r/whos_your_favorite_mentally_unstable_14_year_old/,,,,9,two-button choice
reddit,two-button choice,red or blue pill,iil9ya,calebrwalk5,calebrwalk5,red pill or blue pill?,,https://i.redd.it/mf00bzb5zuj51.png,46,,18,2020-08-29T03:11:03+00:00,2025-12-22T13:54:28.847892,https://www.reddit.com/r/dankmemes/comments/iil9ya/red_pill_or_blue_pill/,,,,9,two-button choice
reddit,two-button choice,red or blue pill,iil9fm,calebrwalk5,calebrwalk5,blue pill or red pill?,,https://i.redd.it/io0bmv6zyuj51.png,25,,11,2020-08-29T03:10:05+00:00,2025-12-22T13:54:28.847892,https://www.reddit.com/r/memes/comments/iil9fm/blue_pill_or_red_pill/,,,,9,two-button choice
reddit,two-button choice,red or blue pill,iea7dr,A_Zombie1223,A_Zombie1223,They would rather take the blue pill than the red pill,,https://imgur.com/U8Ktm1B,21,,8,2020-08-22T02:05:54+00:00,2025-12-22T13:54:28.847892,https://www.reddit.com/r/memes/comments/iea7dr/they_would_rather_take_the_blue_pill_than_the_red/,,,,9,two-button choice
reddit,woman yelling at cat,"""woman yelling at cat""",107irbp,TheBlueMorphoOnImgur,TheBlueMorphoOnImgur,Long live 'woman yelling at cat' meme,,https://v.redd.it/5cfzwa6io1ba1,521,,3,2023-01-09T16:31:26+00:00,2025-12-22T13:54:28.847892,https://www.reddit.com/r/memes/comments/107irbp/long_live_woman_yelling_at_cat_meme/,,,,10,woman yelling at cat
reddit,woman yelling at cat,"""woman yelling at cat""",w2of6m,Emettex,Emettex,Woman Yelling At Cat (this meme does not exist),,https://i.redd.it/dlk9fl4kthc91.jpg,35,,3,2022-07-19T09:24:33+00:00,2025-12-22T13:54:28.847892,https://www.reddit.com/r/memes/comments/w2of6m/woman_yelling_at_cat_this_meme_does_not_exist/,,,,10,woman yelling at cat
reddit,woman yelling at cat,"""woman yelling at cat""",tdfwpp,macvodka,macvodka,Memespiration: woman yelling at cat. Oil painting on canvas.,,https://i.redd.it/5ut7axobp7n81.jpg,96,,1,2022-03-13T20:38:03+00:00,2025-12-22T13:54:28.847892,https://www.reddit.com/r/memes/comments/tdfwpp/memespiration_woman_yelling_at_cat_oil_painting/,,,,10,woman yelling at cat
reddit,woman yelling at cat,"""woman yelling at cat""",qgyur5,josemi_online,josemi_online,Classic art vs memes (2/7) The last dinner x woman yelling at cat,,https://i.redd.it/orix1j1rd0w71.png,106,,6,2021-10-27T15:09:06+00:00,2025-12-22T13:54:28.847892,https://www.reddit.com/r/dankmemes/comments/qgyur5/classic_art_vs_memes_27_the_last_dinner_x_woman/,,,,10,woman yelling at cat
reddit,woman yelling at cat,"""woman yelling at cat""",ltj6ni,vishal_29,vishal_29,Woman Yelling At Cat,,https://i.redd.it/wqqmbi846zj61.jpg,121,,6,2021-02-27T07:46:07+00:00,2025-12-22T13:54:28.847892,https://www.reddit.com/r/memes/comments/ltj6ni/woman_yelling_at_cat/,,,,10,woman yelling at cat
reddit,woman yelling at cat,"""woman yelling at cat""",gua24s,cflashtypec,cflashtypec,"I just wanted to make this ""in front of my salad"" clash with ""woman yelling at cat""",,https://i.redd.it/ul5kwnz4x6251.jpg,17,,0,2020-06-01T00:06:45+00:00,2025-12-22T13:54:28.847892,https://www.reddit.com/r/memes/comments/gua24s/i_just_wanted_to_make_this_in_front_of_my_salad/,,,,10,woman yelling at cat
reddit,woman yelling at cat,"""woman yelling at cat""",gq0yay,noyoureridiculous,noyoureridiculous,Woman yelling at cat meme in LEGO,,https://i.redd.it/tj21v8t44t051.png,123,,4,2020-05-25T00:36:54+00:00,2025-12-22T13:54:28.847892,https://www.reddit.com/r/memes/comments/gq0yay/woman_yelling_at_cat_meme_in_lego/,,,,10,woman yelling at cat
reddit,woman yelling at cat,"""woman yelling at cat""",fugyr5,elvenrunelord,elvenrunelord,Very Rare Woman Yelling at Cat Meme (Unique),,https://i.redd.it/ajaiyh9k8oq41.jpg,23,,2,2020-04-03T21:31:45+00:00,2025-12-22T13:54:28.847892,https://www.reddit.com/r/memes/comments/fugyr5/very_rare_woman_yelling_at_cat_meme_unique/,,,,10,woman yelling at cat
reddit,woman yelling at cat,"""woman yelling at cat""",fftn47,xray_anonymous,xray_anonymous,Caught my cat making the perfect face and created Woman Yells At Cat 2.0,,https://i.redd.it/olnqo17u0nl41.jpg,68,,6,2020-03-09T12:05:42+00:00,2025-12-22T13:54:28.847892,https://www.reddit.com/r/memes/comments/fftn47/caught_my_cat_making_the_perfect_face_and_created/,,,,10,woman yelling at cat
reddit,woman yelling at cat,"""woman yelling at cat""",fa0h9y,joabaldwin,joabaldwin,"Woman Yelling At Cat, oldest known depiction, circa 60,000BC",,https://i.redd.it/u4fz96em4cj41.jpg,58,,5,2020-02-26T21:19:53+00:00,2025-12-22T13:54:28.847892,https://www.reddit.com/r/memes/comments/fa0h9y/woman_yelling_at_cat_oldest_known_depiction_circa/,,,,10,woman yelling at cat
reddit,woman yelling at cat,"""woman yelling at cat""",epxkgq,Goldenmaster03,Goldenmaster03,So my baby brother tried to create the woman yelling at cat meme....,,https://i.redd.it/konn7msirab41.png,48,,6,2020-01-17T08:11:50+00:00,2025-12-22T13:54:28.847892,https://www.reddit.com/r/memes/comments/epxkgq/so_my_baby_brother_tried_to_create_the_woman/,,,,10,woman yelling at cat
reddit,woman yelling at cat,"""woman yelling at cat""",em4z1d,Use-Code-LD,Use-Code-LD,Woman yelling at cat but it’s cats the movie,,https://i.redd.it/0r54ru0vqo941.jpg,37,,4,2020-01-09T05:03:44+00:00,2025-12-22T13:54:28.847892,https://www.reddit.com/r/memes/comments/em4z1d/woman_yelling_at_cat_but_its_cats_the_movie/,,,,10,woman yelling at cat
reddit,woman yelling at cat,"""woman yelling at cat""",ejmt7k,splundge,splundge,Woman yells at cat v2,,https://i.redd.it/3wplt86a2n841.png,4,,1,2020-01-03T22:20:51+00:00,2025-12-22T13:54:28.847892,https://www.reddit.com/r/funny/comments/ejmt7k/woman_yells_at_cat_v2/,,,,10,woman yelling at cat
reddit,woman yelling at cat,"""woman yelling at cat""",ehe381,fab0497,fab0497,Woman yelling at cat is the best meme of the year,,https://i.redd.it/5nkhuorjyn741.jpg,62,,2,2019-12-30T00:19:23+00:00,2025-12-22T13:54:28.847892,https://www.reddit.com/r/memes/comments/ehe381/woman_yelling_at_cat_is_the_best_meme_of_the_year/,,,,10,woman yelling at cat
reddit,woman yelling at cat,"""woman yelling at cat""",egpsxx,DoubleX28,DoubleX28,woman yelling at cat,,https://i.redd.it/pbbgeqij1d741.jpg,36,,4,2019-12-28T11:34:05+00:00,2025-12-22T13:54:28.847892,https://www.reddit.com/r/memes/comments/egpsxx/woman_yelling_at_cat/,,,,10,woman yelling at cat
reddit,woman yelling at cat,"""woman yelling at cat""",e8s85g,fab0497,fab0497,Psycho but with woman yelling at cat,,https://i.redd.it/c6wbvzkqtt341.jpg,52,,0,2019-12-10T15:44:09+00:00,2025-12-22T13:54:28.847892,https://www.reddit.com/r/memes/comments/e8s85g/psycho_but_with_woman_yelling_at_cat/,,,,10,woman yelling at cat
reddit,woman yelling at cat,"""woman yelling at cat""",e5bpq9,takatori,takatori,Woman Yelling at Cat is over — it’s time for Alien Yelling at Baby Yoda,,https://i.redd.it/i1tf31uekc241.jpg,53,,2,2019-12-03T04:37:17+00:00,2025-12-22T13:54:28.847892,https://www.reddit.com/r/memes/comments/e5bpq9/woman_yelling_at_cat_is_over_its_time_for_alien/,,,,10,woman yelling at cat
reddit,woman yelling at cat,"""woman yelling at cat""",dz0wse,Yoda_07,Yoda_07,Woman yelling at cat - Oxford Edition,,https://i.redd.it/9pvs67imvtz31.jpg,50,,3,2019-11-20T11:38:02+00:00,2025-12-22T13:54:28.847892,https://www.reddit.com/r/memes/comments/dz0wse/woman_yelling_at_cat_oxford_edition/,,,,10,woman yelling at cat
reddit,woman yelling at cat,"""woman yelling at cat""",cr2w3b,Piffweggy,Piffweggy,“Woman yelling at cat eating food”,,https://i.redd.it/2j45s1p2hrg31.jpg,117,,4,2019-08-16T07:14:21+00:00,2025-12-22T13:54:28.847892,https://www.reddit.com/r/dankmemes/comments/cr2w3b/woman_yelling_at_cat_eating_food/,,,,10,woman yelling at cat
reddit,woman yelling at cat,"""yelling at cat""",wpdzzm,TheBlueMorphoOnImgur,TheBlueMorphoOnImgur,"Yelling At Cat meme, with a few additions",,https://v.redd.it/4m1l3p9zlyh91,39,,0,2022-08-15T23:12:06+00:00,2025-12-22T13:54:28.847892,https://www.reddit.com/r/memes/comments/wpdzzm/yelling_at_cat_meme_with_a_few_additions/,,,,10,woman yelling at cat
reddit,woman yelling at cat,"""yelling at cat""",u4fcht,Jibanyanisgoated,Jibanyanisgoated,Lets go with mad lady yelling at cat today…,,https://i.redd.it/5jwhw6fcrqt81.jpg,181,,7,2022-04-15T19:08:22+00:00,2025-12-22T13:54:28.847892,https://www.reddit.com/r/memes/comments/u4fcht/lets_go_with_mad_lady_yelling_at_cat_today/,,,,10,woman yelling at cat
reddit,woman yelling at cat,"""yelling at cat""",tz1u9g,killerbunnyfamily,killerbunnyfamily,Bat yells at Cat,,https://i.redd.it/bqhw2od3gc581.jpg,351,,8,2022-04-08T11:55:53+00:00,2025-12-22T13:54:28.847892,https://www.reddit.com/r/memes/comments/tz1u9g/bat_yells_at_cat/,,,,10,woman yelling at cat
reddit,woman yelling at cat,"""yelling at cat""",jaolaf,Dr_DBW,Dr_DBW,"Save a Life, Give Blood; Women Yelling at Cat",,https://i.redd.it/3dkn28uvzxs51.png,74,,6,2020-10-13T22:59:23+00:00,2025-12-22T13:54:28.847892,https://www.reddit.com/r/memes/comments/jaolaf/save_a_life_give_blood_women_yelling_at_cat/,,,,10,woman yelling at cat
reddit,woman yelling at cat,"""yelling at cat""",ihvyez,sirpentious,sirpentious,I made a good meme today out of the yelling at cat meme :),,https://i.redd.it/tdre3f49pmj51.png,27,,2,2020-08-27T23:21:30+00:00,2025-12-22T13:54:28.847892,https://www.reddit.com/r/memes/comments/ihvyez/i_made_a_good_meme_today_out_of_the_yelling_at/,,,,10,woman yelling at cat
reddit,woman yelling at cat,"""yelling at cat""",emc0mg,PP0000LL,PP0000LL,don't yell at cat,,https://i.redd.it/qd0v4ux85s941.png,75,,1,2020-01-09T16:30:05+00:00,2025-12-22T13:54:28.847892,https://www.reddit.com/r/memes/comments/emc0mg/dont_yell_at_cat/,,,,10,woman yelling at cat
reddit,woman yelling at cat,"""yelling at cat""",ecfcfr,Whitestar2261,Whitestar2261,Yelling at cat,,https://i.redd.it/q4ed3kapbf541.jpg,30,,2,2019-12-18T17:06:12+00:00,2025-12-22T13:54:28.847892,https://www.reddit.com/r/memes/comments/ecfcfr/yelling_at_cat/,,,,10,woman yelling at cat
reddit,woman yelling at cat,"""yelling at cat""",dymaza,DaSeraph,DaSeraph,Know Your Meme: The lady yelling at cat is actually yelling at someone that outed publicly that her husband physically abused her. They were divorced a year later and he killed himself a month after that.,,https://i.redd.it/lruo857wyjz31.jpg,40,,14,2019-11-19T15:59:34+00:00,2025-12-22T13:54:28.847892,https://www.reddit.com/r/memes/comments/dymaza/know_your_meme_the_lady_yelling_at_cat_is/,,,,10,woman yelling at cat
reddit,woman yelling at cat,"""yelling at cat""",dkj1uc,Comunisation,Comunisation,OP yelling at cat,,https://i.redd.it/2vviq19mxot31.png,29,,2,2019-10-20T12:35:29+00:00,2025-12-22T13:54:28.847892,https://www.reddit.com/r/dankmemes/comments/dkj1uc/op_yelling_at_cat/,,,,10,woman yelling at cat
reddit,woman yelling at cat,"""yelling at cat""",20c307,DeVoidZero,DeVoidZero,Man Yelling at Cats,,https://www.youtube.com/watch?v=hA0TdXuwBpU,1,,0,2014-03-13T18:16:40+00:00,2025-12-22T13:54:28.847892,https://www.reddit.com/r/funny/comments/20c307/man_yelling_at_cats/,,,,10,woman yelling at cat
reddit,woman yelling at cat,"""smudge the cat""",h03vdj,Cfreeman9223,Cfreeman9223,Pudge the Rat (New Smudge the Cat format),,https://i.redd.it/343ajb6xh0451.jpg,21,,4,2020-06-10T04:39:02+00:00,2025-12-22T13:54:28.847892,https://www.reddit.com/r/memes/comments/h03vdj/pudge_the_rat_new_smudge_the_cat_format/,,,,10,woman yelling at cat
reddit,woman yelling at cat,"""smudge the cat""",gjgjwx,Gustalavalav,Gustalavalav,This and Smudge the cat,,https://i.redd.it/1kc8048v8oy41.jpg,56,,3,2020-05-14T06:06:14+00:00,2025-12-22T13:54:28.847892,https://www.reddit.com/r/memes/comments/gjgjwx/this_and_smudge_the_cat/,,,,10,woman yelling at cat
reddit,woman yelling at cat,"""smudge the cat""",g8g7ii,SickSgreto,SickSgreto,smudge the cat's wife,,https://i.redd.it/x8vi4qvhk6v41.jpg,21,,0,2020-04-26T15:26:58+00:00,2025-12-22T13:54:28.847892,https://www.reddit.com/r/funny/comments/g8g7ii/smudge_the_cats_wife/,,,,10,woman yelling at cat
reddit,woman yelling at cat,"""smudge the cat""",fe6lmt,diablo_girl,diablo_girl,#SmudgeTheCat #SexAndTheCity #wut,,https://i.redd.it/wsz8s2aaqyk41.jpg,6,,3,2020-03-06T02:23:48+00:00,2025-12-22T13:54:28.847892,https://www.reddit.com/r/funny/comments/fe6lmt/smudgethecat_sexandthecity_wut/,,,,10,woman yelling at cat
reddit,woman yelling at cat,"""smudge the cat""",ec05i7,troyka_4484,troyka_4484,Smudge the cat version 2.0,,https://i.redd.it/vrn7hgm2r8541.jpg,21,,2,2019-12-17T18:59:53+00:00,2025-12-22T13:54:28.847892,https://www.reddit.com/r/memes/comments/ec05i7/smudge_the_cat_version_20/,,,,10,woman yelling at cat
reddit,woman yelling at cat,"""smudge the cat""",eaup5t,Maaanik,Maaanik,Smudge the cat last time in 2019,,https://i.redd.it/f1zl27taaq441.png,349,,7,2019-12-15T04:53:54+00:00,2025-12-22T13:54:28.847892,https://www.reddit.com/r/memes/comments/eaup5t/smudge_the_cat_last_time_in_2019/,,,,10,woman yelling at cat
reddit,woman yelling at cat,"""smudge the cat""",e9cy4y,cosmo-viking,cosmo-viking,autumn camo skin for Smudge the cat,,https://i.redd.it/g12od9y0b2441.png,27,,5,2019-12-11T20:49:55+00:00,2025-12-22T13:54:28.847892,https://www.reddit.com/r/dankmemes/comments/e9cy4y/autumn_camo_skin_for_smudge_the_cat/,,,,10,woman yelling at cat
reddit,woman yelling at cat,"""smudge the cat""",e2smvg,Subieking0418,Subieking0418,"Hey look it's, Smudge the cat.",,https://i.redd.it/tzk8w941tc141.jpg,1903,,12,2019-11-28T04:21:33+00:00,2025-12-22T13:54:28.847892,https://www.reddit.com/r/memes/comments/e2smvg/hey_look_its_smudge_the_cat/,,,,10,woman yelling at cat
reddit,woman yelling at cat,"""smudge the cat""",e24l3o,psychodogcat,psychodogcat,Vote smudge the Cat for president 2020,,https://i.postimg.cc/g22b1Bsn/Vote-For-Mr-Cat.png,32,,1,2019-11-26T21:10:24+00:00,2025-12-22T13:54:28.847892,https://www.reddit.com/r/memes/comments/e24l3o/vote_smudge_the_cat_for_president_2020/,,,,10,woman yelling at cat
reddit,woman yelling at cat,cat smug meme,1pnd5de,shrekshrekdonkey5,shrekshrekdonkey5,Screenshat somebodies smug cat to make this,,https://i.redd.it/bg93o4f2je7g1.jpeg,54,,3,2025-12-15T17:19:56+00:00,2025-12-22T13:54:28.847892,https://www.reddit.com/r/memes/comments/1pnd5de/screenshat_somebodies_smug_cat_to_make_this/,,,,10,woman yelling at cat
reddit,woman yelling at cat,cat smug meme,1ovf5jm,_MrTaku_,_MrTaku_,I saw a funny cat image and made a meme,,https://i.redd.it/a8fs4m2xpv0g1.jpeg,1578,,38,2025-11-12T19:39:41+00:00,2025-12-22T13:54:28.847892,https://www.reddit.com/r/memes/comments/1ovf5jm/i_saw_a_funny_cat_image_and_made_a_meme/,,,,10,woman yelling at cat
reddit,woman yelling at cat,cat smug meme,1om1ndv,i-like-Floppa,i-like-Floppa,cat meme 4 u,,https://i.redd.it/vyx5stx67qyf1.gif,16,,1,2025-11-01T22:58:01+00:00,2025-12-22T13:54:28.847892,https://www.reddit.com/r/memes/comments/1om1ndv/cat_meme_4_u/,,,,10,woman yelling at cat
reddit,woman yelling at cat,cat smug meme,1o8t2we,Skulk-,Skulk-,It's 1:36 AM where I am and I have not gotten any sleep for the last 24 hours,,https://i.redd.it/g1wsbqapzlvf1.jpeg,89,,8,2025-10-17T05:36:02+00:00,2025-12-22T13:54:28.847892,https://www.reddit.com/r/memes/comments/1o8t2we/its_136_am_where_i_am_and_i_have_not_gotten_any/,,,,10,woman yelling at cat
reddit,woman yelling at cat,cat smug meme,1n5ndcn,gorz1244,gorz1244,My cat makes me think of the confused lady meme.,,https://i.redd.it/30cnysqdrjmf1.jpeg,38,,3,2025-09-01T12:29:04+00:00,2025-12-22T13:54:28.847892,https://www.reddit.com/r/memes/comments/1n5ndcn/my_cat_makes_me_think_of_the_confused_lady_meme/,,,,10,woman yelling at cat
reddit,woman yelling at cat,cat smug meme,1n3desu,Eastpunk,Eastpunk,Had to meme my cat…,,https://i.redd.it/5srzmpsbszlf1.jpeg,62,,0,2025-08-29T17:18:17+00:00,2025-12-22T13:54:28.847892,https://www.reddit.com/r/memes/comments/1n3desu/had_to_meme_my_cat/,,,,10,woman yelling at cat
reddit,woman yelling at cat,cat smug meme,1mxkd2p,SuccotashFragrant169,SuccotashFragrant169,Do y'all remember the Dab Cat meme,,https://i.redd.it/6p1k7j0fcnkf1.jpeg,16,,5,2025-08-22T22:23:37+00:00,2025-12-22T13:54:28.847892,https://www.reddit.com/r/memes/comments/1mxkd2p/do_yall_remember_the_dab_cat_meme/,,,,10,woman yelling at cat
reddit,woman yelling at cat,cat smug meme,1mhd2jo,Sarcastic-old-robot,Sarcastic-old-robot,Simple reaction cat meme. Feel free to steal and use:,,https://i.redd.it/w8e807zn50hf1.jpeg,18,,0,2025-08-04T13:12:22+00:00,2025-12-22T13:54:28.847892,https://www.reddit.com/r/memes/comments/1mhd2jo/simple_reaction_cat_meme_feel_free_to_steal_and/,,,,10,woman yelling at cat
reddit,woman yelling at cat,cat smug meme,1mgdily,GrzegorzSwoboda,GrzegorzSwoboda,‎‎ ‎ ‎ ‎ ‎ ‎ ‎ ‎ ‎ ‎ ‎,,https://i.redd.it/06wo2cbxergf1.jpeg,1365,,36,2025-08-03T07:48:15+00:00,2025-12-22T13:54:28.847892,https://www.reddit.com/r/memes/comments/1mgdily/_/,,,,10,woman yelling at cat
reddit,woman yelling at cat,cat smug meme,1mb8oc1,Writtle_Wrattle,Writtle_Wrattle,No more AI pls...😭(I am tired),,https://i.redd.it/lt6u5enh5kff1.jpeg,0,,2,2025-07-28T06:18:48+00:00,2025-12-22T13:54:28.847892,https://www.reddit.com/r/memes/comments/1mb8oc1/no_more_ai_plsi_am_tired/,,,,10,woman yelling at cat
reddit,woman yelling at cat,cat smug meme,1lesxil,Paulorigami,Paulorigami,"I feel like this picture of my friend's cat should become a meme. Do your thing, internet !",,https://i.redd.it/irzmhb0l5r7f1.jpeg,31,,10,2025-06-18T21:18:41+00:00,2025-12-22T13:54:28.847892,https://www.reddit.com/r/memes/comments/1lesxil/i_feel_like_this_picture_of_my_friends_cat_should/,,,,10,woman yelling at cat
reddit,woman yelling at cat,cat smug meme,1kyv929,iamfanofpokemon,iamfanofpokemon,funny meme about funni cat game,,https://i.redd.it/750ec9k9iu3f1.png,0,,1,2025-05-30T04:21:33+00:00,2025-12-22T13:54:28.847892,https://www.reddit.com/r/memes/comments/1kyv929/funny_meme_about_funni_cat_game/,,,,10,woman yelling at cat
reddit,woman yelling at cat,cat smug meme,1kmks2z,AscendedRedditor,AscendedRedditor,Took a picture of my cat sleeping and thought it was a good meme face.,,https://i.redd.it/q09a95s86s0f1.jpeg,43,,2,2025-05-14T17:15:41+00:00,2025-12-22T13:54:28.847892,https://www.reddit.com/r/memes/comments/1kmks2z/took_a_picture_of_my_cat_sleeping_and_thought_it/,,,,10,woman yelling at cat
reddit,woman yelling at cat,cat smug meme,1kitpzn,nyctopluviophile,nyctopluviophile,What’s the name of this cat meme?? He just does cat doughs on the bed and says au 4x times,,https://i.redd.it/13zw27wsptze1.jpeg,0,,1,2025-05-09T21:22:31+00:00,2025-12-22T13:54:28.847892,https://www.reddit.com/r/memes/comments/1kitpzn/whats_the_name_of_this_cat_meme_he_just_does_cat/,,,,10,woman yelling at cat
reddit,woman yelling at cat,cat smug meme,1kczg8k,Steckie2,Steckie2,The 5 signs of a stroke in cat-memes,,https://i.redd.it/14r57otg1dye1.jpeg,3,,0,2025-05-02T12:14:06+00:00,2025-12-22T13:54:28.847892,https://www.reddit.com/r/memes/comments/1kczg8k/the_5_signs_of_a_stroke_in_catmemes/,,,,10,woman yelling at cat
reddit,woman yelling at cat,cat smug meme,1k9rd3r,KitchenRise9317,KitchenRise9317,"My cat just outsmarted my Roomba, and I'm genuinely concerned",,https://www.reddit.com/r/funny/comments/1k9rd3r/my_cat_just_outsmarted_my_roomba_and_im_genuinely/,8707,,195,2025-04-28T09:27:09+00:00,2025-12-22T13:54:28.847892,https://www.reddit.com/r/funny/comments/1k9rd3r/my_cat_just_outsmarted_my_roomba_and_im_genuinely/,,,,10,woman yelling at cat
reddit,woman yelling at cat,cat smug meme,1k7ff1l,The_Tasteful_Mullet,The_Tasteful_Mullet,Saw classic meme formats are back,,https://i.redd.it/hbsvsytnsxwe1.jpeg,19,,2,2025-04-25T07:53:15+00:00,2025-12-22T13:54:28.847892,https://www.reddit.com/r/dankmemes/comments/1k7ff1l/saw_classic_meme_formats_are_back/,,,,10,woman yelling at cat
reddit,woman yelling at cat,cat smug meme,1jzhk60,plzhelpIdieing,plzhelpIdieing,"Oh boy, another cat meme",,https://i.redd.it/3hlt79jmzwue1.jpeg,176,,3,2025-04-15T03:02:22+00:00,2025-12-22T13:54:28.847892,https://www.reddit.com/r/memes/comments/1jzhk60/oh_boy_another_cat_meme/,,,,10,woman yelling at cat
reddit,woman yelling at cat,cat smug meme,1ivpwya,SvenJ1,SvenJ1,Money Money Money,,https://i.redd.it/ngc8a8h1lqke1.jpeg,853,,13,2025-02-22T18:48:28+00:00,2025-12-22T13:54:28.847892,https://www.reddit.com/r/memes/comments/1ivpwya/money_money_money/,,,,10,woman yelling at cat
reddit,woman yelling at cat,cat smug meme,1iu1fwa,CocaineSmellsFunny,CocaineSmellsFunny,Totino’s and generic cereal will be the menu,,https://i.redd.it/c4ekt137ebke1.gif,435,,13,2025-02-20T15:43:22+00:00,2025-12-22T13:54:28.847892,https://www.reddit.com/r/dankmemes/comments/1iu1fwa/totinos_and_generic_cereal_will_be_the_menu/,,,,10,woman yelling at cat
reddit,woman yelling at cat,cat smug meme,1itwrhb,Bjorn_Battleson,Bjorn_Battleson,New format,,https://i.redd.it/bcx1e1gb9ake1.jpeg,3480,,34,2025-02-20T11:54:14+00:00,2025-12-22T13:54:28.847892,https://www.reddit.com/r/memes/comments/1itwrhb/new_format/,,,,10,woman yelling at cat
reddit,woman yelling at cat,cat smug meme,1ii5ntn,Kiwi_hehehehehehehe,Kiwi_hehehehehehehe,I AM LOW ON MEMES. EMPTY THY MEME FILE,,https://i.redd.it/5i4vqlyg8ahe1.jpeg,18,,1,2025-02-05T08:37:13+00:00,2025-12-22T13:54:28.847892,https://www.reddit.com/r/memes/comments/1ii5ntn/i_am_low_on_memes_empty_thy_meme_file/,,,,10,woman yelling at cat
reddit,woman yelling at cat,cat smug meme,1ihu38l,LawAlternative2122,LawAlternative2122,Someone please make my cat a meme and make him famous,,https://i.redd.it/jm2nyjrv47he1.jpeg,2,,17,2025-02-04T22:11:40+00:00,2025-12-22T13:54:28.847892,https://www.reddit.com/r/memes/comments/1ihu38l/someone_please_make_my_cat_a_meme_and_make_him/,,,,10,woman yelling at cat
reddit,woman yelling at cat,cat smug meme,1hzt99u,LukeMoore16,LukeMoore16,Someone asked me to make a meme with their cat,,https://i.redd.it/iygchy5awlce1.png,75,,7,2025-01-12T18:29:28+00:00,2025-12-22T13:54:28.847892,https://www.reddit.com/r/memes/comments/1hzt99u/someone_asked_me_to_make_a_meme_with_their_cat/,,,,10,woman yelling at cat
reddit,woman yelling at cat,cat smug meme,1hxgspf,LORDLIMET1,LORDLIMET1,People these days for some reason :,,https://i.redd.it/a9cu79quwzbe1.png,18,,7,2025-01-09T16:34:10+00:00,2025-12-22T13:54:28.847892,https://www.reddit.com/r/memes/comments/1hxgspf/people_these_days_for_some_reason/,,,,10,woman yelling at cat
reddit,woman yelling at cat,cat smug meme,1hc1exe,ResidentAdmirable260,ResidentAdmirable260,Cat > Hulk apparently,,https://i.redd.it/rjgl6c17r96e1.png,10,,1,2024-12-11T19:14:52+00:00,2025-12-22T13:54:28.847892,https://www.reddit.com/r/memes/comments/1hc1exe/cat_hulk_apparently/,,,,10,woman yelling at cat
reddit,woman yelling at cat,cat smug meme,1hbuzh1,Greeter1987,Greeter1987,Was it worth it? ,,https://i.redd.it/8i1y28tse86e1.jpeg,22,,0,2024-12-11T14:43:33+00:00,2025-12-22T13:54:28.847892,https://www.reddit.com/r/memes/comments/1hbuzh1/was_it_worth_it/,,,,10,woman yelling at cat
reddit,woman yelling at cat,cat smug meme,1hbr96h,Valiant_Revan,Valiant_Revan,Hulk Meow!,,https://i.redd.it/xz6ypoe0e76e1.jpeg,52,,3,2024-12-11T11:17:21+00:00,2025-12-22T13:54:28.847892,https://www.reddit.com/r/memes/comments/1hbr96h/hulk_meow/,,,,10,woman yelling at cat
reddit,woman yelling at cat,cat smug meme,1hbjhi8,Quiet_Recording413,Quiet_Recording413,Memories…,,https://i.redd.it/dgayhwc2u46e1.jpeg,182,,3,2024-12-11T02:42:00+00:00,2025-12-22T13:54:28.847892,https://www.reddit.com/r/memes/comments/1hbjhi8/memories/,,,,10,woman yelling at cat
reddit,woman yelling at cat,cat smug meme,1hbin03,Andy_Mations,Andy_Mations,"Noo not the cat icon, put it back",,https://i.redd.it/3x3eax4em46e1.jpeg,226,,4,2024-12-11T01:58:58+00:00,2025-12-22T13:54:28.847892,https://www.reddit.com/r/memes/comments/1hbin03/noo_not_the_cat_icon_put_it_back/,,,,10,woman yelling at cat
reddit,woman yelling at cat,cat smug meme,1hbh893,Same_Investigator_46,Same_Investigator_46,Nah this is wild man ,,https://i.redd.it/uaj8ul9s946e1.jpeg,125,,4,2024-12-11T00:48:19+00:00,2025-12-22T13:54:28.847892,https://www.reddit.com/r/memes/comments/1hbh893/nah_this_is_wild_man/,,,,10,woman yelling at cat
reddit,woman yelling at cat,cat smug meme,1hbel6z,EastEffective548,EastEffective548,Who has done this,,https://i.redd.it/4m3sjl1yn36e1.jpeg,28,,2,2024-12-10T22:45:54+00:00,2025-12-22T13:54:28.847892,https://www.reddit.com/r/memes/comments/1hbel6z/who_has_done_this/,,,,10,woman yelling at cat
reddit,woman yelling at cat,cat smug meme,1hbdo5e,Andy_Mations,Andy_Mations,Cat. Icon. Cat. Icon.,,https://i.redd.it/ztidmmimg36e1.jpeg,42,,2,2024-12-10T22:04:52+00:00,2025-12-22T13:54:28.847892,https://www.reddit.com/r/memes/comments/1hbdo5e/cat_icon_cat_icon/,,,,10,woman yelling at cat
reddit,woman yelling at cat,cat smug meme,1h7xpqh,NerdyLilFella,NerdyLilFella,Made my cat into a meme,,https://i.redd.it/hyns5ix5775e1.jpeg,32,,2,2024-12-06T09:34:48+00:00,2025-12-22T13:54:28.847892,https://www.reddit.com/r/memes/comments/1h7xpqh/made_my_cat_into_a_meme/,,,,10,woman yelling at cat
reddit,woman yelling at cat,cat smug meme,1h100zf,wotdis_,wotdis_,cat meme,,https://i.redd.it/xzofi1u7re3e1.png,807,,6,2024-11-27T08:51:28+00:00,2025-12-22T13:54:28.847892,https://www.reddit.com/r/memes/comments/1h100zf/cat_meme/,,,,10,woman yelling at cat
reddit,woman yelling at cat,cat smug meme,1gyqlne,Appropriate-Book-552,Appropriate-Book-552,QR memes,,https://i.redd.it/o5e01mrkmu2e1.jpeg,0,,0,2024-11-24T13:09:48+00:00,2025-12-22T13:54:28.847892,https://www.reddit.com/r/memes/comments/1gyqlne/qr_memes/,,,,10,woman yelling at cat
reddit,woman yelling at cat,cat smug meme,1g46k54,mythines,mythines,Am I allowed to turn my cat into a meme here? ,,https://i.redd.it/t4epl8mazwud1.jpeg,461,,37,2024-10-15T12:31:33+00:00,2025-12-22T13:54:28.847892,https://www.reddit.com/r/memes/comments/1g46k54/am_i_allowed_to_turn_my_cat_into_a_meme_here/,,,,10,woman yelling at cat
reddit,woman yelling at cat,cat smug meme,1g0zve0,UnrelatedMule,UnrelatedMule,What is Google auto complete doing?! 😂 ,,https://i.redd.it/uaeijm14i1ud1.jpeg,147,,68,2024-10-11T02:40:01+00:00,2025-12-22T13:54:28.847892,https://www.reddit.com/r/funny/comments/1g0zve0/what_is_google_auto_complete_doing/,,,,10,woman yelling at cat
reddit,woman yelling at cat,cat smug meme,1fqdpss,Obi-wanna-cracker,Obi-wanna-cracker,Haha funny cat meme,,https://i.redd.it/ohloonetk9rd1.jpeg,5578,,12,2024-09-27T02:37:01+00:00,2025-12-22T13:54:28.847892,https://www.reddit.com/r/dankmemes/comments/1fqdpss/haha_funny_cat_meme/,,,,10,woman yelling at cat
reddit,woman yelling at cat,cat smug meme,1ehn0hn,simagus,simagus,Liam Meowson ...is... Bryan Meows ...in... SELECTED,,https://i.redd.it/1t0j1qfdb3gd1.png,0,,0,2024-08-01T17:49:39+00:00,2025-12-22T13:54:28.847892,https://www.reddit.com/r/memes/comments/1ehn0hn/liam_meowson_is_bryan_meows_in_selected/,,,,10,woman yelling at cat
reddit,woman yelling at cat,cat smug meme,1edyk9x,AimlessFacade,AimlessFacade,Been seein' a lot of illiteracy lately,,https://i.redd.it/p9ttd2sgm6fd1.jpeg,44,,6,2024-07-28T03:51:18+00:00,2025-12-22T13:54:28.847892,https://www.reddit.com/r/dankmemes/comments/1edyk9x/been_seein_a_lot_of_illiteracy_lately/,,,,10,woman yelling at cat
reddit,woman yelling at cat,cat smug meme,1dmkjb6,tokaygecko23,tokaygecko23,Why no memes this year???,,https://i.redd.it/d7f1hctg9b8d1.jpeg,1331,,44,2024-06-23T11:58:25+00:00,2025-12-22T13:54:28.847892,https://www.reddit.com/r/memes/comments/1dmkjb6/why_no_memes_this_year/,,,,10,woman yelling at cat
reddit,woman yelling at cat,cat smug meme,1dkap6u,ForeignRain7770,ForeignRain7770,It's always cat memes,,https://v.redd.it/dbgv7xeo2q7d1,58,,1,2024-06-20T12:43:15+00:00,2025-12-22T13:54:28.847892,https://www.reddit.com/r/memes/comments/1dkap6u/its_always_cat_memes/,,,,10,woman yelling at cat
reddit,woman yelling at cat,cat smug meme,1didv26,Ambasabi,Ambasabi,They are the same,,https://i.redd.it/qitkl8mr887d1.jpeg,85,,5,2024-06-18T00:45:01+00:00,2025-12-22T13:54:28.847892,https://www.reddit.com/r/memes/comments/1didv26/they_are_the_same/,,,,10,woman yelling at cat
reddit,woman yelling at cat,cat smug meme,1cqms81,Mybuttitches3737,Mybuttitches3737,My sister’s cats,,https://i.redd.it/2b12euped30d1.jpeg,2147,,106,2024-05-13T00:53:11+00:00,2025-12-22T13:54:28.847892,https://www.reddit.com/r/funny/comments/1cqms81/my_sisters_cats/,,,,10,woman yelling at cat
reddit,woman yelling at cat,cat smug meme,1b9jcxj,catcurio,catcurio,This Better be a good cat meme ,,https://i.redd.it/ns44fyfin2nc1.png,339,,11,2024-03-08T08:34:21+00:00,2025-12-22T13:54:28.847892,https://www.reddit.com/r/memes/comments/1b9jcxj/this_better_be_a_good_cat_meme/,,,,10,woman yelling at cat
reddit,woman yelling at cat,cat smug meme,1av4enj,Steamrocker,Steamrocker,Cat memes shall never be not funny,,https://i.redd.it/83in2kjm2njc1.jpeg,54,,1,2024-02-20T00:58:06+00:00,2025-12-22T13:54:28.847892,https://www.reddit.com/r/dankmemes/comments/1av4enj/cat_memes_shall_never_be_not_funny/,,,,10,woman yelling at cat
reddit,woman yelling at cat,cat smug meme,1ag2352,Glittering_Bass_908,Glittering_Bass_908,Meanwhile they are looking at cat memes 6 hours a day.,,https://i.redd.it/joms5utgfwfc1.gif,54,,7,2024-02-01T04:10:05+00:00,2025-12-22T13:54:28.847892,https://www.reddit.com/r/memes/comments/1ag2352/meanwhile_they_are_looking_at_cat_memes_6_hours_a/,,,,10,woman yelling at cat
reddit,woman yelling at cat,cat smug meme,1929yab,Pisica_Dani25,Pisica_Dani25,For those who don't understand read the caption.,,https://i.redd.it/sdlg3nd7kdbc1.jpeg,351,,4,2024-01-09T08:25:45+00:00,2025-12-22T13:54:28.847892,https://www.reddit.com/r/memes/comments/1929yab/for_those_who_dont_understand_read_the_caption/,,,,10,woman yelling at cat
reddit,woman yelling at cat,cat smug meme,18l51op,trojen342p,trojen342p,"Turned my cat into a meme, what do you think",,https://i.redd.it/8tfjbh0dz07c1.jpeg,78,,7,2023-12-18T09:51:03+00:00,2025-12-22T13:54:28.847892,https://www.reddit.com/r/memes/comments/18l51op/turned_my_cat_into_a_meme_what_do_you_think/,,,,10,woman yelling at cat
reddit,woman yelling at cat,cat smug meme,18kqq7a,Nuevoenespaniol,Nuevoenespaniol,Comedy scale. Credit to u/Shadow9378 for refining this and putting it into GIMP.,,https://i.redd.it/k98ok1bn2x6c1.jpeg,0,,9,2023-12-17T20:42:24+00:00,2025-12-22T13:54:28.847892,https://www.reddit.com/r/dankmemes/comments/18kqq7a/comedy_scale_credit_to_ushadow9378_for_refining/,,,,10,woman yelling at cat
reddit,woman yelling at cat,cat smug meme,18dote6,TREXIBALL,TREXIBALL,Someone wanted their cats to become a meme,,https://i.redd.it/f1u3r65p635c1.jpg,111,,3,2023-12-08T15:07:49+00:00,2025-12-22T13:54:28.847892,https://www.reddit.com/r/memes/comments/18dote6/someone_wanted_their_cats_to_become_a_meme/,,,,10,woman yelling at cat
reddit,woman yelling at cat,cat smug meme,18763xl,FifaConCarne,FifaConCarne,OG Reddit to the Rescue,,https://i.redd.it/7uddbwhw1e3c1.png,14,,1,2023-11-30T01:31:57+00:00,2025-12-22T13:54:28.847892,https://www.reddit.com/r/memes/comments/18763xl/og_reddit_to_the_rescue/,,,,10,woman yelling at cat
reddit,woman yelling at cat,cat smug meme,17r1nl3,Inevitable_Handle500,Inevitable_Handle500,turned my cat Marty into a dank meme MLG,,https://i.redd.it/l0jteg0f78zb1.png,18,,3,2023-11-09T01:35:49+00:00,2025-12-22T13:54:28.847892,https://www.reddit.com/r/dankmemes/comments/17r1nl3/turned_my_cat_marty_into_a_dank_meme_mlg/,,,,10,woman yelling at cat
reddit,woman yelling at cat,cat smug meme,17nd9x0,CocaineSmellsFunny,CocaineSmellsFunny,Such a beautiful community,,https://i.redd.it/ayju4ilw69yb1.jpg,126,,28,2023-11-04T03:50:23+00:00,2025-12-22T13:54:28.847892,https://www.reddit.com/r/dankmemes/comments/17nd9x0/such_a_beautiful_community/,,,,10,woman yelling at cat
reddit,woman yelling at cat,cat smug meme,17g09ge,usamaejazch,usamaejazch,My influencer life is going downhill,,https://i.redd.it/mtoa1ej7abwb1.jpg,7,,0,2023-10-25T08:44:35+00:00,2025-12-22T13:54:28.847892,https://www.reddit.com/r/memes/comments/17g09ge/my_influencer_life_is_going_downhill/,,,,10,woman yelling at cat
reddit,woman yelling at cat,cat smug meme,1737qes,Technically_a_kiwi,Technically_a_kiwi,Bro I’m so sick of that cat shmurf meme just-just COME HERE YOU LITTLE- 🐈🔨,,https://i.redd.it/focvl1jc61tb1.jpg,0,,4,2023-10-08T19:32:18+00:00,2025-12-22T13:54:28.847892,https://www.reddit.com/r/memes/comments/1737qes/bro_im_so_sick_of_that_cat_shmurf_meme_justjust/,,,,10,woman yelling at cat
reddit,woman yelling at cat,cat smug meme,170bf98,Tematist,Tematist,Meme template out of my cat,,https://i.redd.it/qzip68xk3csb1.jpg,12,,2,2023-10-05T07:12:19+00:00,2025-12-22T13:54:28.847892,https://www.reddit.com/r/memes/comments/170bf98/meme_template_out_of_my_cat/,,,,10,woman yelling at cat
reddit,woman yelling at cat,cat smug meme,16w4fri,Ayross237,Ayross237,The internet rn fr,,https://i.redd.it/cp2x0i5rodrb1.jpg,18,,0,2023-09-30T11:28:40+00:00,2025-12-22T13:54:28.847892,https://www.reddit.com/r/memes/comments/16w4fri/the_internet_rn_fr/,,,,10,woman yelling at cat
reddit,woman yelling at cat,cat smug meme,16r49ky,BlazingRed9,BlazingRed9,Have a good day!,,https://i.redd.it/n582g4alt8qb1.png,52,,5,2023-09-24T18:02:44+00:00,2025-12-22T13:54:28.847892,https://www.reddit.com/r/memes/comments/16r49ky/have_a_good_day/,,,,10,woman yelling at cat
reddit,woman yelling at cat,cat smug meme,16njtjb,Peoplelight,Peoplelight,But rick roll is the best,,https://i.redd.it/9ooqvvk3kepb1.jpg,2,,1,2023-09-20T12:17:23+00:00,2025-12-22T13:54:28.847892,https://www.reddit.com/r/memes/comments/16njtjb/but_rick_roll_is_the_best/,,,,10,woman yelling at cat
reddit,woman yelling at cat,cat smug meme,16h553m,RaRaRitty,RaRaRitty,Someone in my neighborhood posts a monthly cat flier. Here is the one for September.,,https://i.redd.it/ucxtl1j5hwnb1.jpg,499,,20,2023-09-12T22:23:20+00:00,2025-12-22T13:54:28.847892,https://www.reddit.com/r/funny/comments/16h553m/someone_in_my_neighborhood_posts_a_monthly_cat/,,,,10,woman yelling at cat
reddit,woman yelling at cat,cat smug meme,15qs1ep,SnooMarzipans757,SnooMarzipans757,cat meme,,https://i.redd.it/4xdzr3tn92ib1.png,15,,0,2023-08-14T11:27:15+00:00,2025-12-22T13:54:28.847892,https://www.reddit.com/r/memes/comments/15qs1ep/cat_meme/,,,,10,woman yelling at cat
reddit,woman yelling at cat,cat smug meme,15fv0r6,rMemesMods,rMemesMods,August 2023 r/memes Theme Week: Shrek Memes!,,https://www.reddit.com/r/memes/comments/15fv0r6/august_2023_rmemes_theme_week_shrek_memes/,169,,112,2023-08-02T01:27:53+00:00,2025-12-22T13:54:28.847892,https://www.reddit.com/r/memes/comments/15fv0r6/august_2023_rmemes_theme_week_shrek_memes/,,,,10,woman yelling at cat
reddit,woman yelling at cat,cat smug meme,15deb1o,Smellypuce2,Smellypuce2,A meme my cat would probably make.,,https://i.redd.it/2k330a4gq1fb1.png,156,,5,2023-07-30T06:27:18+00:00,2025-12-22T13:54:28.847892,https://www.reddit.com/r/memes/comments/15deb1o/a_meme_my_cat_would_probably_make/,,,,10,woman yelling at cat
reddit,woman yelling at cat,cat smug meme,15arjpz,IC_Ivory280,IC_Ivory280,Random Meme I Made,,https://i.redd.it/cxfbnmb9ofeb1.jpg,48,,3,2023-07-27T04:15:36+00:00,2025-12-22T13:54:28.847892,https://www.reddit.com/r/dankmemes/comments/15arjpz/random_meme_i_made/,,,,10,woman yelling at cat
reddit,woman yelling at cat,cat smug meme,157xu3n,SamuelLalia17,SamuelLalia17,I alway think about this when I see this cat meme...,,https://i.redd.it/0ikeffxortdb1.png,36,,2,2023-07-24T02:35:40+00:00,2025-12-22T13:54:28.847892,https://www.reddit.com/r/dankmemes/comments/157xu3n/i_alway_think_about_this_when_i_see_this_cat_meme/,,,,10,woman yelling at cat
reddit,woman yelling at cat,cat smug meme,1522boh,Mundilfaris_Dottir,Mundilfaris_Dottir,My Cat Meme - Telemarketers,,https://i.redd.it/rjl8h6le3jcb1.png,25,,0,2023-07-17T13:41:36+00:00,2025-12-22T13:54:28.847892,https://www.reddit.com/r/memes/comments/1522boh/my_cat_meme_telemarketers/,,,,10,woman yelling at cat
reddit,woman yelling at cat,cat smug meme,151b5q3,Pugza1s,Pugza1s,a friend asked me to make a meme with a random pic of his cat. this was the result. (OC),,https://i.redd.it/riwv1f6cxccb1.jpg,33,,1,2023-07-16T16:53:00+00:00,2025-12-22T13:54:28.847892,https://www.reddit.com/r/memes/comments/151b5q3/a_friend_asked_me_to_make_a_meme_with_a_random/,,,,10,woman yelling at cat
reddit,woman yelling at cat,cat smug meme,1514fcc,goddamBank173,goddamBank173,When it all goes wrong,,https://i.redd.it/4xv8nciggbcb1.jpg,26,,2,2023-07-16T11:56:40+00:00,2025-12-22T13:54:28.847892,https://www.reddit.com/r/memes/comments/1514fcc/when_it_all_goes_wrong/,,,,10,woman yelling at cat
reddit,woman yelling at cat,cat smug meme,14v7krl,Minus10IQ,Minus10IQ,The majority of People watch memes,,https://i.redd.it/mcyz0kbgszab1.jpg,404,,46,2023-07-09T19:38:13+00:00,2025-12-22T13:54:28.847892,https://www.reddit.com/r/memes/comments/14v7krl/the_majority_of_people_watch_memes/,,,,10,woman yelling at cat
reddit,woman yelling at cat,cat smug meme,14sscqf,beebear829,beebear829,Kitty cat meme,,https://i.redd.it/www7vcz33gab1.jpg,6,,1,2023-07-07T01:22:21+00:00,2025-12-22T13:54:28.847892,https://www.reddit.com/r/dankmemes/comments/14sscqf/kitty_cat_meme/,,,,10,woman yelling at cat
reddit,woman yelling at cat,cat smug meme,14myh7h,ImOnMyWayToUranus,ImOnMyWayToUranus,Medieval memes best,,https://i.redd.it/y3dxu69ra59b1.jpg,71,,1,2023-06-30T12:01:26+00:00,2025-12-22T13:54:28.847892,https://www.reddit.com/r/memes/comments/14myh7h/medieval_memes_best/,,,,10,woman yelling at cat
reddit,woman yelling at cat,cat smug meme,14ld2p9,DM_meyourtitties,DM_meyourtitties,The gangs all here,,https://i.redd.it/t6927x0p5s8b1.jpg,1338,,40,2023-06-28T15:49:55+00:00,2025-12-22T13:54:28.847892,https://www.reddit.com/r/dankmemes/comments/14ld2p9/the_gangs_all_here/,,,,10,woman yelling at cat
reddit,woman yelling at cat,cat smug meme,14i5rte,partaloski,partaloski,"Just captured this cat at my university's campus, reminded me of a golden meme era :')",,https://i.redd.it/mq4vx0uym18b1.png,26,,1,2023-06-24T22:39:46+00:00,2025-12-22T13:54:28.847892,https://www.reddit.com/r/dankmemes/comments/14i5rte/just_captured_this_cat_at_my_universitys_campus/,,,,10,woman yelling at cat
reddit,woman yelling at cat,cat smug meme,13y3zku,ComprehensiveMonth51,ComprehensiveMonth51,Aw man (meme with persian cat/monkey),,https://i.redd.it/ixj3dib3jj3b1.png,19,,5,2023-06-02T05:28:22+00:00,2025-12-22T13:54:28.847892,https://www.reddit.com/r/memes/comments/13y3zku/aw_man_meme_with_persian_catmonkey/,,,,10,woman yelling at cat
reddit,woman yelling at cat,cat smug meme,13xeu79,lucy_lurks22,lucy_lurks22,Cat mems are best mems,,https://i.redd.it/8vnuak4d4e3b1.jpg,3578,,54,2023-06-01T11:16:51+00:00,2025-12-22T13:54:28.847892,https://www.reddit.com/r/memes/comments/13xeu79/cat_mems_are_best_mems/,,,,10,woman yelling at cat
reddit,woman yelling at cat,cat smug meme,13volb0,Regular_Might8221,Regular_Might8221,Just happend to me poor thing wasn't even 2 years old,,https://i.redd.it/9krhc4me403b1.jpg,58,,3,2023-05-30T12:12:08+00:00,2025-12-22T13:54:28.847892,https://www.reddit.com/r/memes/comments/13volb0/just_happend_to_me_poor_thing_wasnt_even_2_years/,,,,10,woman yelling at cat
reddit,woman yelling at cat,cat smug meme,13omz0o,AdvDank,AdvDank,They are more alike,,https://i.redd.it/20rtxinf0d1b1.png,4567,,212,2023-05-22T10:25:04+00:00,2025-12-22T13:54:28.847892,https://www.reddit.com/r/memes/comments/13omz0o/they_are_more_alike/,,,,10,woman yelling at cat
reddit,woman yelling at cat,cat smug meme,13jhhd9,Elcomedia40k,Elcomedia40k,Somthing is not good,,https://i.redd.it/hoo087spwa0b1.jpg,60,,15,2023-05-16T21:16:14+00:00,2025-12-22T13:54:28.847892,https://www.reddit.com/r/memes/comments/13jhhd9/somthing_is_not_good/,,,,10,woman yelling at cat
reddit,woman yelling at cat,cat smug meme,13db4r5,ChocoGoodness,ChocoGoodness,I am scarred for life and want to cry holy shitaki mushrooms,,https://i.redd.it/t9bjeqdhwxya1.jpg,15,,7,2023-05-10T00:27:37+00:00,2025-12-22T13:54:28.847892,https://www.reddit.com/r/memes/comments/13db4r5/i_am_scarred_for_life_and_want_to_cry_holy/,,,,10,woman yelling at cat
reddit,woman yelling at cat,cat smug meme,12wtr0i,Inbelm_jr,Inbelm_jr,Meme template(cats name is oscar),,https://i.redd.it/lzafx4c0brva1.jpg,12,,3,2023-04-23T23:04:11+00:00,2025-12-22T13:54:28.847892,https://www.reddit.com/r/memes/comments/12wtr0i/meme_templatecats_name_is_oscar/,,,,10,woman yelling at cat
reddit,woman yelling at cat,cat smug meme,12m1io3,Ok_goodbye_sun,Ok_goodbye_sun,Cat's named Joe,,https://i.redd.it/z6n6lvtiwwta1.png,297,,6,2023-04-14T15:45:26+00:00,2025-12-22T13:54:28.847892,https://www.reddit.com/r/dankmemes/comments/12m1io3/cats_named_joe/,,,,10,woman yelling at cat
reddit,woman yelling at cat,cat smug meme,12e67tz,InnerOutlandishness2,InnerOutlandishness2,"My cat, Nugget, is a meme",,https://i.redd.it/lkmziefywesa1.jpg,27,,0,2023-04-07T02:11:36+00:00,2025-12-22T13:54:28.847892,https://www.reddit.com/r/memes/comments/12e67tz/my_cat_nugget_is_a_meme/,,,,10,woman yelling at cat
reddit,woman yelling at cat,cat smug meme,129mbj4,gillo04,gillo04,CATS: a meme from the future,,https://i.redd.it/40p03priahra1.jpg,22,,1,2023-04-02T14:07:30+00:00,2025-12-22T13:54:28.847892,https://www.reddit.com/r/memes/comments/129mbj4/cats_a_meme_from_the_future/,,,,10,woman yelling at cat
reddit,woman yelling at cat,cat smug meme,128qatb,Civilwarrio,Civilwarrio,"Thumbs Up Cat Meme, GIF - Share with Memix",,https://media.memix.com/memix-thumbs-up-cat.jpeg?text=Me%20when%20my%20friend%20gets%20a%20girlfriend%20but%20that%20girls%20was%20my%20crush,114,,5,2023-04-01T15:53:53+00:00,2025-12-22T13:54:28.847892,https://www.reddit.com/r/memes/comments/128qatb/thumbs_up_cat_meme_gif_share_with_memix/,,,,10,woman yelling at cat
reddit,woman yelling at cat,cat smug meme,1210bw7,MitchCumsteane,MitchCumsteane,There is literally no reason to have a crying cat in this meme,,https://i.redd.it/f4evvwpnwspa1.jpg,0,,2,2023-03-24T22:02:30+00:00,2025-12-22T13:54:28.847892,https://www.reddit.com/r/memes/comments/1210bw7/there_is_literally_no_reason_to_have_a_crying_cat/,,,,10,woman yelling at cat
reddit,woman yelling at cat,cat smug meme,11zjmzq,Zixe_4993,Zixe_4993,A meme about my cat (excuse the bad editing my first time adding images :p),,https://i.redd.it/bobq56xblhpa1.jpg,12,,6,2023-03-23T12:59:30+00:00,2025-12-22T13:54:28.847892,https://www.reddit.com/r/memes/comments/11zjmzq/a_meme_about_my_cat_excuse_the_bad_editing_my/,,,,10,woman yelling at cat
reddit,woman yelling at cat,cat smug meme,11x07dm,HaruAndTheVOID,HaruAndTheVOID,A sacrifice I'm willing to make,,https://i.redd.it/07wrfyfpu0pa1.jpg,41,,3,2023-03-20T23:41:40+00:00,2025-12-22T13:54:28.847892,https://www.reddit.com/r/memes/comments/11x07dm/a_sacrifice_im_willing_to_make/,,,,10,woman yelling at cat
reddit,woman yelling at cat,cat smug meme,11s71kr,CilanEAmber,CilanEAmber,"Yes, I made a Cat Meme in 2023",,https://i.redd.it/u8tjfy2000oa1.png,11,,0,2023-03-15T19:45:28+00:00,2025-12-22T13:54:28.847892,https://www.reddit.com/r/memes/comments/11s71kr/yes_i_made_a_cat_meme_in_2023/,,,,10,woman yelling at cat
reddit,woman yelling at cat,cat smug meme,11cz977,SamsonDoesThings,SamsonDoesThings,pov your chilling with the boys (meme i made myself with my cat),,https://i.redd.it/qbzxczqmfoka1.jpg,9,,2,2023-02-27T01:39:16+00:00,2025-12-22T13:54:28.847892,https://www.reddit.com/r/memes/comments/11cz977/pov_your_chilling_with_the_boys_meme_i_made/,,,,10,woman yelling at cat
reddit,woman yelling at cat,cat smug meme,11bqk29,Unique-Afternoon1843,Unique-Afternoon1843,Im going for the cat memes,,https://i.redd.it/d50a25arveka1.jpg,19,,8,2023-02-25T17:31:50+00:00,2025-12-22T13:54:28.847892,https://www.reddit.com/r/memes/comments/11bqk29/im_going_for_the_cat_memes/,,,,10,woman yelling at cat
reddit,woman yelling at cat,cat smug meme,115v550,HaruAndTheVOID,HaruAndTheVOID,"After all, why not?",,https://i.redd.it/bo40jsl5n2ja1.jpg,61,,4,2023-02-18T23:18:06+00:00,2025-12-22T13:54:28.847892,https://www.reddit.com/r/memes/comments/115v550/after_all_why_not/,,,,10,woman yelling at cat
reddit,woman yelling at cat,cat smug meme,1112rl9,Pwoto_Alex,Pwoto_Alex,this place has only one purpose,,https://i.redd.it/mzv1yi2fdyha1.jpg,150,,14,2023-02-13T07:52:16+00:00,2025-12-22T13:54:28.847892,https://www.reddit.com/r/memes/comments/1112rl9/this_place_has_only_one_purpose/,,,,10,woman yelling at cat
reddit,woman yelling at cat,cat smug meme,10wuu4e,No_Team6703,No_Team6703,Challenge of the year (yes the cat can be not obese too) (sorry if this isn't a meme),,https://i.redd.it/0zdauminwzga1.jpg,0,,5,2023-02-08T11:57:43+00:00,2025-12-22T13:54:28.847892,https://www.reddit.com/r/memes/comments/10wuu4e/challenge_of_the_year_yes_the_cat_can_be_not/,,,,10,woman yelling at cat
reddit,woman yelling at cat,cat smug meme,10w2ip2,Sixty_Alpha,Sixty_Alpha,science get on this plz,,https://i.redd.it/y15huplxvrga1.png,35,,2,2023-02-07T14:00:06+00:00,2025-12-22T13:54:28.847892,https://www.reddit.com/r/dankmemes/comments/10w2ip2/science_get_on_this_plz/,,,,10,woman yelling at cat
reddit,woman yelling at cat,"""angry woman cat""",dzq2h7,Rystro5,Rystro5,When you are getting tired of the angry woman cat meme..,,https://i.redd.it/xonh1bs5v3041.jpg,52,,0,2019-11-21T21:13:14+00:00,2025-12-22T13:54:28.847892,https://www.reddit.com/r/memes/comments/dzq2h7/when_you_are_getting_tired_of_the_angry_woman_cat/,,,,10,woman yelling at cat
reddit,surprised pikachu,"""surprised pikachu""",1g7xbbd,pertinentz,pertinentz,surprised pikachu face,,https://i.redd.it/4j48ihf7kwvd1.jpeg,147,,6,2024-10-20T12:13:17+00:00,2025-12-22T13:54:28.847892,https://www.reddit.com/r/memes/comments/1g7xbbd/surprised_pikachu_face/,,,,6,surprised pikachu
reddit,surprised pikachu,"""surprised pikachu""",1enmymg,sweetpurplesoap,sweetpurplesoap,*Surprised pikachu face*,,https://i.redd.it/km1sjvruhjhd1.jpeg,44,,3,2024-08-09T01:16:53+00:00,2025-12-22T13:54:28.847892,https://www.reddit.com/r/memes/comments/1enmymg/surprised_pikachu_face/,,,,6,surprised pikachu
reddit,surprised pikachu,"""surprised pikachu""",1awbhfz,BaseballSeveral1107,BaseballSeveral1107,And then :surprised Pikachu: HOw cAn thEY ENtER ouR nEIGHBORHOOd?!? don'T TheY HAVe a FOReSt?!?  ,,https://i.redd.it/16mum23jsxjc1.jpeg,1371,,39,2024-02-21T13:01:06+00:00,2025-12-22T13:54:28.847892,https://www.reddit.com/r/memes/comments/1awbhfz/and_then_surprised_pikachu_how_can_they_enter_our/,,,,6,surprised pikachu
reddit,surprised pikachu,"""surprised pikachu""",15ulout,Jeff_Starkmann1704,Jeff_Starkmann1704,*surprised Pikachu face*,,https://i.redd.it/0937j62mmvib1.jpg,658,,3,2023-08-18T14:11:37+00:00,2025-12-22T13:54:28.847892,https://www.reddit.com/r/memes/comments/15ulout/surprised_pikachu_face/,,,,6,surprised pikachu
reddit,surprised pikachu,"""surprised pikachu""",159y8r3,vestiro_2,vestiro_2,Surprised Pikachu Face,,https://i.redd.it/r57r35wyc9eb1.jpg,20,,0,2023-07-26T07:01:40+00:00,2025-12-22T13:54:28.847892,https://www.reddit.com/r/memes/comments/159y8r3/surprised_pikachu_face/,,,,6,surprised pikachu
reddit,surprised pikachu,"""surprised pikachu""",13c9l3k,Ryley03d,Ryley03d,I did a thing. The people need to see the truth.,,https://i.redd.it/efeck7s27pya1.jpg,0,,2,2023-05-09T00:11:42+00:00,2025-12-22T13:54:28.847892,https://www.reddit.com/r/dankmemes/comments/13c9l3k/i_did_a_thing_the_people_need_to_see_the_truth/,,,,6,surprised pikachu
reddit,surprised pikachu,"""surprised pikachu""",12uxun5,neonroli47,neonroli47,Surprised pikachu face,,https://i.redd.it/6njoay7lefva1.jpg,46,,3,2023-04-22T07:02:53+00:00,2025-12-22T13:54:28.847892,https://www.reddit.com/r/memes/comments/12uxun5/surprised_pikachu_face/,,,,6,surprised pikachu
reddit,surprised pikachu,"""surprised pikachu""",11he1dz,HaruAndTheVOID,HaruAndTheVOID,Surprised Pikachu face,,https://i.redd.it/0rmbd56jlmla1.jpg,58,,4,2023-03-03T20:32:54+00:00,2025-12-22T13:54:28.847892,https://www.reddit.com/r/dankmemes/comments/11he1dz/surprised_pikachu_face/,,,,6,surprised pikachu
reddit,surprised pikachu,"""surprised pikachu""",118lk2y,Ryley03d,Ryley03d,Enter a Surprised Pikachu Face successor,,https://i.redd.it/yq58mpnfanja1.jpg,0,,5,2023-02-22T01:44:27+00:00,2025-12-22T13:54:28.847892,https://www.reddit.com/r/memes/comments/118lk2y/enter_a_surprised_pikachu_face_successor/,,,,6,surprised pikachu
reddit,surprised pikachu,"""surprised pikachu""",zia4ym,professorearl,professorearl,POCs defending Kanye are as those women who actually wrote love letters💌 to Ted Bundy. Yeah… you’re not special. *body bag zips shut over surprised pikachu face*,,https://i.redd.it/sdxb9dmls75a1.jpg,122,,25,2022-12-11T01:39:39+00:00,2025-12-22T13:54:28.847892,https://www.reddit.com/r/dankmemes/comments/zia4ym/pocs_defending_kanye_are_as_those_women_who/,,,,6,surprised pikachu
reddit,surprised pikachu,"""surprised pikachu""",z7lwgy,samuelshix,samuelshix,"Shameless, I know. But this will be the next surprised pikachu face u heard it from me first. Invest now 📈",,https://i.redd.it/j7cc84vwmv2a1.jpg,0,,1,2022-11-29T06:38:08+00:00,2025-12-22T13:54:28.847892,https://www.reddit.com/r/dankmemes/comments/z7lwgy/shameless_i_know_but_this_will_be_the_next/,,,,6,surprised pikachu
reddit,surprised pikachu,"""surprised pikachu""",yf6fcm,professorearl,professorearl,Surprised pikachu face,,https://i.redd.it/zc3gb1dpjfw91.jpg,15,,1,2022-10-27T23:06:50+00:00,2025-12-22T13:54:28.847892,https://www.reddit.com/r/dankmemes/comments/yf6fcm/surprised_pikachu_face/,,,,6,surprised pikachu
reddit,surprised pikachu,"""surprised pikachu""",ydq9jt,MrAviatorBlue,MrAviatorBlue,Surprise Pikachu face,,https://i.redd.it/yzjzr1k1r4w91.gif,26220,,180,2022-10-26T05:48:28+00:00,2025-12-22T13:54:28.847892,https://www.reddit.com/r/dankmemes/comments/ydq9jt/surprise_pikachu_face/,,,,6,surprised pikachu
reddit,surprised pikachu,"""surprised pikachu""",wspw61,pantherghast,pantherghast,Surprise Pikachu face.,,https://v.redd.it/mtrxngw5qqi91,1447,,27,2022-08-19T21:45:50+00:00,2025-12-22T13:54:28.847892,https://www.reddit.com/r/memes/comments/wspw61/surprise_pikachu_face/,,,,6,surprised pikachu
reddit,surprised pikachu,"""surprised pikachu""",wpgelh,eggsnomellettes,eggsnomellettes,*surprise pikachu face*,,https://i.redd.it/nf0fwrue5zh91.png,79,,2,2022-08-16T01:00:37+00:00,2025-12-22T13:54:28.847892,https://www.reddit.com/r/memes/comments/wpgelh/surprise_pikachu_face/,,,,6,surprised pikachu
reddit,surprised pikachu,"""surprised pikachu""",v8hukl,Stockholmbarber,Stockholmbarber,Surprised Pikachu face,,https://i.redd.it/dme7io1rtl491.jpg,21,,7,2022-06-09T14:18:04+00:00,2025-12-22T13:54:28.847892,https://www.reddit.com/r/memes/comments/v8hukl/surprised_pikachu_face/,,,,6,surprised pikachu
reddit,surprised pikachu,"""surprised pikachu""",uf7axk,ibnugamingyt12,ibnugamingyt12,noticed that my pfp looke like the surprised Pikachu meme so i made this,,https://i.redd.it/44xbghi1tmw81.jpg,25,,3,2022-04-30T09:02:51+00:00,2025-12-22T13:54:28.847892,https://www.reddit.com/r/memes/comments/uf7axk/noticed_that_my_pfp_looke_like_the_surprised/,,,,6,surprised pikachu
reddit,surprised pikachu,"""surprised pikachu""",u7hbtk,Burpmeister,Burpmeister,Surprised Pikachu :O,,https://i.imgur.com/jmKt5w0.jpg,65061,,1249,2022-04-19T22:28:15+00:00,2025-12-22T13:54:28.847892,https://www.reddit.com/r/dankmemes/comments/u7hbtk/surprised_pikachu_o/,,,,6,surprised pikachu
reddit,surprised pikachu,"""surprised pikachu""",u7hbdh,Burpmeister,Burpmeister,Surprised Pikachu :O,,https://i.imgur.com/UEhbOoP.jpg,6589,,107,2022-04-19T22:27:36+00:00,2025-12-22T13:54:28.847892,https://www.reddit.com/r/memes/comments/u7hbdh/surprised_pikachu_o/,,,,6,surprised pikachu
reddit,surprised pikachu,"""surprised pikachu""",t2igd6,Althrayn,Althrayn,Surprised Pikachu vibes,,https://i.redd.it/rvzciugkrbk81.jpg,34,,2,2022-02-27T07:05:20+00:00,2025-12-22T13:54:28.847892,https://www.reddit.com/r/dankmemes/comments/t2igd6/surprised_pikachu_vibes/,,,,6,surprised pikachu
reddit,surprised pikachu,"""surprised pikachu""",s5ls8c,UltraMemeyBakey,UltraMemeyBakey,Surprised pikachu on car,,https://i.redd.it/benw6aks84c81.jpg,38,,4,2022-01-16T21:14:36+00:00,2025-12-22T13:54:28.847892,https://www.reddit.com/r/memes/comments/s5ls8c/surprised_pikachu_on_car/,,,,6,surprised pikachu
reddit,surprised pikachu,"""surprised pikachu""",rv7vyd,Kind-Culture-2433,Kind-Culture-2433,Surprised Pikachu face,,https://i.redd.it/qamsf5piji981.jpg,112,,2,2022-01-03T18:07:17+00:00,2025-12-22T13:54:28.847892,https://www.reddit.com/r/memes/comments/rv7vyd/surprised_pikachu_face/,,,,6,surprised pikachu
reddit,surprised pikachu,"""surprised pikachu""",rv50te,Real_TwistedVortex,Real_TwistedVortex,*Surprised Pikachu*,,https://i.redd.it/794546smxh981.jpg,10,,6,2022-01-03T16:04:32+00:00,2025-12-22T13:54:28.847892,https://www.reddit.com/r/memes/comments/rv50te/surprised_pikachu/,,,,6,surprised pikachu
reddit,surprised pikachu,"""surprised pikachu""",rncntq,Shoe_Bum_,Shoe_Bum_,Surprised Pikachu noises,,https://i.redd.it/xik2oxqere781.gif,247,,9,2021-12-24T03:16:06+00:00,2025-12-22T13:54:28.847892,https://www.reddit.com/r/dankmemes/comments/rncntq/surprised_pikachu_noises/,,,,6,surprised pikachu
reddit,surprised pikachu,"""surprised pikachu""",qn8ai3,DonutPopular9312,DonutPopular9312,*Surprised Pikachu face*,,https://i.redd.it/hmcz23ue9rx71.jpg,14584,,156,2021-11-05T10:37:04+00:00,2025-12-22T13:54:28.847892,https://www.reddit.com/r/memes/comments/qn8ai3/surprised_pikachu_face/,,,,6,surprised pikachu
reddit,surprised pikachu,"""surprised pikachu""",qdt6m2,Rigzin_Udpalla,Rigzin_Udpalla,Surprised Pikachu face,,https://i.redd.it/cor0z7h683v71.jpg,15,,1,2021-10-22T23:39:03+00:00,2025-12-22T13:54:28.847892,https://www.reddit.com/r/memes/comments/qdt6m2/surprised_pikachu_face/,,,,6,surprised pikachu
reddit,surprised pikachu,"""surprised pikachu""",q72l0o,GoldenIceNinja,GoldenIceNinja,"You’ve all seen Surprised Pikachu, now get ready for Surprised Nebby",,https://i.redd.it/775el69b05t71.jpg,43,,2,2021-10-13T03:30:22+00:00,2025-12-22T13:54:28.847892,https://www.reddit.com/r/memes/comments/q72l0o/youve_all_seen_surprised_pikachu_now_get_ready/,,,,6,surprised pikachu
reddit,surprised pikachu,"""surprised pikachu""",q1cngy,rudolph_ransom,rudolph_ransom,Not surprised Pikachu face,,https://i.redd.it/2yjks6tjghr71.jpg,45,,0,2021-10-04T19:14:23+00:00,2025-12-22T13:54:28.847892,https://www.reddit.com/r/memes/comments/q1cngy/not_surprised_pikachu_face/,,,,6,surprised pikachu
reddit,surprised pikachu,"""surprised pikachu""",pv7o4d,Agentkhai01,Agentkhai01,Surprised pikachu face*,,https://i.redd.it/40zbvfvyrnp71.jpg,84,,3,2021-09-25T14:20:52+00:00,2025-12-22T13:54:28.847892,https://www.reddit.com/r/memes/comments/pv7o4d/surprised_pikachu_face/,,,,6,surprised pikachu
reddit,surprised pikachu,"""surprised pikachu""",ptrvon,AdolfaHittle-sama,AdolfaHittle-sama,*surprised pikachu face*,,https://v.redd.it/tbmwsx6978p71,193,,10,2021-09-23T09:58:12+00:00,2025-12-22T13:54:28.847892,https://www.reddit.com/r/memes/comments/ptrvon/surprised_pikachu_face/,,,,6,surprised pikachu
reddit,surprised pikachu,"""surprised pikachu""",pj4z4d,TH1NKTHRICE,TH1NKTHRICE,*surprised pikachu mom*,,https://i.redd.it/20mwncgwbxl71.gif,67,,3,2021-09-06T18:12:10+00:00,2025-12-22T13:54:28.847892,https://www.reddit.com/r/memes/comments/pj4z4d/surprised_pikachu_mom/,,,,6,surprised pikachu
reddit,surprised pikachu,"""surprised pikachu""",pj4y8q,TH1NKTHRICE,TH1NKTHRICE,*surprised pikachu mom*,,https://i.redd.it/97esbs3mbxl71.gif,40,,2,2021-09-06T18:11:06+00:00,2025-12-22T13:54:28.847892,https://www.reddit.com/r/dankmemes/comments/pj4y8q/surprised_pikachu_mom/,,,,6,surprised pikachu
reddit,surprised pikachu,"""surprised pikachu""",phm2yh,smollpeep,smollpeep,*surprised pikachu*,,https://i.redd.it/noepdd9egfl71.jpg,2810,,106,2021-09-04T06:05:10+00:00,2025-12-22T13:54:28.847892,https://www.reddit.com/r/memes/comments/phm2yh/surprised_pikachu/,,,,6,surprised pikachu
reddit,surprised pikachu,"""surprised pikachu""",pfqnmj,bru20110,bru20110,:surprised pikachu face:,,https://i.redd.it/9i0awbnv6vk71.jpg,82,,2,2021-09-01T09:56:11+00:00,2025-12-22T13:54:28.847892,https://www.reddit.com/r/memes/comments/pfqnmj/surprised_pikachu_face/,,,,6,surprised pikachu
reddit,surprised pikachu,"""surprised pikachu""",p2o7up,MrUnpopularOnion,MrUnpopularOnion,My dog with a surprised Pikachu face,,https://i.imgur.com/fRlz6si.jpg,17,,1,2021-08-11T22:52:22+00:00,2025-12-22T13:54:28.847892,https://www.reddit.com/r/funny/comments/p2o7up/my_dog_with_a_surprised_pikachu_face/,,,,6,surprised pikachu
reddit,surprised pikachu,"""surprised pikachu""",oju7lg,Python_Child,Python_Child,"Restarts computer, doesn’t work, IT: surprised pikachu face",,https://i.redd.it/bzr2m0ff33b71.jpg,563,,11,2021-07-14T01:49:44+00:00,2025-12-22T13:54:28.847892,https://www.reddit.com/r/dankmemes/comments/oju7lg/restarts_computer_doesnt_work_it_surprised/,,,,6,surprised pikachu
reddit,surprised pikachu,"""surprised pikachu""",ohqavo,ash_ninetyone,ash_ninetyone,You've heard of surprised Pikachu Face. Now here's Surprised Sephiroth Face,,https://i.redd.it/xso9p75v3ga71.png,15,,3,2021-07-10T20:31:42+00:00,2025-12-22T13:54:28.847892,https://www.reddit.com/r/memes/comments/ohqavo/youve_heard_of_surprised_pikachu_face_now_heres/,,,,6,surprised pikachu
reddit,surprised pikachu,"""surprised pikachu""",o836id,PhantomGamer362,PhantomGamer362,haha surprised Pikachu face,,https://i.redd.it/bntlec418j771.png,23,,1,2021-06-26T03:48:31+00:00,2025-12-22T13:54:28.847892,https://www.reddit.com/r/memes/comments/o836id/haha_surprised_pikachu_face/,,,,6,surprised pikachu
reddit,surprised pikachu,"""surprised pikachu""",o7p8qm,BIGGESTKEKW,BIGGESTKEKW,*Surprised Pikachu Face,,https://i.redd.it/5m39yo0hdf771.jpg,16286,,89,2021-06-25T14:51:16+00:00,2025-12-22T13:54:28.847892,https://www.reddit.com/r/memes/comments/o7p8qm/surprised_pikachu_face/,,,,6,surprised pikachu
reddit,surprised pikachu,"""surprised pikachu""",o71590,BruhSauce2,BruhSauce2,Surprised pikachu face,,https://i.redd.it/ojh56yxhw7771.jpg,31114,,259,2021-06-24T13:43:16+00:00,2025-12-22T13:54:28.847892,https://www.reddit.com/r/memes/comments/o71590/surprised_pikachu_face/,,,,6,surprised pikachu
reddit,surprised pikachu,"""surprised pikachu""",o3dalf,no_name_randomperson,no_name_randomperson,Those redditors when they see this: **surprised pikachu meme**,,https://i.redd.it/1um3imz4c7671.jpg,125,,11,2021-06-19T10:45:01+00:00,2025-12-22T13:54:28.847892,https://www.reddit.com/r/memes/comments/o3dalf/those_redditors_when_they_see_this_surprised/,,,,6,surprised pikachu
reddit,surprised pikachu,"""surprised pikachu""",nmah5n,orlando2542,orlando2542,*surprised Pikachu face,,https://i.redd.it/4tdh774vpo171.jpg,26,,2,2021-05-27T15:51:37+00:00,2025-12-22T13:54:28.847892,https://www.reddit.com/r/memes/comments/nmah5n/surprised_pikachu_face/,,,,6,surprised pikachu
reddit,surprised pikachu,"""surprised pikachu""",nlrmh4,jslayer2693,jslayer2693,Surprised Pikachu Face*,,https://i.redd.it/zzuxoelx5j171.png,42,,22,2021-05-26T21:11:04+00:00,2025-12-22T13:54:28.847892,https://www.reddit.com/r/memes/comments/nlrmh4/surprised_pikachu_face/,,,,6,surprised pikachu
reddit,surprised pikachu,"""surprised pikachu""",nk3an2,Lone-wolf124775,Lone-wolf124775,Got a new replacement for the surprised pikachu face here. :P,,https://i.redd.it/3espwee1s3171.jpg,19,,3,2021-05-24T17:26:22+00:00,2025-12-22T13:54:28.847892,https://www.reddit.com/r/memes/comments/nk3an2/got_a_new_replacement_for_the_surprised_pikachu/,,,,6,surprised pikachu
reddit,surprised pikachu,"""surprised pikachu""",njsc43,GotAnySugar,GotAnySugar,*surprised Pikachu face*,,https://i.redd.it/uhvag4hfv0171.jpg,42,,5,2021-05-24T07:40:03+00:00,2025-12-22T13:54:28.847892,https://www.reddit.com/r/memes/comments/njsc43/surprised_pikachu_face/,,,,6,surprised pikachu
reddit,surprised pikachu,"""surprised pikachu""",nhzyym,kade1064,kade1064,Surprised Pikachu (Invincible Edition),,https://i.redd.it/3w98mek0ti071.jpg,15,,1,2021-05-21T18:54:24+00:00,2025-12-22T13:54:28.847892,https://www.reddit.com/r/memes/comments/nhzyym/surprised_pikachu_invincible_edition/,,,,6,surprised pikachu
reddit,surprised pikachu,"""surprised pikachu""",nhdb7c,Jneum23,Jneum23,*Surprised Pikachu face*,,https://i.redd.it/k9h94xytpc071.jpg,43,,5,2021-05-20T22:25:53+00:00,2025-12-22T13:54:28.847892,https://www.reddit.com/r/dankmemes/comments/nhdb7c/surprised_pikachu_face/,,,,6,surprised pikachu
reddit,surprised pikachu,"""surprised pikachu""",n94a4p,FidgetSpinnetMan,FidgetSpinnetMan,*Surprised Pikachu face*,,https://i.redd.it/ydabz81bnay61.png,22,,1,2021-05-10T13:20:31+00:00,2025-12-22T13:54:28.847892,https://www.reddit.com/r/memes/comments/n94a4p/surprised_pikachu_face/,,,,6,surprised pikachu
reddit,surprised pikachu,"""surprised pikachu""",m52971,datomdiggity,datomdiggity,[surprised pikachu],,https://i.redd.it/a4r00uz0q1n61.jpg,57,,4,2021-03-14T19:33:37+00:00,2025-12-22T13:54:28.847892,https://www.reddit.com/r/dankmemes/comments/m52971/surprised_pikachu/,,,,6,surprised pikachu
reddit,surprised pikachu,"""surprised pikachu""",lzhlft,ururaka_xx,ururaka_xx,surprised pikachu time,,https://i.redd.it/6m9bcwtntil61.png,34,,3,2021-03-07T02:56:24+00:00,2025-12-22T13:54:28.847892,https://www.reddit.com/r/memes/comments/lzhlft/surprised_pikachu_time/,,,,6,surprised pikachu
reddit,surprised pikachu,"""surprised pikachu""",lwoe1p,TopperDK,TopperDK,*surprised pikachu*,,https://i.redd.it/o946tmc7qrk61.png,44,,4,2021-03-03T07:49:09+00:00,2025-12-22T13:54:28.847892,https://www.reddit.com/r/memes/comments/lwoe1p/surprised_pikachu/,,,,6,surprised pikachu
reddit,surprised pikachu,"""surprised pikachu""",lthb2g,LazyLawzi,LazyLawzi,Philosoraptor Insanity Wolf Surprised Pikachu,,https://i.redd.it/w0shwfk6iyj61.jpg,32,,3,2021-02-27T05:35:40+00:00,2025-12-22T13:54:28.847892,https://www.reddit.com/r/memes/comments/lthb2g/philosoraptor_insanity_wolf_surprised_pikachu/,,,,6,surprised pikachu
reddit,surprised pikachu,"""surprised pikachu""",lsebd5,fictitiouseli,fictitiouseli,I made the surprised Pikachu meme out of LEGO,,https://i.redd.it/jck1bjpnaoj61.png,28,,1,2021-02-25T19:12:55+00:00,2025-12-22T13:54:28.847892,https://www.reddit.com/r/memes/comments/lsebd5/i_made_the_surprised_pikachu_meme_out_of_lego/,,,,6,surprised pikachu
reddit,surprised pikachu,"""surprised pikachu""",lqjyfv,orlando2542,orlando2542,Surprised pikachu face,,https://i.redd.it/43cttepvo8j61.jpg,27,,1,2021-02-23T14:43:08+00:00,2025-12-22T13:54:28.847892,https://www.reddit.com/r/memes/comments/lqjyfv/surprised_pikachu_face/,,,,6,surprised pikachu
reddit,surprised pikachu,"""surprised pikachu""",l6ydnb,spoopyupdoots,spoopyupdoots,Surprised pikachu face,,https://i.redd.it/rfx6791b53e61.jpg,31,,2,2021-01-28T14:43:52+00:00,2025-12-22T13:54:28.847892,https://www.reddit.com/r/memes/comments/l6ydnb/surprised_pikachu_face/,,,,6,surprised pikachu
reddit,surprised pikachu,"""surprised pikachu""",l68hpy,kade1064,kade1064,"Surprised Pikachu Face ""Ben 10 Edition""",,https://i.redd.it/y0u2g856lwd61.jpg,24,,0,2021-01-27T16:40:21+00:00,2025-12-22T13:54:28.847892,https://www.reddit.com/r/memes/comments/l68hpy/surprised_pikachu_face_ben_10_edition/,,,,6,surprised pikachu
reddit,surprised pikachu,"""surprised pikachu""",l5ci8h,bravobracus,bravobracus,Surprised Pikachu,,https://i.redd.it/7uattz5q0od61.png,35,,3,2021-01-26T11:54:01+00:00,2025-12-22T13:54:28.847892,https://www.reddit.com/r/memes/comments/l5ci8h/surprised_pikachu/,,,,6,surprised pikachu
reddit,surprised pikachu,"""surprised pikachu""",l43www,rasalghularz,rasalghularz,Humans: Shoo dogs. Dogs: Does the same thing. Human: Surprise Pikachu Face.,,https://i.redd.it/ofkyi6icgbd61.jpg,34,,0,2021-01-24T17:36:04+00:00,2025-12-22T13:54:28.847892,https://www.reddit.com/r/memes/comments/l43www/humans_shoo_dogs_dogs_does_the_same_thing_human/,,,,6,surprised pikachu
reddit,surprised pikachu,"""surprised pikachu""",l2mdk1,FaroX_321,FaroX_321,surprised pikachu face,,https://i.redd.it/eb0nm9qajvc61.gif,57,,2,2021-01-22T12:04:47+00:00,2025-12-22T13:54:28.847892,https://www.reddit.com/r/memes/comments/l2mdk1/surprised_pikachu_face/,,,,6,surprised pikachu
reddit,surprised pikachu,"""surprised pikachu""",l0js5f,Phantom_Kaiba,Phantom_Kaiba,*Surprised Pikachu Face*,,https://i.redd.it/2ylj146ajac61.jpg,37,,1,2021-01-19T13:26:23+00:00,2025-12-22T13:54:28.847892,https://www.reddit.com/r/memes/comments/l0js5f/surprised_pikachu_face/,,,,6,surprised pikachu
reddit,surprised pikachu,"""surprised pikachu""",kyxr97,Gacha_ZMaster,Gacha_ZMaster,*surprised pikachu*,,https://i.redd.it/9anih5ak4tb61.jpg,6336,,18,2021-01-17T02:53:37+00:00,2025-12-22T13:54:28.847892,https://www.reddit.com/r/dankmemes/comments/kyxr97/surprised_pikachu/,,,,6,surprised pikachu
reddit,surprised pikachu,"""surprised pikachu""",knwtc5,xSquiido,xSquiido,The new surprised Pikachu face,,https://i.redd.it/ziodoqq6vk861.jpg,25,,9,2020-12-31T19:54:26+00:00,2025-12-22T13:54:28.847892,https://www.reddit.com/r/funny/comments/knwtc5/the_new_surprised_pikachu_face/,,,,6,surprised pikachu
reddit,surprised pikachu,"""surprised pikachu""",kksm02,TiredB1,TiredB1,*surprised pikachu face*,,https://i.redd.it/l5pk9yxtam761.png,46,,2,2020-12-26T23:39:44+00:00,2025-12-22T13:54:28.847892,https://www.reddit.com/r/memes/comments/kksm02/surprised_pikachu_face/,,,,6,surprised pikachu
reddit,surprised pikachu,"""surprised pikachu""",kie2nu,Majkl523,Majkl523,*surprised pikachu face*,,https://i.redd.it/728bqwxjzs661.gif,38168,,284,2020-12-22T21:05:02+00:00,2025-12-22T13:54:28.847892,https://www.reddit.com/r/memes/comments/kie2nu/surprised_pikachu_face/,,,,6,surprised pikachu
reddit,surprised pikachu,"""surprised pikachu""",kfaho9,VexKrad,VexKrad,*surprised pikachu *,,https://i.redd.it/u5qt0zxhfu561.jpg,77,,12,2020-12-18T00:51:51+00:00,2025-12-22T13:54:28.847892,https://www.reddit.com/r/memes/comments/kfaho9/surprised_pikachu/,,,,6,surprised pikachu
reddit,surprised pikachu,"""surprised pikachu""",kcuzpi,kitsuWillwisp,kitsuWillwisp,Surprised pikachu face,,https://i.redd.it/yq81fnwhn4561.jpg,36,,4,2020-12-14T10:10:24+00:00,2025-12-22T13:54:28.847892,https://www.reddit.com/r/memes/comments/kcuzpi/surprised_pikachu_face/,,,,6,surprised pikachu
reddit,surprised pikachu,"""surprised pikachu""",kcd0w0,DinokidReddit,DinokidReddit,*surprised pikachu face*,,https://i.redd.it/6bxc6ln59z461.jpg,36,,3,2020-12-13T16:02:27+00:00,2025-12-22T13:54:28.847892,https://www.reddit.com/r/memes/comments/kcd0w0/surprised_pikachu_face/,,,,6,surprised pikachu
reddit,surprised pikachu,"""surprised pikachu""",k9ledu,mr_skullcandie,mr_skullcandie,*Surprised Pikachu Face*,,https://i.imgur.com/T4XN3oP.jpg,21,,1,2020-12-09T04:57:13+00:00,2025-12-22T13:54:28.847892,https://www.reddit.com/r/memes/comments/k9ledu/surprised_pikachu_face/,,,,6,surprised pikachu
reddit,surprised pikachu,"""surprised pikachu""",k7n6ow,bulletking19,bulletking19,Surprised broly> Surprised pikachu,,https://i.redd.it/47hk1a5cyh361.jpg,15,,1,2020-12-06T04:46:01+00:00,2025-12-22T13:54:28.847892,https://www.reddit.com/r/memes/comments/k7n6ow/surprised_broly_surprised_pikachu/,,,,6,surprised pikachu
reddit,surprised pikachu,"""surprised pikachu""",k53sek,I_Hate_School_More,I_Hate_School_More,My attempt at a surprised pikachu face xmas cookie,,https://i.redd.it/uueb5z78up261.jpg,31,,9,2020-12-02T06:13:12+00:00,2025-12-22T13:54:28.847892,https://www.reddit.com/r/funny/comments/k53sek/my_attempt_at_a_surprised_pikachu_face_xmas_cookie/,,,,6,surprised pikachu
reddit,surprised pikachu,"""surprised pikachu""",jtx5k0,outcats1234,outcats1234,Surprised Pikachu face,,https://i.redd.it/u5ouo9vae5z51.jpg,25,,2,2020-11-14T06:15:49+00:00,2025-12-22T13:54:28.847892,https://www.reddit.com/r/memes/comments/jtx5k0/surprised_pikachu_face/,,,,6,surprised pikachu
reddit,surprised pikachu,"""surprised pikachu""",jsvcrk,cheeko130,cheeko130,Surprised pikachu,,https://i.redd.it/kp2zl96nity51.jpg,36,,2,2020-11-12T14:18:46+00:00,2025-12-22T13:54:28.847892,https://www.reddit.com/r/memes/comments/jsvcrk/surprised_pikachu/,,,,6,surprised pikachu
reddit,surprised pikachu,"""surprised pikachu""",jr06lt,manas_11-01,manas_11-01,Insert* Surprised pikachu face :0,,https://i.redd.it/0ph5132tl8y51.gif,640,,7,2020-11-09T15:59:12+00:00,2025-12-22T13:54:28.847892,https://www.reddit.com/r/memes/comments/jr06lt/insert_surprised_pikachu_face_0/,,,,6,surprised pikachu
reddit,surprised pikachu,"""surprised pikachu""",jme5c7,Rikfox,Rikfox,*insert surprised Pikachu here*,,https://i.redd.it/tg4bmlz39qw51.png,22,,1,2020-11-02T01:12:08+00:00,2025-12-22T13:54:28.847892,https://www.reddit.com/r/dankmemes/comments/jme5c7/insert_surprised_pikachu_here/,,,,6,surprised pikachu
reddit,surprised pikachu,"""surprised pikachu""",jluyqx,FancyMan135790,FancyMan135790,*surprised pikachu face*,,https://i.redd.it/allwb5qahjw51.png,51,,1,2020-11-01T02:25:09+00:00,2025-12-22T13:54:28.847892,https://www.reddit.com/r/dankmemes/comments/jluyqx/surprised_pikachu_face/,,,,6,surprised pikachu
reddit,surprised pikachu,"""surprised pikachu""",jia5s6,ron_fury,ron_fury,Teacher: Surprised Pikachu face. You were supposed to tell wrong answer.,,https://i.redd.it/ehrqgjfx3ev51.gif,23,,2,2020-10-26T07:17:11+00:00,2025-12-22T13:54:28.847892,https://www.reddit.com/r/dankmemes/comments/jia5s6/teacher_surprised_pikachu_face_you_were_supposed/,,,,6,surprised pikachu
reddit,surprised pikachu,"""surprised pikachu""",jia5fa,ron_fury,ron_fury,Teacher: Surprised Pikachu face. You were supposed to tell wrong answer.,,https://i.redd.it/hgi2407r3ev51.gif,37,,2,2020-10-26T07:16:17+00:00,2025-12-22T13:54:28.847892,https://www.reddit.com/r/memes/comments/jia5fa/teacher_surprised_pikachu_face_you_were_supposed/,,,,6,surprised pikachu
reddit,surprised pikachu,"""surprised pikachu""",jhkn2w,alex09012,alex09012,*surprised pikachu face*,,https://i.redd.it/xdwp003b55v51.jpg,60,,10,2020-10-25T01:08:52+00:00,2025-12-22T13:54:28.847892,https://www.reddit.com/r/memes/comments/jhkn2w/surprised_pikachu_face/,,,,6,surprised pikachu
reddit,surprised pikachu,"""surprised pikachu""",jgwuoq,Unusual_Tank,Unusual_Tank,Surprised pikachu,,https://i.redd.it/xs22z3183xu51.jpg,54,,1,2020-10-23T22:02:56+00:00,2025-12-22T13:54:28.847892,https://www.reddit.com/r/memes/comments/jgwuoq/surprised_pikachu/,,,,6,surprised pikachu
reddit,surprised pikachu,"""surprised pikachu""",jdh9um,yuvraj-ec,yuvraj-ec,*Surprised Pikachu Face*,,https://i.redd.it/cqko2x826vt51.jpg,7641,,101,2020-10-18T14:31:09+00:00,2025-12-22T13:54:28.847892,https://www.reddit.com/r/memes/comments/jdh9um/surprised_pikachu_face/,,,,6,surprised pikachu
reddit,surprised pikachu,"""surprised pikachu""",j5lkxn,Batman24011992,Batman24011992,Surprised Yamaha R1 face is better than surprised Pikachu face,,https://i.redd.it/da2smxgrpar51.jpg,28,,3,2020-10-05T15:35:54+00:00,2025-12-22T13:54:28.847892,https://www.reddit.com/r/dankmemes/comments/j5lkxn/surprised_yamaha_r1_face_is_better_than_surprised/,,,,6,surprised pikachu
reddit,surprised pikachu,"""surprised pikachu""",j5a2ie,dazzyjay91,dazzyjay91,Surprised Pikachu on this car,,https://imgur.com/mjyBd7A,7,,1,2020-10-05T00:47:07+00:00,2025-12-22T13:54:28.847892,https://www.reddit.com/r/funny/comments/j5a2ie/surprised_pikachu_on_this_car/,,,,6,surprised pikachu
reddit,surprised pikachu,"""surprised pikachu""",j3tf12,ron_fury,ron_fury,"I need a logo for my life, surprised Pikachu face.",,https://i.redd.it/bby535jtboq51.png,30,,1,2020-10-02T12:18:33+00:00,2025-12-22T13:54:28.847892,https://www.reddit.com/r/dankmemes/comments/j3tf12/i_need_a_logo_for_my_life_surprised_pikachu_face/,,,,6,surprised pikachu
reddit,surprised pikachu,"""surprised pikachu""",j3temt,ron_fury,ron_fury,"I need a logo for my life, surprised Pikachu face.",,https://i.redd.it/rmh2v7doboq51.png,34,,0,2020-10-02T12:17:45+00:00,2025-12-22T13:54:28.847892,https://www.reddit.com/r/memes/comments/j3temt/i_need_a_logo_for_my_life_surprised_pikachu_face/,,,,6,surprised pikachu
reddit,surprised pikachu,"""surprised pikachu""",j3pg57,pigfoot01,pigfoot01,*surprised pikachu face*,,https://i.redd.it/bvgzc0xwimq51.jpg,21,,0,2020-10-02T06:14:46+00:00,2025-12-22T13:54:28.847892,https://www.reddit.com/r/memes/comments/j3pg57/surprised_pikachu_face/,,,,6,surprised pikachu
reddit,surprised pikachu,"""surprised pikachu""",j27ckv,mastermemelord13,mastermemelord13,*surprised pikachu face*,,https://i.redd.it/s8xe3n25b5q51.jpg,33,,3,2020-09-29T20:20:54+00:00,2025-12-22T13:54:28.847892,https://www.reddit.com/r/memes/comments/j27ckv/surprised_pikachu_face/,,,,6,surprised pikachu
reddit,surprised pikachu,"""surprised pikachu""",irisz3,kandeey0127,kandeey0127,*Surprised Pikachu face*,,https://i.redd.it/bu8flnraorm51.jpg,42,,3,2020-09-12T19:17:18+00:00,2025-12-22T13:54:28.847892,https://www.reddit.com/r/memes/comments/irisz3/surprised_pikachu_face/,,,,6,surprised pikachu
reddit,surprised pikachu,"""surprised pikachu""",ipk54w,Spartangaming0786,Spartangaming0786,Surprise Pikachu face,,https://i.redd.it/g09datbum5m51.jpg,79,,7,2020-09-09T17:09:58+00:00,2025-12-22T13:54:28.847892,https://www.reddit.com/r/memes/comments/ipk54w/surprise_pikachu_face/,,,,6,surprised pikachu
reddit,surprised pikachu,"""surprised pikachu""",inc7k4,iced327,iced327,My dog became surprised pikachu during bite game,,https://i.redd.it/bu06zvin7fl51.jpg,77,,3,2020-09-06T00:19:23+00:00,2025-12-22T13:54:28.847892,https://www.reddit.com/r/memes/comments/inc7k4/my_dog_became_surprised_pikachu_during_bite_game/,,,,6,surprised pikachu
reddit,surprised pikachu,"""surprised pikachu""",ijpbvz,Dr_Vaccinate,Dr_Vaccinate,When no one acknowledged the new surprised pikachu,,https://i.redd.it/57ypqsj7w8k51.jpg,39,,5,2020-08-31T01:59:31+00:00,2025-12-22T13:54:28.847892,https://www.reddit.com/r/memes/comments/ijpbvz/when_no_one_acknowledged_the_new_surprised_pikachu/,,,,6,surprised pikachu
reddit,surprised pikachu,"""surprised pikachu""",iit5wm,artdrak,artdrak,Surprise Pikachu face,,https://i.redd.it/olu7qphd9yj51.jpg,45,,2,2020-08-29T14:21:25+00:00,2025-12-22T13:54:28.847892,https://www.reddit.com/r/memes/comments/iit5wm/surprise_pikachu_face/,,,,6,surprised pikachu
reddit,surprised pikachu,"""surprised pikachu""",ihpzz3,rahulkathayat,rahulkathayat,Surprised pikachu face,,https://i.redd.it/rgkck47b4lj51.jpg,39,,1,2020-08-27T18:02:11+00:00,2025-12-22T13:54:28.847892,https://www.reddit.com/r/dankmemes/comments/ihpzz3/surprised_pikachu_face/,,,,6,surprised pikachu
reddit,surprised pikachu,"""surprised pikachu""",ie834y,BoredAF-Again,BoredAF-Again,It looks so natural though *surprised Pikachu face*,,https://i.redd.it/qq1uln850gi51.jpg,35,,2,2020-08-21T23:45:48+00:00,2025-12-22T13:54:28.847892,https://www.reddit.com/r/memes/comments/ie834y/it_looks_so_natural_though_surprised_pikachu_face/,,,,6,surprised pikachu
reddit,surprised pikachu,"""surprised pikachu""",icv5n9,Psyduck-is-the-best,Psyduck-is-the-best,*Surprised Pikachu*,,https://i.redd.it/7zjx6956m0i51.jpg,23,,1,2020-08-19T20:00:43+00:00,2025-12-22T13:54:28.847892,https://www.reddit.com/r/dankmemes/comments/icv5n9/surprised_pikachu/,,,,6,surprised pikachu
reddit,surprised pikachu,"""surprised pikachu""",i6jcm0,Infinite__Power,Infinite__Power,Surprised pikachu face,,https://i.redd.it/30veholdbzf51.jpg,23,,2,2020-08-09T13:30:11+00:00,2025-12-22T13:54:28.847892,https://www.reddit.com/r/dankmemes/comments/i6jcm0/surprised_pikachu_face/,,,,6,surprised pikachu
reddit,surprised pikachu,"""surprised pikachu""",i6jc6n,Infinite__Power,Infinite__Power,Surprised pikachu face,,https://i.redd.it/e0ua9zv7bzf51.jpg,31,,3,2020-08-09T13:29:17+00:00,2025-12-22T13:54:28.847892,https://www.reddit.com/r/memes/comments/i6jc6n/surprised_pikachu_face/,,,,6,surprised pikachu
reddit,surprised pikachu,"""surprised pikachu""",i26di4,Bereatue,Bereatue,The virgin surprised pikachu vs the Chad Veteran Pikachu!!,,https://i.redd.it/b8m673tiqie51.jpg,27,,2,2020-08-02T04:40:40+00:00,2025-12-22T13:54:28.847892,https://www.reddit.com/r/memes/comments/i26di4/the_virgin_surprised_pikachu_vs_the_chad_veteran/,,,,6,surprised pikachu
reddit,surprised pikachu,"""surprised pikachu""",howme0,idhdkdkdhndeke,idhdkdkdhndeke,*Surprised Pikachu*,,https://i.redd.it/g8bb1c3jb3a51.jpg,56,,5,2020-07-10T20:33:21+00:00,2025-12-22T13:54:28.847892,https://www.reddit.com/r/memes/comments/howme0/surprised_pikachu/,,,,6,surprised pikachu
reddit,surprised pikachu,"""surprised pikachu""",hktufi,NighTraiN7804,NighTraiN7804,“Surprised Pikachu face”,,https://i.redd.it/ffhsfqh6fq851.jpg,30,,17,2020-07-04T00:06:32+00:00,2025-12-22T13:54:28.847892,https://www.reddit.com/r/memes/comments/hktufi/surprised_pikachu_face/,,,,6,surprised pikachu
reddit,surprised pikachu,"""surprised pikachu""",hjawng,Fullerene00,Fullerene00,Surprised Pikachu must not be surprised.,,https://i.redd.it/d1gyh02o69851.jpg,40,,3,2020-07-01T14:10:11+00:00,2025-12-22T13:54:28.847892,https://www.reddit.com/r/memes/comments/hjawng/surprised_pikachu_must_not_be_surprised/,,,,6,surprised pikachu
reddit,surprised pikachu,"""pikachu shocked""",ce0xx9,ThatisWild,ThatisWild,Pikachu shocked face,,https://i.redd.it/tjip34yqkpa31.jpg,16,,1,2019-07-16T18:26:35+00:00,2025-12-22T13:54:28.847892,https://www.reddit.com/r/dankmemes/comments/ce0xx9/pikachu_shocked_face/,,,,6,surprised pikachu
reddit,surprised pikachu,"""pikachu shocked""",9vnwno,OwnFall,OwnFall,*Pikachu shocked face*,,https://i.redd.it/nvbyj1y86dx11.jpg,85,,9,2018-11-09T20:21:20+00:00,2025-12-22T13:54:28.847892,https://www.reddit.com/r/dankmemes/comments/9vnwno/pikachu_shocked_face/,,,,6,surprised pikachu
reddit,surprised pikachu,"""pikachu surprise""",k739e3,Alien_Drew,Alien_Drew,"Real life pikachu, surprised are you? :P",,https://i.redd.it/cipazk1hlb361.png,43,,15,2020-12-05T07:23:14+00:00,2025-12-22T13:54:28.847892,https://www.reddit.com/r/memes/comments/k739e3/real_life_pikachu_surprised_are_you_p/,,,,6,surprised pikachu
reddit,surprised pikachu,"""pikachu surprise""",i16t2r,Motion_Offense,Motion_Offense,Pikachu surprised face,,https://i.redd.it/j8yu1sh7u6e51.jpg,847,,16,2020-07-31T12:39:56+00:00,2025-12-22T13:54:28.847892,https://www.reddit.com/r/memes/comments/i16t2r/pikachu_surprised_face/,,,,6,surprised pikachu
reddit,surprised pikachu,"""pikachu surprise""",fh3920,PROking21,PROking21,Pikachu surprised face :0,,https://i.redd.it/njh9qidqm3m41.jpg,54,,1,2020-03-11T19:57:27+00:00,2025-12-22T13:54:28.847892,https://www.reddit.com/r/memes/comments/fh3920/pikachu_surprised_face_0/,,,,6,surprised pikachu
reddit,surprised pikachu,"""pikachu surprise""",c5oumz,Swagmaner,Swagmaner,*pikachu surprised face*,,https://i.redd.it/nf1gthilvo631.jpg,13491,,85,2019-06-26T11:49:03+00:00,2025-12-22T13:54:28.847892,https://www.reddit.com/r/dankmemes/comments/c5oumz/pikachu_surprised_face/,,,,6,surprised pikachu
reddit,surprised pikachu,"""pikachu face""",1krflmf,kokodrill0,kokodrill0,i watched in shocked pikachu face,,https://i.redd.it/9pmbjhka002f1.png,13,,10,2025-05-20T20:40:46+00:00,2025-12-22T13:54:28.847892,https://www.reddit.com/r/memes/comments/1krflmf/i_watched_in_shocked_pikachu_face/,,,,6,surprised pikachu
reddit,surprised pikachu,"""pikachu face""",v3w2d4,MrCuteDiaperRETURNS,MrCuteDiaperRETURNS,Pikachu face,,https://i.redd.it/e0792786rd391.gif,1474,,16,2022-06-03T10:05:21+00:00,2025-12-22T13:54:28.847892,https://www.reddit.com/r/memes/comments/v3w2d4/pikachu_face/,,,,6,surprised pikachu
reddit,surprised pikachu,"""pikachu face""",v2ybuv,blink_jagger,blink_jagger,*Suprised pikachu face*,,https://i.redd.it/svu13fkcb4391.png,230,,5,2022-06-02T02:21:08+00:00,2025-12-22T13:54:28.847892,https://www.reddit.com/r/dankmemes/comments/v2ybuv/suprised_pikachu_face/,,,,6,surprised pikachu
reddit,surprised pikachu,"""pikachu face""",uu4umg,funeflugt,funeflugt,Wait is economics a social science? *suprised Pikachu face*,,https://i.redd.it/y45awj0lfo091.png,23,,13,2022-05-20T18:47:32+00:00,2025-12-22T13:54:28.847892,https://www.reddit.com/r/dankmemes/comments/uu4umg/wait_is_economics_a_social_science_suprised/,,,,6,surprised pikachu
reddit,surprised pikachu,"""pikachu face""",uhjbc5,pratttatt,pratttatt,*pikachu face*,,https://i.redd.it/6hkam919aax81.jpg,564,,4,2022-05-03T16:00:16+00:00,2025-12-22T13:54:28.847892,https://www.reddit.com/r/memes/comments/uhjbc5/pikachu_face/,,,,6,surprised pikachu
reddit,surprised pikachu,"""pikachu face""",u7hm3p,thekevo1297,thekevo1297,Pikachu face works too.,,https://i.imgur.com/dUdNItj.jpg,13307,,184,2022-04-19T22:41:50+00:00,2025-12-22T13:54:28.847892,https://www.reddit.com/r/memes/comments/u7hm3p/pikachu_face_works_too/,,,,6,surprised pikachu
reddit,surprised pikachu,"""pikachu face""",ta5p71,Jfy39,Jfy39,Shocked Pikachu face,,https://i.redd.it/2ieua8jeecm81.gif,1626,,13,2022-03-09T11:21:38+00:00,2025-12-22T13:54:28.847892,https://www.reddit.com/r/memes/comments/ta5p71/shocked_pikachu_face/,,,,6,surprised pikachu
reddit,surprised pikachu,"""pikachu face""",t9joow,Gozertank,Gozertank,I predict record profits (Insert shocked Pikachu face),,https://i.redd.it/giotuwt2l6m81.jpg,249,,6,2022-03-08T15:48:20+00:00,2025-12-22T13:54:28.847892,https://www.reddit.com/r/memes/comments/t9joow/i_predict_record_profits_insert_shocked_pikachu/,,,,6,surprised pikachu
reddit,surprised pikachu,"""pikachu face""",su3b3z,ShartCannon9000,ShartCannon9000,"Reddit: I have a great idea let's take something that isn't broken and break the fuck out of it. Also Reddit: *Suprised Pikachu Face* ""Give this man a raise""",,https://i.redd.it/cnt6gahyr8i81.gif,32,,1,2022-02-16T18:53:54+00:00,2025-12-22T13:54:28.847892,https://www.reddit.com/r/dankmemes/comments/su3b3z/reddit_i_have_a_great_idea_lets_take_something/,,,,6,surprised pikachu
reddit,surprised pikachu,"""pikachu face""",qtgepo,hushitsu,hushitsu,Governments and corporations: Pikachu face,,https://i.redd.it/191yctmr6hz71.jpg,34,,1,2021-11-14T02:52:49+00:00,2025-12-22T13:54:28.847892,https://www.reddit.com/r/dankmemes/comments/qtgepo/governments_and_corporations_pikachu_face/,,,,6,surprised pikachu
reddit,surprised pikachu,"""pikachu face""",qtge0t,hushitsu,hushitsu,Governments and corporations: Pikachu face,,https://i.redd.it/tgtayne56hz71.jpg,33,,0,2021-11-14T02:51:34+00:00,2025-12-22T13:54:28.847892,https://www.reddit.com/r/memes/comments/qtge0t/governments_and_corporations_pikachu_face/,,,,6,surprised pikachu
reddit,surprised pikachu,"""pikachu face""",qnygpc,Susy_baka175,Susy_baka175,*Suprised Pikachu face*,,https://i.redd.it/wexnyb3yoyx71.gif,7069,,25,2021-11-06T11:36:36+00:00,2025-12-22T13:54:28.847892,https://www.reddit.com/r/memes/comments/qnygpc/suprised_pikachu_face/,,,,6,surprised pikachu
reddit,surprised pikachu,"""pikachu face""",pibwwt,gerrard114,gerrard114,Suprised Pikachu face in HD,,https://i.redd.it/uaim1avodol71.jpg,41,,1,2021-09-05T12:06:03+00:00,2025-12-22T13:54:28.847892,https://www.reddit.com/r/memes/comments/pibwwt/suprised_pikachu_face_in_hd/,,,,6,surprised pikachu
reddit,surprised pikachu,"""pikachu face""",p1don9,batboy0701,batboy0701,*shocked pikachu face*,,https://i.redd.it/e0vt56q08fg71.jpg,47,,2,2021-08-09T23:57:35+00:00,2025-12-22T13:54:28.847892,https://www.reddit.com/r/memes/comments/p1don9/shocked_pikachu_face/,,,,6,surprised pikachu
reddit,surprised pikachu,"""pikachu face""",okbsro,youvegotsaids,youvegotsaids,Starting a cultural revolution with the new pikachu face,,https://i.redd.it/bzawomlcd8b71.jpg,1815,,15,2021-07-14T19:34:15+00:00,2025-12-22T13:54:28.847892,https://www.reddit.com/r/memes/comments/okbsro/starting_a_cultural_revolution_with_the_new/,,,,6,surprised pikachu
reddit,surprised pikachu,"""pikachu face""",ok3hwd,FenixDriver,FenixDriver,*Confused Pikachu Face*,,https://i.redd.it/wd0h0jb7b6b71.png,35,,1,2021-07-14T12:39:55+00:00,2025-12-22T13:54:28.847892,https://www.reddit.com/r/memes/comments/ok3hwd/confused_pikachu_face/,,,,6,surprised pikachu
reddit,surprised pikachu,"""pikachu face""",ok3hkt,FenixDriver,FenixDriver,*Confused Pikachu Face*,,https://i.redd.it/pizmqim2b6b71.png,20,,2,2021-07-14T12:39:22+00:00,2025-12-22T13:54:28.847892,https://www.reddit.com/r/dankmemes/comments/ok3hkt/confused_pikachu_face/,,,,6,surprised pikachu
reddit,surprised pikachu,"""pikachu face""",nqph7b,MemeFootie,MemeFootie,*Suprised Pikachu Face*,,https://i.redd.it/z0bvm11bnv271.jpg,26703,,238,2021-06-02T16:13:50+00:00,2025-12-22T13:54:28.847892,https://www.reddit.com/r/memes/comments/nqph7b/suprised_pikachu_face/,,,,6,surprised pikachu
reddit,surprised pikachu,"""pikachu face""",n6uipz,Sfs_Gamer,Sfs_Gamer,The Teachers: *shocked pikachu face*,,https://i.redd.it/071axbxu2ox61.jpg,77,,2,2021-05-07T09:26:54+00:00,2025-12-22T13:54:28.847892,https://www.reddit.com/r/memes/comments/n6uipz/the_teachers_shocked_pikachu_face/,,,,6,surprised pikachu
reddit,surprised pikachu,"""pikachu face""",md2yuw,ItzAnandYT,ItzAnandYT,When you use a old meme *suprised pikachu face*,,https://i.redd.it/92on406ng7p61.jpg,54,,5,2021-03-25T17:00:00+00:00,2025-12-22T13:54:28.847892,https://www.reddit.com/r/memes/comments/md2yuw/when_you_use_a_old_meme_suprised_pikachu_face/,,,,6,surprised pikachu
reddit,surprised pikachu,"""pikachu face""",m5knk1,odi385hdj,odi385hdj,My friend's fish is making the shocked pikachu face,,https://i.redd.it/1nevvkch17n61.png,22,,5,2021-03-15T13:26:58+00:00,2025-12-22T13:54:28.847892,https://www.reddit.com/r/funny/comments/m5knk1/my_friends_fish_is_making_the_shocked_pikachu_face/,,,,6,surprised pikachu
reddit,surprised pikachu,"""pikachu face""",lzt11l,dclynn,dclynn,caught my cat making the pikachu face :o,,https://i.redd.it/ohn14k5slml61.jpg,235,,1,2021-03-07T15:39:05+00:00,2025-12-22T13:54:28.847892,https://www.reddit.com/r/memes/comments/lzt11l/caught_my_cat_making_the_pikachu_face_o/,,,,6,surprised pikachu
reddit,surprised pikachu,"""pikachu face""",l6ic6f,SashimiTuga,SashimiTuga,* SHOCKED PIKACHU FACE *,,https://i.redd.it/649ltmqlryd61.jpg,118,,12,2021-01-28T00:01:23+00:00,2025-12-22T13:54:28.847892,https://www.reddit.com/r/memes/comments/l6ic6f/shocked_pikachu_face/,,,,6,surprised pikachu
reddit,surprised pikachu,"""pikachu face""",kzzfgv,Ibrahim-khan,Ibrahim-khan,Suprised Pikachu Face,,https://i.redd.it/tu6xv9ein4c61.gif,20233,,84,2021-01-18T17:39:27+00:00,2025-12-22T13:54:28.847892,https://www.reddit.com/r/dankmemes/comments/kzzfgv/suprised_pikachu_face/,,,,6,surprised pikachu
reddit,surprised pikachu,"""pikachu face""",kuldt8,prodigy1367,prodigy1367,Shocked Pikachu face,,https://i.redd.it/ld96hya97ka61.jpg,64,,0,2021-01-10T19:48:34+00:00,2025-12-22T13:54:28.847892,https://www.reddit.com/r/memes/comments/kuldt8/shocked_pikachu_face/,,,,6,surprised pikachu
reddit,surprised pikachu,"""pikachu face""",kmztw0,BechlyB_,BechlyB_,New suprised pikachu face?,,https://i.redd.it/hk8xnmzbwa861.jpg,65,,3,2020-12-30T10:23:01+00:00,2025-12-22T13:54:28.847892,https://www.reddit.com/r/memes/comments/kmztw0/new_suprised_pikachu_face/,,,,6,surprised pikachu
reddit,surprised pikachu,"""pikachu face""",kmd735,Phantom_Kaiba,Phantom_Kaiba,**shocked pikachu face**,,https://i.redd.it/lm434x7r94861.jpg,51,,9,2020-12-29T12:05:45+00:00,2025-12-22T13:54:28.847892,https://www.reddit.com/r/memes/comments/kmd735/shocked_pikachu_face/,,,,6,surprised pikachu
reddit,surprised pikachu,"""pikachu face""",kf48ek,wootong,wootong,Think of the pikachu face,,https://i.redd.it/zcbm0408ts561.jpg,32,,2,2020-12-17T19:25:13+00:00,2025-12-22T13:54:28.847892,https://www.reddit.com/r/memes/comments/kf48ek/think_of_the_pikachu_face/,,,,6,surprised pikachu
reddit,surprised pikachu,"""pikachu face""",jre2n6,PetyrBaelish,PetyrBaelish,Suggestion to replace Pikachu face with James Bond pretending to have killed James Bond face,,https://i.imgur.com/jPu6EtW.jpg,13,,3,2020-11-10T04:15:31+00:00,2025-12-22T13:54:28.847892,https://www.reddit.com/r/funny/comments/jre2n6/suggestion_to_replace_pikachu_face_with_james/,,,,6,surprised pikachu
reddit,surprised pikachu,"""pikachu face""",jf6uu4,xXWolfyIsAwesomeXx,xXWolfyIsAwesomeXx,*surprised detective pikachu face*,,https://i.redd.it/a7a5qjytudu51.jpg,55,,7,2020-10-21T05:22:03+00:00,2025-12-22T13:54:28.847892,https://www.reddit.com/r/memes/comments/jf6uu4/surprised_detective_pikachu_face/,,,,6,surprised pikachu
reddit,surprised pikachu,"""pikachu face""",jedzt8,spoppydoggo,spoppydoggo,*suprised pikachu face*,,https://i.redd.it/jf4hf5o335u51.jpg,36,,8,2020-10-19T23:52:22+00:00,2025-12-22T13:54:28.847892,https://www.reddit.com/r/dankmemes/comments/jedzt8/suprised_pikachu_face/,,,,6,surprised pikachu
reddit,surprised pikachu,"""pikachu face""",j2o4p1,enslaved-moisture123,enslaved-moisture123,*suprise Pikachu face*,,https://i.redd.it/zz04hbbiyaq51.jpg,178,,8,2020-09-30T15:20:47+00:00,2025-12-22T13:54:28.847892,https://www.reddit.com/r/memes/comments/j2o4p1/suprise_pikachu_face/,,,,6,surprised pikachu
reddit,surprised pikachu,"""pikachu face""",j09kkc,Firestar_00,Firestar_00,Suprise pikachu face,,https://i.redd.it/q932gcpyvip51.jpg,35,,6,2020-09-26T16:56:37+00:00,2025-12-22T13:54:28.847892,https://www.reddit.com/r/memes/comments/j09kkc/suprise_pikachu_face/,,,,6,surprised pikachu
reddit,surprised pikachu,"""pikachu face""",iygooh,RoxtarTheKing,RoxtarTheKing,Confused pikachu face,,https://i.redd.it/c6edhyse4yo51.jpg,55,,0,2020-09-23T19:06:34+00:00,2025-12-22T13:54:28.847892,https://www.reddit.com/r/memes/comments/iygooh/confused_pikachu_face/,,,,6,surprised pikachu
reddit,surprised pikachu,"""pikachu face""",iwl0y7,DanTheetje,DanTheetje,Me: *fails test* teacher: *suprised pikachu face*,,https://i.redd.it/q7y4fmaczco51.jpg,54,,0,2020-09-20T20:00:46+00:00,2025-12-22T13:54:28.847892,https://www.reddit.com/r/memes/comments/iwl0y7/me_fails_test_teacher_suprised_pikachu_face/,,,,6,surprised pikachu
reddit,surprised pikachu,"""pikachu face""",iok13a,InfinityCircuit,InfinityCircuit,*shocked Pikachu face*,,https://i.imgur.com/c2fYcGr.jpg,22,,4,2020-09-08T01:00:33+00:00,2025-12-22T13:54:28.847892,https://www.reddit.com/r/dankmemes/comments/iok13a/shocked_pikachu_face/,,,,6,surprised pikachu
reddit,surprised pikachu,"""pikachu face""",ioazei,Yoitsbertnotdirt,Yoitsbertnotdirt,The new suprised Pikachu face?,,https://i.redd.it/1pm7hs7i8rl51.jpg,41,,15,2020-09-07T16:44:38+00:00,2025-12-22T13:54:28.847892,https://www.reddit.com/r/memes/comments/ioazei/the_new_suprised_pikachu_face/,,,,6,surprised pikachu
reddit,surprised pikachu,"""pikachu face""",imudks,Tinydoggie027,Tinydoggie027,*Inserts scared Pikachu face,,https://i.redd.it/xvr2dq9a39l51.png,28,,5,2020-09-05T03:43:19+00:00,2025-12-22T13:54:28.847892,https://www.reddit.com/r/memes/comments/imudks/inserts_scared_pikachu_face/,,,,6,surprised pikachu
reddit,surprised pikachu,shocked pikachu meme,1iqbvo1,Dracophem,Dracophem,Pikachu Ash baby meme,,https://v.redd.it/jyvmhpyyedje1,44,,2,2025-02-15T21:27:10+00:00,2025-12-22T13:54:28.847892,https://www.reddit.com/r/memes/comments/1iqbvo1/pikachu_ash_baby_meme/,,,,6,surprised pikachu
reddit,surprised pikachu,shocked pikachu meme,1cuwl1q,Square-Detective,Square-Detective,Shocked pika,,https://i.redd.it/8e2y2xgil61d1.jpeg,4300,,41,2024-05-18T12:48:05+00:00,2025-12-22T13:54:28.847892,https://www.reddit.com/r/funny/comments/1cuwl1q/shocked_pika/,,,,6,surprised pikachu
reddit,surprised pikachu,shocked pikachu meme,175tuae,OmegaMan_95,OmegaMan_95,New Pikachu meme potential,,https://i.redd.it/gafo2oqm4otb1.jpg,2,,2,2023-10-12T00:43:38+00:00,2025-12-22T13:54:28.847892,https://www.reddit.com/r/memes/comments/175tuae/new_pikachu_meme_potential/,,,,6,surprised pikachu
reddit,surprised pikachu,shocked pikachu meme,173wmiq,StaffLegends,StaffLegends,DP:battle dimension is where I got this,,https://i.redd.it/pq0vjx91i7tb1.jpg,30,,4,2023-10-09T16:48:35+00:00,2025-12-22T13:54:28.847892,https://www.reddit.com/r/memes/comments/173wmiq/dpbattle_dimension_is_where_i_got_this/,,,,6,surprised pikachu
reddit,surprised pikachu,shocked pikachu meme,10nmbig,NolanTacoKing,NolanTacoKing,"made a bootleg shocked Pikachu that I dub ""Oh no Flo""",,https://i.redd.it/tsb92uneytea1.png,4,,0,2023-01-28T18:48:39+00:00,2025-12-22T13:54:28.847892,https://www.reddit.com/r/memes/comments/10nmbig/made_a_bootleg_shocked_pikachu_that_i_dub_oh_no/,,,,6,surprised pikachu
reddit,surprised pikachu,shocked pikachu meme,zhi3qu,No-Brilliant-5424,No-Brilliant-5424,Like BRUH what?!,,https://i.redd.it/pbzmmjkab15a1.jpg,0,,7,2022-12-10T03:51:57+00:00,2025-12-22T13:54:28.847892,https://www.reddit.com/r/memes/comments/zhi3qu/like_bruh_what/,,,,6,surprised pikachu
reddit,surprised pikachu,shocked pikachu meme,ywa3sd,SpaceHarrier64,SpaceHarrier64,Shockingly accurate meme,,https://i.redd.it/qdkcrpw9n60a1.jpg,99,,25,2022-11-15T21:27:31+00:00,2025-12-22T13:54:28.847892,https://www.reddit.com/r/dankmemes/comments/ywa3sd/shockingly_accurate_meme/,,,,6,surprised pikachu
reddit,surprised pikachu,shocked pikachu meme,yot1g2,Silent_Palpatine,Silent_Palpatine,WTF is happening over there????,,https://i.redd.it/ohikiq228ky91.jpg,8,,3,2022-11-07T16:58:45+00:00,2025-12-22T13:54:28.847892,https://www.reddit.com/r/memes/comments/yot1g2/wtf_is_happening_over_there/,,,,6,surprised pikachu
reddit,surprised pikachu,shocked pikachu meme,xj31i3,PseudoPatriotsNotPog,PseudoPatriotsNotPog,shocked Pikachu,,https://i.redd.it/98xzb5sd4zo91.jpg,27,,3,2022-09-20T08:23:30+00:00,2025-12-22T13:54:28.847892,https://www.reddit.com/r/memes/comments/xj31i3/shocked_pikachu/,,,,6,surprised pikachu
reddit,surprised pikachu,shocked pikachu meme,xhh1oy,lowtups,lowtups,"I can't make a meme, so I made a meme of trying to make a meme",,https://i.redd.it/9jsbde3rfmo91.jpg,10,,1,2022-09-18T13:44:05+00:00,2025-12-22T13:54:28.847892,https://www.reddit.com/r/memes/comments/xhh1oy/i_cant_make_a_meme_so_i_made_a_meme_of_trying_to/,,,,6,surprised pikachu
reddit,surprised pikachu,shocked pikachu meme,x5cf2x,Joe_Model_Grade,Joe_Model_Grade,Mega meme,,https://i.redd.it/qz83ml21erl91.jpg,46,,0,2022-09-04T03:10:56+00:00,2025-12-22T13:54:28.847892,https://www.reddit.com/r/memes/comments/x5cf2x/mega_meme/,,,,6,surprised pikachu
reddit,surprised pikachu,shocked pikachu meme,u1j0oy,RandomGuy952,RandomGuy952,Disney: *Shocked Pikachu*,,https://i.redd.it/mubuva8f3zs81.jpg,16,,3,2022-04-11T22:06:14+00:00,2025-12-22T13:54:28.847892,https://www.reddit.com/r/memes/comments/u1j0oy/disney_shocked_pikachu/,,,,6,surprised pikachu
reddit,surprised pikachu,shocked pikachu meme,pnu7o7,Raghav_Verma,Raghav_Verma,"I make Rubik’s cube mosaics from a single cube, by taking hundreds of pictures and stitching them together. I made a pikachu mosaic and tried to make a meme :P",,https://i.redd.it/m3bn8h5ntdn71.jpg,136,,23,2021-09-14T02:44:09+00:00,2025-12-22T13:54:28.847892,https://www.reddit.com/r/memes/comments/pnu7o7/i_make_rubiks_cube_mosaics_from_a_single_cube_by/,,,,6,surprised pikachu
reddit,surprised pikachu,shocked pikachu meme,pi5bc0,Static_456,Static_456,New shocked Pikachu,,https://i.redd.it/haek3nctpll71.jpg,375,,6,2021-09-05T03:08:38+00:00,2025-12-22T13:54:28.847892,https://www.reddit.com/r/memes/comments/pi5bc0/new_shocked_pikachu/,,,,6,surprised pikachu
reddit,surprised pikachu,shocked pikachu meme,oidr36,Deeeo64,Deeeo64,"As an Italy fan I'm obviously still in shock and memes aside, well played. My heart constantly skipped beats.",,https://i.redd.it/3atf8uzeqna71.jpg,32,,5,2021-07-11T22:10:06+00:00,2025-12-22T13:54:28.847892,https://www.reddit.com/r/memes/comments/oidr36/as_an_italy_fan_im_obviously_still_in_shock_and/,,,,6,surprised pikachu
reddit,surprised pikachu,shocked pikachu meme,no0e8f,CJShoestore,CJShoestore,Queen Elizabeth is in another meme shocking,,https://i.redd.it/khalnfspq5271.jpg,75,,7,2021-05-30T01:06:37+00:00,2025-12-22T13:54:28.847892,https://www.reddit.com/r/memes/comments/no0e8f/queen_elizabeth_is_in_another_meme_shocking/,,,,6,surprised pikachu
reddit,surprised pikachu,shocked pikachu meme,mj0mjh,42words,42words,SLIDESHOW: Top Ten Memes Who Aged Badly!! Number 8 Will SHOCK You!!,,https://imgur.com/r5Wili7.jpg,16,,1,2021-04-03T03:41:14+00:00,2025-12-22T13:54:28.847892,https://www.reddit.com/r/dankmemes/comments/mj0mjh/slideshow_top_ten_memes_who_aged_badly_number_8/,,,,6,surprised pikachu
reddit,surprised pikachu,shocked pikachu meme,mceir5,Lady_Plague,Lady_Plague,"Sir, This is a Meme Sub",,https://www.reddit.com/r/memes/comments/mceir5/sir_this_is_a_meme_sub/,1113,,229,2021-03-24T19:35:54+00:00,2025-12-22T13:54:28.847892,https://www.reddit.com/r/memes/comments/mceir5/sir_this_is_a_meme_sub/,,,,6,surprised pikachu
reddit,surprised pikachu,shocked pikachu meme,m9knq2,ArtfulMorty,ArtfulMorty,"Shocked Ghost meme, PM for template, have a wonderful night!",,https://i.redd.it/s0ahq6095ao61.png,34,,10,2021-03-21T00:58:22+00:00,2025-12-22T13:54:28.847892,https://www.reddit.com/r/memes/comments/m9knq2/shocked_ghost_meme_pm_for_template_have_a/,,,,6,surprised pikachu
reddit,surprised pikachu,shocked pikachu meme,kylod8,Mjmonster,Mjmonster,*shocked Pikachu*,,https://i.redd.it/rtpaaxteypb61.jpg,13,,8,2021-01-16T16:13:46+00:00,2025-12-22T13:54:28.847892,https://www.reddit.com/r/dankmemes/comments/kylod8/shocked_pikachu/,,,,6,surprised pikachu
reddit,surprised pikachu,shocked pikachu meme,kylnlu,Mjmonster,Mjmonster,*shocked Pikachu*,,https://i.redd.it/l6lgsyl7ypb61.jpg,42,,2,2021-01-16T16:12:38+00:00,2025-12-22T13:54:28.847892,https://www.reddit.com/r/memes/comments/kylnlu/shocked_pikachu/,,,,6,surprised pikachu
reddit,surprised pikachu,shocked pikachu meme,ksir9f,solvorn,solvorn,mrw I see all the shocked European memes this morning,,https://i.redd.it/1krk3ull9y961.jpg,0,,38,2021-01-07T18:03:13+00:00,2025-12-22T13:54:28.847892,https://www.reddit.com/r/memes/comments/ksir9f/mrw_i_see_all_the_shocked_european_memes_this/,,,,6,surprised pikachu
reddit,surprised pikachu,shocked pikachu meme,k4sg7g,TheMANGOmaster69,TheMANGOmaster69,I am always shocked when i find a meme there that is not a reaction meme,,https://i.redd.it/i386p8ndqm261.jpg,28,,3,2020-12-01T19:46:11+00:00,2025-12-22T13:54:28.847892,https://www.reddit.com/r/dankmemes/comments/k4sg7g/i_am_always_shocked_when_i_find_a_meme_there_that/,,,,6,surprised pikachu
reddit,surprised pikachu,shocked pikachu meme,k12c2s,ASaltyPorkchop,ASaltyPorkchop,When you find a new surprised meme template that isn’t Pikachu,,https://i.redd.it/rnjk5subog161.jpg,51,,1,2020-11-25T22:19:53+00:00,2025-12-22T13:54:28.847892,https://www.reddit.com/r/memes/comments/k12c2s/when_you_find_a_new_surprised_meme_template_that/,,,,6,surprised pikachu
reddit,surprised pikachu,shocked pikachu meme,jl20ns,Bongo_CatisMessiah,Bongo_CatisMessiah,Is the Pikachu meme dead?,,https://i.redd.it/e5cxs4vgw9w51.png,39,,5,2020-10-30T18:13:03+00:00,2025-12-22T13:54:28.847892,https://www.reddit.com/r/memes/comments/jl20ns/is_the_pikachu_meme_dead/,,,,6,surprised pikachu
reddit,surprised pikachu,shocked pikachu meme,jckfdm,4472demen,4472demen,*Shocked Pikachu*,,https://i.redd.it/6gwon6zthjt51.png,674,,8,2020-10-16T23:15:57+00:00,2025-12-22T13:54:28.847892,https://www.reddit.com/r/memes/comments/jckfdm/shocked_pikachu/,,,,6,surprised pikachu
reddit,surprised pikachu,shocked pikachu meme,iy13nr,ilikepotatoes_42,ilikepotatoes_42,Next up the pikachu meme,,https://i.redd.it/coeomw94zso51.jpg,14809,,47,2020-09-23T01:48:00+00:00,2025-12-22T13:54:28.847892,https://www.reddit.com/r/memes/comments/iy13nr/next_up_the_pikachu_meme/,,,,6,surprised pikachu
reddit,surprised pikachu,shocked pikachu meme,iogo6g,Burnt_Skeggz,Burnt_Skeggz,Shocked Pikachu - Meme K Resolution (Zoom In),,https://i.redd.it/1dvvlp4unsl51.jpg,30,,4,2020-09-07T21:33:15+00:00,2025-12-22T13:54:28.847892,https://www.reddit.com/r/memes/comments/iogo6g/shocked_pikachu_meme_k_resolution_zoom_in/,,,,6,surprised pikachu
reddit,surprised pikachu,shocked pikachu meme,ilg4ci,Atomic12192,Atomic12192,"Unfamiliar memes day 151, anyone else remember how shocking this was?",,https://i.redd.it/ptfp48cfzsk51.jpg,39,,3,2020-09-02T21:33:10+00:00,2025-12-22T13:54:28.847892,https://www.reddit.com/r/memes/comments/ilg4ci/unfamiliar_memes_day_151_anyone_else_remember_how/,,,,6,surprised pikachu
reddit,surprised pikachu,shocked pikachu meme,ic6yoi,BoneZX3,BoneZX3,*shocked pikachu noises*,,https://i.redd.it/x3qfqozh3th51.png,39,,10,2020-08-18T18:43:36+00:00,2025-12-22T13:54:28.847892,https://www.reddit.com/r/memes/comments/ic6yoi/shocked_pikachu_noises/,,,,6,surprised pikachu
reddit,surprised pikachu,shocked pikachu meme,i6gce9,1winforme,1winforme,*add shocked pikachu face here*,,https://i.redd.it/oxets8bozxf51.png,48,,3,2020-08-09T09:04:09+00:00,2025-12-22T13:54:28.847892,https://www.reddit.com/r/memes/comments/i6gce9/add_shocked_pikachu_face_here/,,,,6,surprised pikachu
reddit,surprised pikachu,shocked pikachu meme,i4myx9,Mendreo,Mendreo,Shocked Pikachu face,,https://i.redd.it/tffqq9h0zbf51.jpg,37,,1,2020-08-06T06:59:55+00:00,2025-12-22T13:54:28.847892,https://www.reddit.com/r/memes/comments/i4myx9/shocked_pikachu_face/,,,,6,surprised pikachu
reddit,surprised pikachu,shocked pikachu meme,i4a4ca,HowToMeme101,HowToMeme101,New Suprised Pikachu meme format?,,https://i.redd.it/k4511xhj28f51.png,38,,4,2020-08-05T17:52:34+00:00,2025-12-22T13:54:28.847892,https://www.reddit.com/r/memes/comments/i4a4ca/new_suprised_pikachu_meme_format/,,,,6,surprised pikachu
reddit,surprised pikachu,shocked pikachu meme,i06qzn,ktos04,ktos04,Me: uses porg instead of Pikachu. Entire Meme community:,,https://i.redd.it/y1gj1pojjud51.jpg,40,,0,2020-07-29T19:18:49+00:00,2025-12-22T13:54:28.847892,https://www.reddit.com/r/memes/comments/i06qzn/me_uses_porg_instead_of_pikachu_entire_meme/,,,,6,surprised pikachu
reddit,surprised pikachu,shocked pikachu meme,hxmy25,KaroneBrotherine,KaroneBrotherine,*shocked pikachu face*,,https://i.redd.it/8hl99x19c0d51.jpg,67,,0,2020-07-25T13:44:28+00:00,2025-12-22T13:54:28.847892,https://www.reddit.com/r/memes/comments/hxmy25/shocked_pikachu_face/,,,,6,surprised pikachu
reddit,surprised pikachu,shocked pikachu meme,hw96ht,Sephoyy,Sephoyy,Shocked pikachu face,,https://i.redd.it/fczgt0ibajc51.jpg,57,,0,2020-07-23T04:23:21+00:00,2025-12-22T13:54:28.847892,https://www.reddit.com/r/memes/comments/hw96ht/shocked_pikachu_face/,,,,6,surprised pikachu
reddit,surprised pikachu,shocked pikachu meme,hprqde,bluerazzberryskelly,bluerazzberryskelly,I’m so fucking tired but so this cursed pikachu crack porn meme face and had to crop it,,https://i.redd.it/p22en7opbea51.jpg,71,,3,2020-07-12T09:33:59+00:00,2025-12-22T13:54:28.847892,https://www.reddit.com/r/dankmemes/comments/hprqde/im_so_fucking_tired_but_so_this_cursed_pikachu/,,,,6,surprised pikachu
reddit,surprised pikachu,shocked pikachu meme,hb8h1d,redwiseman,redwiseman,"Same Meme, New Pikachu",,https://i.redd.it/t98trspyul551.jpg,2709,,12,2020-06-18T05:33:42+00:00,2025-12-22T13:54:28.847892,https://www.reddit.com/r/memes/comments/hb8h1d/same_meme_new_pikachu/,,,,6,surprised pikachu
reddit,surprised pikachu,shocked pikachu meme,h0614y,tiny__films,tiny__films,*Shocked Pikachu face*,,https://i.redd.it/o469ky0nc1451.jpg,39,,4,2020-06-10T07:31:12+00:00,2025-12-22T13:54:28.847892,https://www.reddit.com/r/memes/comments/h0614y/shocked_pikachu_face/,,,,6,surprised pikachu
reddit,surprised pikachu,shocked pikachu meme,gvsiic,uwu0_0,uwu0_0,Is *Shocked pikachu face* meme still alive?,,https://i.redd.it/ibkdcdzeoo251.jpg,33,,2,2020-06-03T11:49:57+00:00,2025-12-22T13:54:28.847892,https://www.reddit.com/r/memes/comments/gvsiic/is_shocked_pikachu_face_meme_still_alive/,,,,6,surprised pikachu
reddit,surprised pikachu,shocked pikachu meme,gvb341,uwu0_0,uwu0_0,*Shocked pikachu face*,,https://i.redd.it/1xx2o5au2j251.jpg,44,,4,2020-06-02T17:00:07+00:00,2025-12-22T13:54:28.847892,https://www.reddit.com/r/memes/comments/gvb341/shocked_pikachu_face/,,,,6,surprised pikachu
reddit,surprised pikachu,shocked pikachu meme,guwny6,The_Hive_King,The_Hive_King,"“The man raised the holy weapon above the crowd of rioters and riot police. They gazed in shock as he hit the bullets back with no effort. This, was the power of casey.” -My brain thinking of this shitty meme",,https://i.redd.it/swb38xn55e251.jpg,13,,2,2020-06-02T00:24:09+00:00,2025-12-22T13:54:28.847892,https://www.reddit.com/r/memes/comments/guwny6/the_man_raised_the_holy_weapon_above_the_crowd_of/,,,,6,surprised pikachu
reddit,surprised pikachu,shocked pikachu meme,gskzvn,PurpleStingray,PurpleStingray,Well that escalated quickly (this meme is not political I am just shocked at the events),,https://i.redd.it/ir8bvmq1hm151.jpg,59,,4,2020-05-29T03:20:56+00:00,2025-12-22T13:54:28.847892,https://www.reddit.com/r/dankmemes/comments/gskzvn/well_that_escalated_quickly_this_meme_is_not/,,,,6,surprised pikachu
reddit,surprised pikachu,shocked pikachu meme,grvxfp,that_one_kid_ew,that_one_kid_ew,I just posted a few minutes ago *Shocked pikachu face*,,https://i.redd.it/4dpgkv8cie151.png,33,,3,2020-05-28T00:34:33+00:00,2025-12-22T13:54:28.847892,https://www.reddit.com/r/memes/comments/grvxfp/i_just_posted_a_few_minutes_ago_shocked_pikachu/,,,,6,surprised pikachu
reddit,surprised pikachu,shocked pikachu meme,gkj7b5,He4venIsReal,He4venIsReal,*shocked pikachu face*,,https://i.redd.it/6vxaw2aeb0z41.jpg,43,,5,2020-05-15T22:41:49+00:00,2025-12-22T13:54:28.847892,https://www.reddit.com/r/memes/comments/gkj7b5/shocked_pikachu_face/,,,,6,surprised pikachu
reddit,surprised pikachu,shocked pikachu meme,g84t0r,CMDR_Rachel_Roth,CMDR_Rachel_Roth,What is the meme format? (Not Pikachu),,https://i.redd.it/za3z8u2062v41.jpg,22,,4,2020-04-26T00:38:35+00:00,2025-12-22T13:54:28.847892,https://www.reddit.com/r/memes/comments/g84t0r/what_is_the_meme_format_not_pikachu/,,,,6,surprised pikachu
reddit,surprised pikachu,shocked pikachu meme,g5pe4v,Serban-H,Serban-H,*Vince McMahon shocked meme*,,https://i.redd.it/oofmylt219u41.jpg,46,,3,2020-04-21T22:39:20+00:00,2025-12-22T13:54:28.847892,https://www.reddit.com/r/memes/comments/g5pe4v/vince_mcmahon_shocked_meme/,,,,6,surprised pikachu
reddit,surprised pikachu,shocked pikachu meme,g1jbod,Bad_gurl_Rhirhi,Bad_gurl_Rhirhi,Supposed to be like the surprised pikachu meme,,https://i.redd.it/dhdhwoh68ws41.jpg,42,,5,2020-04-15T02:31:50+00:00,2025-12-22T13:54:28.847892,https://www.reddit.com/r/memes/comments/g1jbod/supposed_to_be_like_the_surprised_pikachu_meme/,,,,6,surprised pikachu
reddit,surprised pikachu,shocked pikachu meme,fx71sx,I_Spilt_my_milk,I_Spilt_my_milk,Pikachu uses Thunder Shock,,https://v.redd.it/991nmkmkplr41,0,,1,2020-04-08T14:06:08+00:00,2025-12-22T13:54:28.847892,https://www.reddit.com/r/funny/comments/fx71sx/pikachu_uses_thunder_shock/,,,,6,surprised pikachu
reddit,surprised pikachu,shocked pikachu meme,fsb5rw,ALO7OMATO,ALO7OMATO,* insert surprised pikachu meme *,,https://i.redd.it/w2apdfdjszp41.png,25,,2,2020-03-31T11:18:54+00:00,2025-12-22T13:54:28.847892,https://www.reddit.com/r/dankmemes/comments/fsb5rw/insert_surprised_pikachu_meme/,,,,6,surprised pikachu
reddit,surprised pikachu,shocked pikachu meme,fqr71z,Fudgexxx,Fudgexxx,Shocked pikachu face,,https://i.redd.it/gw207p5txgp41.jpg,31,,3,2020-03-28T19:54:34+00:00,2025-12-22T13:54:28.847892,https://www.reddit.com/r/memes/comments/fqr71z/shocked_pikachu_face/,,,,6,surprised pikachu
reddit,surprised pikachu,shocked pikachu meme,fnn891,-Lemon-Boi-,-Lemon-Boi-,It's basically the shocked pikachu meme,,https://i.redd.it/o0ajpladcgo41.jpg,1228,,25,2020-03-23T16:50:18+00:00,2025-12-22T13:54:28.847892,https://www.reddit.com/r/memes/comments/fnn891/its_basically_the_shocked_pikachu_meme/,,,,6,surprised pikachu
reddit,surprised pikachu,shocked pikachu meme,eupv9t,B1ng_B0ng,B1ng_B0ng,Surprised pikachu meme,,https://i.redd.it/ls79f9olhcd41.jpg,37,,4,2020-01-27T16:07:00+00:00,2025-12-22T13:54:28.847892,https://www.reddit.com/r/memes/comments/eupv9t/surprised_pikachu_meme/,,,,6,surprised pikachu
reddit,surprised pikachu,shocked pikachu meme,et3av2,PikachuIce,PikachuIce,"Some memes combined: Surprised Pikachu, MrBeast, _____ for president, all on a pin I made",,https://i.redd.it/92doz3j1tmc41.jpg,23,,1,2020-01-24T01:44:49+00:00,2025-12-22T13:54:28.847892,https://www.reddit.com/r/memes/comments/et3av2/some_memes_combined_surprised_pikachu_mrbeast_for/,,,,6,surprised pikachu
reddit,surprised pikachu,shocked pikachu meme,epfjl8,FipplesDippless,FipplesDippless,haha get it because pikachu is a electric type and shocked and stuff haha,,https://i.redd.it/fhf55fhw43b41.jpg,55,,2,2020-01-16T06:31:31+00:00,2025-12-22T13:54:28.847892,https://www.reddit.com/r/dankmemes/comments/epfjl8/haha_get_it_because_pikachu_is_a_electric_type/,,,,6,surprised pikachu
reddit,surprised pikachu,shocked pikachu meme,elvsps,Laxus_Dreyar,Laxus_Dreyar,My pug looks like the Pikachu meme,,https://i.redd.it/jdvqchhqal941.jpg,48,,3,2020-01-08T17:28:00+00:00,2025-12-22T13:54:28.847892,https://www.reddit.com/r/memes/comments/elvsps/my_pug_looks_like_the_pikachu_meme/,,,,6,surprised pikachu
reddit,surprised pikachu,shocked pikachu meme,el6950,iWHOReddit,iWHOReddit,All the WW3 memes literally is like a redone version of *Pikachu meme*,,https://i.redd.it/pap665kdaa941.png,46,,16,2020-01-07T04:26:27+00:00,2025-12-22T13:54:28.847892,https://www.reddit.com/r/dankmemes/comments/el6950/all_the_ww3_memes_literally_is_like_a_redone/,,,,6,surprised pikachu
reddit,surprised pikachu,shocked pikachu meme,eky641,peter__parker69,peter__parker69,My cat Squanchy is the pikachu meme,,https://i.redd.it/9a965ldad7941.jpg,41,,4,2020-01-06T18:37:23+00:00,2025-12-22T13:54:28.847892,https://www.reddit.com/r/memes/comments/eky641/my_cat_squanchy_is_the_pikachu_meme/,,,,6,surprised pikachu
reddit,surprised pikachu,shocked pikachu meme,ejtn6t,youriko31,youriko31,I was shocked at the volume of memes about it TBH,,https://i.redd.it/7al7u02gtp841.jpg,36,,1,2020-01-04T07:36:30+00:00,2025-12-22T13:54:28.847892,https://www.reddit.com/r/memes/comments/ejtn6t/i_was_shocked_at_the_volume_of_memes_about_it_tbh/,,,,6,surprised pikachu
reddit,surprised pikachu,shocked pikachu meme,egx7rj,SeargentNoodlez,SeargentNoodlez,"Making a meme everyday from each spongebob episode to promote him for meme of the decade Day 20 (episode 20, Culture Shock)",,https://i.redd.it/h83gp6xz8g741.jpg,55,,1,2019-12-28T22:21:06+00:00,2025-12-22T13:54:28.847892,https://www.reddit.com/r/memes/comments/egx7rj/making_a_meme_everyday_from_each_spongebob/,,,,6,surprised pikachu
reddit,surprised pikachu,shocked pikachu meme,ee5qj1,Zinyak1503,Zinyak1503,Me when I find an old picture I made of the surprised pikachu meme,,https://i.redd.it/45tv8mvn87641.jpg,28,,1,2019-12-22T14:59:07+00:00,2025-12-22T13:54:28.847892,https://www.reddit.com/r/memes/comments/ee5qj1/me_when_i_find_an_old_picture_i_made_of_the/,,,,6,surprised pikachu
reddit,surprised pikachu,shocked pikachu meme,e9n0tu,shawworx,shawworx,(Shocked pikachu face),,https://i.redd.it/hod7wp4f67441.png,98,,5,2019-12-12T12:38:13+00:00,2025-12-22T13:54:28.847892,https://www.reddit.com/r/memes/comments/e9n0tu/shocked_pikachu_face/,,,,6,surprised pikachu
reddit,surprised pikachu,shocked pikachu meme,e6mjvt,frikandelbroodje97,frikandelbroodje97,Pikachu for meme of the decade,,https://i.redd.it/zbowc84vdv241.jpg,39,,5,2019-12-05T19:54:25+00:00,2025-12-22T13:54:28.847892,https://www.reddit.com/r/memes/comments/e6mjvt/pikachu_for_meme_of_the_decade/,,,,6,surprised pikachu
reddit,surprised pikachu,shocked pikachu meme,e1vss0,i-Wayfarer,i-Wayfarer,This meme relies on shock value,,https://i.redd.it/qxfiocjk50141.jpg,48,,0,2019-11-26T09:48:35+00:00,2025-12-22T13:54:28.847892,https://www.reddit.com/r/memes/comments/e1vss0/this_meme_relies_on_shock_value/,,,,6,surprised pikachu
reddit,surprised pikachu,shocked pikachu meme,e18lk7,EnderxDJ,EnderxDJ,"look, I just need to know what type of meme this is. I know its a tom being shocked meme, but the, normal thing but now with more context it makes it messed up meme. just please help me.",,https://i.redd.it/57ycwbd0lq041.jpg,33,,4,2019-11-25T01:37:32+00:00,2025-12-22T13:54:28.847892,https://www.reddit.com/r/memes/comments/e18lk7/look_i_just_need_to_know_what_type_of_meme_this/,,,,6,surprised pikachu
reddit,surprised pikachu,shocked pikachu meme,dybne6,ProDarkGamer,ProDarkGamer,I drew a surprised pikachu in class and made a meme of it,,https://i.redd.it/sl08h0tf5jz31.jpg,25,,4,2019-11-18T23:33:28+00:00,2025-12-22T13:54:28.847892,https://www.reddit.com/r/dankmemes/comments/dybne6/i_drew_a_surprised_pikachu_in_class_and_made_a/,,,,6,surprised pikachu
reddit,surprised pikachu,shocked pikachu meme,dwexhw,ThePamcakes,ThePamcakes,When moving house I found this wee picture my son drew for me a couple of years ago. I may have birthed the creator of shocked Pikachu,,https://i.redd.it/kzgyt25xjpy31.jpg,13,,0,2019-11-14T20:01:09+00:00,2025-12-22T13:54:28.847892,https://www.reddit.com/r/funny/comments/dwexhw/when_moving_house_i_found_this_wee_picture_my_son/,,,,6,surprised pikachu
reddit,surprised pikachu,shocked pikachu meme,dusk2v,Fireeagle711,Fireeagle711,trying new pikachu meme,,https://i.redd.it/rthz6ivt92y31.png,77,,7,2019-11-11T13:43:46+00:00,2025-12-22T13:54:28.847892,https://www.reddit.com/r/memes/comments/dusk2v/trying_new_pikachu_meme/,,,,6,surprised pikachu
reddit,surprised pikachu,shocked pikachu meme,dthir9,Craftingguy,Craftingguy,The new Pikachu meme,,https://i.redd.it/9b7fn0aykhx31.png,38,,0,2019-11-08T16:08:32+00:00,2025-12-22T13:54:28.847892,https://www.reddit.com/r/memes/comments/dthir9/the_new_pikachu_meme/,,,,6,surprised pikachu
reddit,surprised pikachu,shocked pikachu meme,ds78vw,Incineroaster2319,Incineroaster2319,Loudred from Detective Pikachu has some Meme Potential,,https://i.redd.it/k6ui36h09yw31.jpg,23,,4,2019-11-05T23:07:56+00:00,2025-12-22T13:54:28.847892,https://www.reddit.com/r/dankmemes/comments/ds78vw/loudred_from_detective_pikachu_has_some_meme/,,,,6,surprised pikachu
reddit,surprised pikachu,shocked pikachu meme,dl2w73,kenamikoz,kenamikoz,Reviving pikachu meme with Sasuke,,https://i.redd.it/p48ju32m6xt31.jpg,22,,3,2019-10-21T16:20:08+00:00,2025-12-22T13:54:28.847892,https://www.reddit.com/r/memes/comments/dl2w73/reviving_pikachu_meme_with_sasuke/,,,,6,surprised pikachu
reddit,surprised pikachu,shocked pikachu meme,dgtb51,KamstamizerYT,KamstamizerYT,The new shocked face meme (also I couldn't think of what to put for a better comeback so you are welcome to think of a better one),,https://i.redd.it/sf1a6ayl53s31.png,18,,5,2019-10-12T10:16:56+00:00,2025-12-22T13:54:28.847892,https://www.reddit.com/r/dankmemes/comments/dgtb51/the_new_shocked_face_meme_also_i_couldnt_think_of/,,,,6,surprised pikachu
reddit,surprised pikachu,shocked pikachu meme,dgpwia,trullyrose,trullyrose,"Blush pikachu face underrated, i am going to create a meme of him!!",,https://i.redd.it/aj29o7ms61s31.jpg,61,,1,2019-10-12T03:40:01+00:00,2025-12-22T13:54:28.847892,https://www.reddit.com/r/memes/comments/dgpwia/blush_pikachu_face_underrated_i_am_going_to/,,,,6,surprised pikachu
reddit,surprised pikachu,shocked pikachu meme,debljg,Unoriginal-bish,Unoriginal-bish,Shocked Pikachu has evolved,,https://i.redd.it/zu3su5jxe0r31.jpg,49,,3,2019-10-06T23:59:42+00:00,2025-12-22T13:54:28.847892,https://www.reddit.com/r/memes/comments/debljg/shocked_pikachu_has_evolved/,,,,6,surprised pikachu
reddit,surprised pikachu,shocked pikachu meme,ddl06b,DanTheFryingPan,DanTheFryingPan,Reddit: you can’t make a pikachu meme from everything. Me:,,https://i.redd.it/v2gptdytxoq31.jpg,96,,4,2019-10-05T09:24:16+00:00,2025-12-22T13:54:28.847892,https://www.reddit.com/r/memes/comments/ddl06b/reddit_you_cant_make_a_pikachu_meme_from/,,,,6,surprised pikachu
reddit,surprised pikachu,shocked pikachu meme,dc6qok,RougeNargacuga,RougeNargacuga,Could also make this a suprised pikachu esc meme,,https://i.redd.it/tcawa6jru2q31.png,34,,2,2019-10-02T07:07:53+00:00,2025-12-22T13:54:28.847892,https://www.reddit.com/r/dankmemes/comments/dc6qok/could_also_make_this_a_suprised_pikachu_esc_meme/,,,,6,surprised pikachu
reddit,surprised pikachu,shocked pikachu meme,dc6mmu,ifoundtheavadcados,ifoundtheavadcados,*shocked pikachu face*,,https://i.redd.it/h1h3btm9s2q31.jpg,103,,3,2019-10-02T06:53:52+00:00,2025-12-22T13:54:28.847892,https://www.reddit.com/r/memes/comments/dc6mmu/shocked_pikachu_face/,,,,6,surprised pikachu
reddit,surprised pikachu,shocked pikachu meme,da6q2j,oogie1,oogie1,New pikachu meme?,,https://i.redd.it/yru9rfd0e7p31.jpg,49,,0,2019-09-27T21:18:44+00:00,2025-12-22T13:54:28.847892,https://www.reddit.com/r/memes/comments/da6q2j/new_pikachu_meme/,,,,6,surprised pikachu
reddit,surprised pikachu,shocked pikachu meme,d9ko4d,Titaniumspyborgbear,Titaniumspyborgbear,The Pikachu meme isn't dead yet.,,https://i.imgur.com/rT8KkFB.png,62,,3,2019-09-26T14:50:04+00:00,2025-12-22T13:54:28.847892,https://www.reddit.com/r/memes/comments/d9ko4d/the_pikachu_meme_isnt_dead_yet/,,,,6,surprised pikachu
reddit,surprised pikachu,shocked pikachu meme,d8xpt7,Genericgumibear,Genericgumibear,Made my first Pikachu meme,,https://i.redd.it/k8yhy1r2tno31.jpg,20,,3,2019-09-25T03:27:33+00:00,2025-12-22T13:54:28.847892,https://www.reddit.com/r/memes/comments/d8xpt7/made_my_first_pikachu_meme/,,,,6,surprised pikachu
reddit,surprised pikachu,shocked pikachu meme,d33j2h,jayson-,jayson-,The iPhone 11 looks like pikachu meme,,https://i.redd.it/a0m43zg5r3m31.jpg,61,,2,2019-09-12T05:52:53+00:00,2025-12-22T13:54:28.847892,https://www.reddit.com/r/memes/comments/d33j2h/the_iphone_11_looks_like_pikachu_meme/,,,,6,surprised pikachu
reddit,surprised pikachu,shocked pikachu meme,d2si9c,ur1m,ur1m,"Pikachu meme is dead yeah, but this had to be done",,https://i.redd.it/4h7l99qvnzl31.jpg,54,,0,2019-09-11T16:07:25+00:00,2025-12-22T13:54:28.847892,https://www.reddit.com/r/memes/comments/d2si9c/pikachu_meme_is_dead_yeah_but_this_had_to_be_done/,,,,6,surprised pikachu
reddit,surprised pikachu,shocked pikachu meme,d2171y,LastAwakening,LastAwakening,My cat is a real life Pikachu meme.,,https://i.imgur.com/Tzs1Lrf.jpg,22,,0,2019-09-10T02:16:07+00:00,2025-12-22T13:54:28.847892,https://www.reddit.com/r/memes/comments/d2171y/my_cat_is_a_real_life_pikachu_meme/,,,,6,surprised pikachu
reddit,mocking spongebob,"""mocking spongebob""",e536r6,WetBiscuit-McGlee,WetBiscuit-McGlee,I now own a Mocking SpongeBob figurine,,https://i.redd.it/9kcf6moxj9241.png,36,,3,2019-12-02T18:29:16+00:00,2025-12-22T13:54:28.847892,https://www.reddit.com/r/memes/comments/e536r6/i_now_own_a_mocking_spongebob_figurine/,,,,5,mocking spongebob
reddit,mocking spongebob,"""mocking spongebob""",aownoh,Lord_Vlad7,Lord_Vlad7,mocking penguin mocking mocking spongebob,,https://i.redd.it/woim3liqwlf21.jpg,56,,2,2019-02-09T20:58:29+00:00,2025-12-22T13:54:28.847892,https://www.reddit.com/r/dankmemes/comments/aownoh/mocking_penguin_mocking_mocking_spongebob/,,,,5,mocking spongebob
reddit,mocking spongebob,"""mocking spongebob""",6tk54b,CleverDan520,CleverDan520,Found the 🅱️ormie,,https://i.redd.it/24utdvhvqmfz.png,29,,4,2017-08-14T04:23:57+00:00,2025-12-22T13:54:28.847892,https://www.reddit.com/r/dankmemes/comments/6tk54b/found_the_ormie/,,,,5,mocking spongebob
reddit,mocking spongebob,"""spongebob mocking""",11z1owu,Civilwarrio,Civilwarrio,memix-spongebob-mocking,,https://cdn.memix.com/memix-spongebob-mocking.jpeg?text=My%20mind%20during%20a%20science%20teat,0,,10,2023-03-22T23:56:00+00:00,2025-12-22T13:54:28.847892,https://www.reddit.com/r/memes/comments/11z1owu/memixspongebobmocking/,,,,5,mocking spongebob
reddit,mocking spongebob,"""spongemock""",6h8gjv,redongor,redongor,I made a Spongemock text generator! Type what you want and just click the output to copy it.,,http://www.spongemock.me/,5,,0,2017-06-14T16:05:17+00:00,2025-12-22T13:54:28.847892,https://www.reddit.com/r/memes/comments/6h8gjv/i_made_a_spongemock_text_generator_type_what_you/,,,,5,mocking spongebob
reddit,mocking spongebob,alternating case spongebob,11g8mpk,drakens6,drakens6,"""time travel"" :|",,https://i.redd.it/8a66l42mkela1.jpg,33,,10,2023-03-02T17:33:30+00:00,2025-12-22T13:54:28.847892,https://www.reddit.com/r/memes/comments/11g8mpk/time_travel/,,,,5,mocking spongebob
reddit,mocking spongebob,alternating case spongebob,m2mqjg,bhoomi5768yad,bhoomi5768yad,"If you're interested in finding an alternate to the Otterbox case for your iPhone, then you might choose to consider the leather iPhone 7 Plus instances. These cases are just like those that include the iPhone, but they're stronger and also you also get to feel the soft touch of this substance from",,https://www.novattione.com/iphone-cases.html,1,,1,2021-03-11T09:53:16+00:00,2025-12-22T13:54:28.847892,https://www.reddit.com/r/funny/comments/m2mqjg/if_youre_interested_in_finding_an_alternate_to/,,,,5,mocking spongebob
reddit,mocking spongebob,alternating case spongebob,klt024,rishabh495,rishabh495,Meet Spongebob Squarepants alternate reality estranged Russian cousin...,,https://i.redd.it/3uv7m7j7ay761.jpg,29,,7,2020-12-28T15:57:38+00:00,2025-12-22T13:54:28.847892,https://www.reddit.com/r/funny/comments/klt024/meet_spongebob_squarepants_alternate_reality/,,,,5,mocking spongebob
reddit,mocking spongebob,alternating case spongebob,hsck5k,WereNotGonnaFakeIt,WereNotGonnaFakeIt,sPoNgEbOb CaSe,,https://i.redd.it/v54no3axv8b51.png,5,,1,2020-07-16T16:20:43+00:00,2025-12-22T13:54:28.847892,https://www.reddit.com/r/dankmemes/comments/hsck5k/spongebob_case/,,,,5,mocking spongebob
reddit,mocking spongebob,alternating case spongebob,gjq2iy,tim_nitram,tim_nitram,OK how come everything you wear acts like the Bat Grappling Hook whenever you come within 5 feet of anything vaguely snaggy? (alternate title : Murphey's Law - A Case Study).,,https://www.reddit.com/r/funny/comments/gjq2iy/ok_how_come_everything_you_wear_acts_like_the_bat/,3,,0,2020-05-14T16:49:58+00:00,2025-12-22T13:54:28.847892,https://www.reddit.com/r/funny/comments/gjq2iy/ok_how_come_everything_you_wear_acts_like_the_bat/,,,,5,mocking spongebob
reddit,mocking spongebob,alternating case spongebob,fi5w38,lethalmc,lethalmc,In case you need an alternative,,https://i.redd.it/f0aw9z3eyhm41.jpg,26,,0,2020-03-13T20:07:13+00:00,2025-12-22T13:54:28.847892,https://www.reddit.com/r/memes/comments/fi5w38/in_case_you_need_an_alternative/,,,,5,mocking spongebob
reddit,mocking spongebob,alternating case spongebob,ey12t0,NeoAmbitions,NeoAmbitions,Alternate Spongebob Shakira Meme,,https://i.redd.it/3tu9dv0vume41.png,35,,2,2020-02-03T04:03:47+00:00,2025-12-22T13:54:28.847892,https://www.reddit.com/r/memes/comments/ey12t0/alternate_spongebob_shakira_meme/,,,,5,mocking spongebob
reddit,mocking spongebob,alternating case spongebob,6zs0hd,User170,User170,My university's fire safety sign has a description of what the fire alarm sounds like.,,https://i.redd.it/cxugrew6iklz.jpg,23,,7,2017-09-13T03:13:51+00:00,2025-12-22T13:54:28.847892,https://www.reddit.com/r/funny/comments/6zs0hd/my_universitys_fire_safety_sign_has_a_description/,,,,5,mocking spongebob
reddit,mocking spongebob,alternating case spongebob,671xp5,StBeals,StBeals,Alternate Me,,https://i.redd.it/jgk9tlsnoaty.jpg,51663,,763,2017-04-23T12:16:24+00:00,2025-12-22T13:54:28.847892,https://www.reddit.com/r/funny/comments/671xp5/alternate_me/,,,,5,mocking spongebob
reddit,mocking spongebob,alternating case spongebob,62eamt,anarchophysicist,anarchophysicist,Secret Question,,https://i.redd.it/dj585ft03koy.jpg,643,,31,2017-03-30T14:32:02+00:00,2025-12-22T13:54:28.847892,https://www.reddit.com/r/funny/comments/62eamt/secret_question/,,,,5,mocking spongebob
reddit,mocking spongebob,alternating case spongebob,597qv1,JosephSim,JosephSim,"Adult Swim, please make this happen.",,https://i.redd.it/rkwvx07c8itx.jpg,150,,7,2016-10-24T23:10:44+00:00,2025-12-22T13:54:28.847892,https://www.reddit.com/r/funny/comments/597qv1/adult_swim_please_make_this_happen/,,,,5,mocking spongebob
reddit,mocking spongebob,alternating case spongebob,3p7jd5,desirous44,desirous44,Early morning BS,,https://www.reddit.com/r/funny/comments/3p7jd5/early_morning_bs/,0,,1,2015-10-18T08:50:54+00:00,2025-12-22T13:54:28.847892,https://www.reddit.com/r/funny/comments/3p7jd5/early_morning_bs/,,,,5,mocking spongebob
reddit,mocking spongebob,alternating case spongebob,34oaf6,DukeSaturn,DukeSaturn,The other day some girl at work asked me why there was an alternate password on my lock screen.I told her that it was the in case I lost my finger print.,,https://www.reddit.com/r/funny/comments/34oaf6/the_other_day_some_girl_at_work_asked_me_why/,0,,0,2015-05-03T00:24:39+00:00,2025-12-22T13:54:28.847892,https://www.reddit.com/r/funny/comments/34oaf6/the_other_day_some_girl_at_work_asked_me_why/,,,,5,mocking spongebob
reddit,mocking spongebob,alternating case spongebob,2vimei,vegan1,vegan1,"Promoter ""rules"" for a birthday party my friend was invited to.",,https://www.reddit.com/r/funny/comments/2vimei/promoter_rules_for_a_birthday_party_my_friend_was/,1,,3,2015-02-11T08:01:11+00:00,2025-12-22T13:54:28.847892,https://www.reddit.com/r/funny/comments/2vimei/promoter_rules_for_a_birthday_party_my_friend_was/,,,,5,mocking spongebob
reddit,mocking spongebob,alternating case spongebob,2t7eao,Echoenbatbat,Echoenbatbat,"Parents Who Shun God Tend To Cluster, Boosting Children's Risk",,https://www.reddit.com/r/funny/comments/2t7eao/parents_who_shun_god_tend_to_cluster_boosting/,0,,0,2015-01-21T19:58:55+00:00,2025-12-22T13:54:28.847892,https://www.reddit.com/r/funny/comments/2t7eao/parents_who_shun_god_tend_to_cluster_boosting/,,,,5,mocking spongebob
reddit,mocking spongebob,alternating case spongebob,2svyri,CaptainConfrontation,CaptainConfrontation,"X-Post from TalesFromTechSupport, the customer side",,https://www.reddit.com/r/funny/comments/2svyri/xpost_from_talesfromtechsupport_the_customer_side/,0,,4,2015-01-19T01:33:24+00:00,2025-12-22T13:54:28.847892,https://www.reddit.com/r/funny/comments/2svyri/xpost_from_talesfromtechsupport_the_customer_side/,,,,5,mocking spongebob
reddit,mocking spongebob,alternating case spongebob,2ssdug,RedOctober13,RedOctober13,Craigslist Succinctness,,https://www.reddit.com/r/funny/comments/2ssdug/craigslist_succinctness/,0,,0,2015-01-18T01:14:22+00:00,2025-12-22T13:54:28.847892,https://www.reddit.com/r/funny/comments/2ssdug/craigslist_succinctness/,,,,5,mocking spongebob
reddit,mocking spongebob,alternating case spongebob,2snm9g,MaxxYield,MaxxYield,"Everything Wrong with Frozen, Part 1",,https://www.reddit.com/r/funny/comments/2snm9g/everything_wrong_with_frozen_part_1/,1,,0,2015-01-16T19:00:54+00:00,2025-12-22T13:54:28.847892,https://www.reddit.com/r/funny/comments/2snm9g/everything_wrong_with_frozen_part_1/,,,,5,mocking spongebob
reddit,mocking spongebob,alternating case spongebob,276jb2,Lost4Cause,Lost4Cause,How to speak about women and men and be politically correct,,https://www.reddit.com/r/funny/comments/276jb2/how_to_speak_about_women_and_men_and_be/,1,,2,2014-06-03T06:11:02+00:00,2025-12-22T13:54:28.847892,https://www.reddit.com/r/funny/comments/276jb2/how_to_speak_about_women_and_men_and_be/,,,,5,mocking spongebob
reddit,mocking spongebob,alternating case spongebob,22f3de,84-Glyde,84-Glyde,Hell Froze Over,,https://www.reddit.com/r/funny/comments/22f3de/hell_froze_over/,0,,5,2014-04-07T12:02:43+00:00,2025-12-22T13:54:28.847892,https://www.reddit.com/r/funny/comments/22f3de/hell_froze_over/,,,,5,mocking spongebob
reddit,mocking spongebob,alternating case spongebob,1tsp2j,dillygoose,dillygoose,"So I had my friend edit my college application essay....turned into ""Shades of Gay""",,https://www.reddit.com/r/funny/comments/1tsp2j/so_i_had_my_friend_edit_my_college_application/,1,,1,2013-12-27T08:27:44+00:00,2025-12-22T13:54:28.847892,https://www.reddit.com/r/funny/comments/1tsp2j/so_i_had_my_friend_edit_my_college_application/,,,,5,mocking spongebob
reddit,mocking spongebob,alternating case spongebob,1tcj3h,millertime432,millertime432,T's n A game of Bedroom Golf,,https://www.reddit.com/r/funny/comments/1tcj3h/ts_n_a_game_of_bedroom_golf/,3,,0,2013-12-20T20:19:59+00:00,2025-12-22T13:54:28.847892,https://www.reddit.com/r/funny/comments/1tcj3h/ts_n_a_game_of_bedroom_golf/,,,,5,mocking spongebob
reddit,mocking spongebob,alternating case spongebob,1slvg2,swasylyk,swasylyk,pissed-off mom's hilarious xmas newsletter,,https://www.reddit.com/r/funny/comments/1slvg2/pissedoff_moms_hilarious_xmas_newsletter/,0,,0,2013-12-11T03:41:53+00:00,2025-12-22T13:54:28.847892,https://www.reddit.com/r/funny/comments/1slvg2/pissedoff_moms_hilarious_xmas_newsletter/,,,,5,mocking spongebob
reddit,mocking spongebob,alternating case spongebob,1nii0h,adfalcon,adfalcon,Windows vs Ford Motor Co,,https://www.reddit.com/r/funny/comments/1nii0h/windows_vs_ford_motor_co/,0,,0,2013-10-01T14:49:24+00:00,2025-12-22T13:54:28.847892,https://www.reddit.com/r/funny/comments/1nii0h/windows_vs_ford_motor_co/,,,,5,mocking spongebob
reddit,mocking spongebob,alternating case spongebob,1fjk7t,gilad-v,gilad-v,"Our friend is having a circumcision tomorrow, here are the after care instructions they gave him",,https://www.reddit.com/r/funny/comments/1fjk7t/our_friend_is_having_a_circumcision_tomorrow_here/,1,,7,2013-06-02T22:17:27+00:00,2025-12-22T13:54:28.847892,https://www.reddit.com/r/funny/comments/1fjk7t/our_friend_is_having_a_circumcision_tomorrow_here/,,,,5,mocking spongebob
reddit,mocking spongebob,alternating case spongebob,13i2o0,wachnlurn,wachnlurn,LEGAL ASSISTANT/RECEPTIONIST/OFFICE MANAGER Job posting,,https://www.reddit.com/r/funny/comments/13i2o0/legal_assistantreceptionistoffice_manager_job/,0,,1,2012-11-20T08:59:16+00:00,2025-12-22T13:54:28.847892,https://www.reddit.com/r/funny/comments/13i2o0/legal_assistantreceptionistoffice_manager_job/,,,,5,mocking spongebob
reddit,mocking spongebob,alternating case spongebob,139t18,Bellator_Poeta,Bellator_Poeta,A Four Loco Odyssey,,https://www.reddit.com/r/funny/comments/139t18/a_four_loco_odyssey/,6,,2,2012-11-16T01:02:22+00:00,2025-12-22T13:54:28.847892,https://www.reddit.com/r/funny/comments/139t18/a_four_loco_odyssey/,,,,5,mocking spongebob
reddit,mocking spongebob,alternating case spongebob,11jxxr,god_damn_mongolian,god_damn_mongolian,Friend gets told she's too short to be sexy by guy with 'yellow fever'. Hilarious response included!,,https://www.reddit.com/r/funny/comments/11jxxr/friend_gets_told_shes_too_short_to_be_sexy_by_guy/,33,,19,2012-10-16T04:05:07+00:00,2025-12-22T13:54:28.847892,https://www.reddit.com/r/funny/comments/11jxxr/friend_gets_told_shes_too_short_to_be_sexy_by_guy/,,,,5,mocking spongebob
reddit,mocking spongebob,alternating case spongebob,11htds,qwerty7775,qwerty7775,Email from a...uhhh..friend?,,https://www.reddit.com/r/funny/comments/11htds/email_from_auhhhfriend/,5,,0,2012-10-15T03:25:47+00:00,2025-12-22T13:54:28.847892,https://www.reddit.com/r/funny/comments/11htds/email_from_auhhhfriend/,,,,5,mocking spongebob
reddit,mocking spongebob,alternating case spongebob,11887m,zesty_zooplankton,zesty_zooplankton,Fifty Shades of...SPRAY,,https://www.reddit.com/r/funny/comments/11887m/fifty_shades_ofspray/,1,,2,2012-10-10T01:43:05+00:00,2025-12-22T13:54:28.847892,https://www.reddit.com/r/funny/comments/11887m/fifty_shades_ofspray/,,,,5,mocking spongebob
reddit,mocking spongebob,alternating case spongebob,zr8nh,UnicornHaddock,UnicornHaddock,SpongeBob SquarePants iphone cases,,http://www.greekk.com/SpongeBob-SquarePants-iphone-cases,0,,0,2012-09-12T07:33:04+00:00,2025-12-22T13:54:28.847892,https://www.reddit.com/r/funny/comments/zr8nh/spongebob_squarepants_iphone_cases/,,,,5,mocking spongebob
reddit,mocking spongebob,alternating case spongebob,t1wk8,scPolecat,scPolecat,Get bored chatting with Dell Support everyday so today I used ebonics.,,https://www.reddit.com/r/funny/comments/t1wk8/get_bored_chatting_with_dell_support_everyday_so/,0,,1,2012-05-01T19:00:36+00:00,2025-12-22T13:54:28.847892,https://www.reddit.com/r/funny/comments/t1wk8/get_bored_chatting_with_dell_support_everyday_so/,,,,5,mocking spongebob
reddit,mocking spongebob,alternating case spongebob,swe6i,Adagio234,Adagio234,How i trolled the police,,https://www.reddit.com/r/funny/comments/swe6i/how_i_trolled_the_police/,0,,0,2012-04-28T04:11:37+00:00,2025-12-22T13:54:28.847892,https://www.reddit.com/r/funny/comments/swe6i/how_i_trolled_the_police/,,,,5,mocking spongebob
reddit,mocking spongebob,alternating case spongebob,rjp97,ninjaDOLEMITE,ninjaDOLEMITE,A crazy person talked to me while I was getting coffee.,,https://www.reddit.com/r/funny/comments/rjp97/a_crazy_person_talked_to_me_while_i_was_getting/,0,,3,2012-03-29T19:34:30+00:00,2025-12-22T13:54:28.847892,https://www.reddit.com/r/funny/comments/rjp97/a_crazy_person_talked_to_me_while_i_was_getting/,,,,5,mocking spongebob
reddit,mocking spongebob,alternating case spongebob,otbuj,mehatch,mehatch,An Alternate Idea to Settle the Supreme Court Case About Unwarranted GPS Tracking Devices. ,,http://tvtropes.org/pmwiki/pmwiki.php/Main/IncrediblyObviousBug,1,,1,2012-01-23T20:30:46+00:00,2025-12-22T13:54:28.847892,https://www.reddit.com/r/funny/comments/otbuj/an_alternate_idea_to_settle_the_supreme_court/,,,,5,mocking spongebob
reddit,mocking spongebob,alternating case spongebob,nkm6g,ticklemeherpes,ticklemeherpes,My favorite homework assignment from high school.,,https://www.reddit.com/r/funny/comments/nkm6g/my_favorite_homework_assignment_from_high_school/,0,,2,2011-12-21T00:57:45+00:00,2025-12-22T13:54:28.847892,https://www.reddit.com/r/funny/comments/nkm6g/my_favorite_homework_assignment_from_high_school/,,,,5,mocking spongebob
reddit,mocking spongebob,alternating case spongebob,n613g,BobDown05,BobDown05,St George Bank - Financial Ombudsman Australia,,https://www.reddit.com/r/funny/comments/n613g/st_george_bank_financial_ombudsman_australia/,1,,0,2011-12-09T07:49:46+00:00,2025-12-22T13:54:28.847892,https://www.reddit.com/r/funny/comments/n613g/st_george_bank_financial_ombudsman_australia/,,,,5,mocking spongebob
reddit,mocking spongebob,alternating case spongebob,lq69x,GuidoLicious,GuidoLicious,Funny Ebay Review - for Super Nintendo Game ( first Post),,https://www.reddit.com/r/funny/comments/lq69x/funny_ebay_review_for_super_nintendo_game_first/,1,,0,2011-10-26T21:24:27+00:00,2025-12-22T13:54:28.847892,https://www.reddit.com/r/funny/comments/lq69x/funny_ebay_review_for_super_nintendo_game_first/,,,,5,mocking spongebob
reddit,mocking spongebob,alternating case spongebob,g6k44,PreExRedditor,PreExRedditor,Friday: A Sociopsychological Analysis,,https://www.reddit.com/r/funny/comments/g6k44/friday_a_sociopsychological_analysis/,0,,0,2011-03-18T17:22:11+00:00,2025-12-22T13:54:28.847892,https://www.reddit.com/r/funny/comments/g6k44/friday_a_sociopsychological_analysis/,,,,5,mocking spongebob
reddit,mocking spongebob,alternating case spongebob,ei729,brianfit,brianfit,"Needs something. Reddit, help me improve this recipe for Wikileaks & Potato soup!",,https://www.reddit.com/r/funny/comments/ei729/needs_something_reddit_help_me_improve_this/,0,,3,2010-12-08T09:27:18+00:00,2025-12-22T13:54:28.847892,https://www.reddit.com/r/funny/comments/ei729/needs_something_reddit_help_me_improve_this/,,,,5,mocking spongebob
reddit,mocking spongebob,alternating case spongebob,e2yl1,fanglet,fanglet,"An electrical engineer, a mechanical engineer, a chemical engineer, and a computer scientist are driving down the highway...",,https://www.reddit.com/r/funny/comments/e2yl1/an_electrical_engineer_a_mechanical_engineer_a/,169,,118,2010-11-08T16:06:06+00:00,2025-12-22T13:54:28.847892,https://www.reddit.com/r/funny/comments/e2yl1/an_electrical_engineer_a_mechanical_engineer_a/,,,,5,mocking spongebob
reddit,mocking spongebob,alternating case spongebob,9ccul,brynbow,brynbow,senior moment,,https://www.reddit.com/r/funny/comments/9ccul/senior_moment/,22,,14,2009-08-20T07:51:27+00:00,2025-12-22T13:54:28.847892,https://www.reddit.com/r/funny/comments/9ccul/senior_moment/,,,,5,mocking spongebob
reddit,this is fine,"""this is fine""",1p22dqb,Pretty-Reading-169,Pretty-Reading-169,This is fine” but it’s Bill realizing “Slick Willy” is trending again,,https://i.redd.it/8s6c3oolse2g1.jpeg,9,,6,2025-11-20T12:52:48+00:00,2025-12-22T13:54:28.847892,https://www.reddit.com/r/memes/comments/1p22dqb/this_is_fine_but_its_bill_realizing_slick_willy/,,,,7,this is fine
reddit,this is fine,"""this is fine""",1nyh4sa,hotmailist,hotmailist,this is fine,,https://i.redd.it/0prnt7a7p8tf1.jpeg,1998,,21,2025-10-05T06:45:46+00:00,2025-12-22T13:54:28.847892,https://www.reddit.com/r/dankmemes/comments/1nyh4sa/this_is_fine/,,,,7,this is fine
reddit,this is fine,"""this is fine""",1nec0h4,blenderbeeeee,blenderbeeeee,What a time to be alive,,https://i.redd.it/jwwtc73v1kof1.jpeg,325,,38,2025-09-11T15:35:40+00:00,2025-12-22T13:54:28.847892,https://www.reddit.com/r/memes/comments/1nec0h4/what_a_time_to_be_alive/,,,,7,this is fine
reddit,this is fine,"""this is fine""",1n9c2hg,MyThinTragus,MyThinTragus,This is Fine,,https://i.redd.it/q6ps9poiwdnf1.jpeg,4,,0,2025-09-05T17:50:52+00:00,2025-12-22T13:54:28.847892,https://www.reddit.com/r/memes/comments/1n9c2hg/this_is_fine/,,,,7,this is fine
reddit,this is fine,"""this is fine""",1mwzn3m,alancusader123,alancusader123,It's AI Generated,,https://i.redd.it/im72kpursikf1.png,0,,0,2025-08-22T07:07:06+00:00,2025-12-22T13:54:28.847892,https://www.reddit.com/r/memes/comments/1mwzn3m/its_ai_generated/,,,,7,this is fine
reddit,this is fine,"""this is fine""",1lxuogx,SA0051,SA0051,This is fine,,https://i.redd.it/g7hvuq3qcecf1.jpeg,8,,3,2025-07-12T07:36:15+00:00,2025-12-22T13:54:28.847892,https://www.reddit.com/r/memes/comments/1lxuogx/this_is_fine/,,,,7,this is fine
reddit,this is fine,"""this is fine""",1lfrxm5,A_White_Ravio_yt,A_White_Ravio_yt,I think this is fine,,https://i.redd.it/1ufx3vp3lz7f1.png,3,,2,2025-06-20T01:40:12+00:00,2025-12-22T13:54:28.847892,https://www.reddit.com/r/memes/comments/1lfrxm5/i_think_this_is_fine/,,,,7,this is fine
reddit,this is fine,"""this is fine""",1le90ce,AristFrost,AristFrost,This is fine,,https://i.redd.it/p38fx6o4em7f1.png,214,,7,2025-06-18T05:20:42+00:00,2025-12-22T13:54:28.847892,https://www.reddit.com/r/dankmemes/comments/1le90ce/this_is_fine/,,,,7,this is fine
reddit,this is fine,"""this is fine""",1kqotan,TheJuggernautsGentle,TheJuggernautsGentle,"For your pleasure, this is fine",,https://i.redd.it/6g0ea91pbt1f1.png,0,,4,2025-05-19T22:11:53+00:00,2025-12-22T13:54:28.847892,https://www.reddit.com/r/memes/comments/1kqotan/for_your_pleasure_this_is_fine/,,,,7,this is fine
reddit,this is fine,"""this is fine""",1kd9ta6,fabulousfizban,fabulousfizban,This is fine...,,https://i.redd.it/xwrh9i0x8fye1.jpeg,0,,24,2025-05-02T19:38:53+00:00,2025-12-22T13:54:28.847892,https://www.reddit.com/r/memes/comments/1kd9ta6/this_is_fine/,,,,7,this is fine
reddit,this is fine,"""this is fine""",1kaoilh,Alarmed-Ad-436,Alarmed-Ad-436,This is fine,,https://i.imgur.com/WoogYxe.gifv,48388,,387,2025-04-29T13:54:19+00:00,2025-12-22T13:54:28.847892,https://www.reddit.com/r/memes/comments/1kaoilh/this_is_fine/,,,,7,this is fine
reddit,this is fine,"""this is fine""",1jjaf1d,latorn,latorn,This is fine.,,https://i.redd.it/vyeupflqarqe1.jpeg,0,,1,2025-03-25T03:37:46+00:00,2025-12-22T13:54:28.847892,https://www.reddit.com/r/memes/comments/1jjaf1d/this_is_fine/,,,,7,this is fine
reddit,this is fine,"""this is fine""",1izpnxo,Wolfy198,Wolfy198,This is fine,,https://i.redd.it/dlluc9wrrqle1.jpeg,8,,2,2025-02-27T20:30:42+00:00,2025-12-22T13:54:28.847892,https://www.reddit.com/r/memes/comments/1izpnxo/this_is_fine/,,,,7,this is fine
reddit,this is fine,"""this is fine""",1ighmfh,Historical-Act-4618,Historical-Act-4618,Laptop Users:,,https://i.redd.it/vjtdazmmxuge1.png,14672,,130,2025-02-03T05:09:44+00:00,2025-12-22T13:54:28.847892,https://www.reddit.com/r/memes/comments/1ighmfh/laptop_users/,,,,7,this is fine
reddit,this is fine,"""this is fine""",1igb6vr,elijahhughes17,elijahhughes17,I'm worried,,https://i.redd.it/pyz5v8nkatge1.png,18,,7,2025-02-02T23:38:37+00:00,2025-12-22T13:54:28.847892,https://www.reddit.com/r/memes/comments/1igb6vr/im_worried/,,,,7,this is fine
reddit,this is fine,"""this is fine""",1ibyl4i,LessPerception2140,LessPerception2140,It's true,,https://i.redd.it/2tb7256qopfe1.jpeg,0,,6,2025-01-28T10:26:40+00:00,2025-12-22T13:54:28.847892,https://www.reddit.com/r/memes/comments/1ibyl4i/its_true/,,,,7,this is fine
reddit,this is fine,"""this is fine""",1ibwzeh,LessPerception2140,LessPerception2140,It's true,,https://i.redd.it/nx0cqwoa2pfe1.jpeg,0,,6,2025-01-28T08:20:56+00:00,2025-12-22T13:54:28.847892,https://www.reddit.com/r/memes/comments/1ibwzeh/its_true/,,,,7,this is fine
reddit,this is fine,"""this is fine""",1hx86lk,Man_Bear_Beaver,Man_Bear_Beaver,"The crossover meme some expected but nobody wanted, 9 days into 2025 and this is what we're looking at.",,https://i.redd.it/8hplfjupfxbe1.jpeg,538,,6,2025-01-09T08:14:43+00:00,2025-12-22T13:54:28.847892,https://www.reddit.com/r/memes/comments/1hx86lk/the_crossover_meme_some_expected_but_nobody/,,,,7,this is fine
reddit,this is fine,"""this is fine""",1hn03ws,Legitimate_Life_1926,Legitimate_Life_1926,"first post here, hope this is fine",,https://i.redd.it/msrtn5bnt99e1.jpeg,0,,2,2024-12-26T22:41:05+00:00,2025-12-22T13:54:28.847892,https://www.reddit.com/r/memes/comments/1hn03ws/first_post_here_hope_this_is_fine/,,,,7,this is fine
reddit,this is fine,"""this is fine""",1hmw4km,Mrnoface323,Mrnoface323,It's always been this way,,https://i.redd.it/8nxyogqbx89e1.jpeg,439,,89,2024-12-26T19:39:45+00:00,2025-12-22T13:54:28.847892,https://www.reddit.com/r/dankmemes/comments/1hmw4km/its_always_been_this_way/,,,,7,this is fine
reddit,this is fine,"""this is fine""",1hkvbzx,MissFebz,MissFebz,My 13 yr old sons Christmas list 2024 Priceless! ,,https://www.reddit.com/r/funny/comments/1hkvbzx/my_13_yr_old_sons_christmas_list_2024_priceless/,0,,11,2024-12-23T19:28:31+00:00,2025-12-22T13:54:28.847892,https://www.reddit.com/r/funny/comments/1hkvbzx/my_13_yr_old_sons_christmas_list_2024_priceless/,,,,7,this is fine
reddit,this is fine,"""this is fine""",1hggfjs,RiyanTheProBoi,RiyanTheProBoi,this is fine,,https://i.redd.it/kapsxxa66g7e1.jpeg,409,,6,2024-12-17T17:54:18+00:00,2025-12-22T13:54:28.847892,https://www.reddit.com/r/dankmemes/comments/1hggfjs/this_is_fine/,,,,7,this is fine
reddit,this is fine,"""this is fine""",1hfej1k,Feisty_Watercress_29,Feisty_Watercress_29,I literally don't feel anything ,,https://i.redd.it/aspitny7667e1.png,24,,6,2024-12-16T08:16:05+00:00,2025-12-22T13:54:28.847892,https://www.reddit.com/r/memes/comments/1hfej1k/i_literally_dont_feel_anything/,,,,7,this is fine
reddit,this is fine,"""this is fine""",1h8zejf,sunlightFTW,sunlightFTW,nothing wrong with a little surveillance,,https://i.redd.it/k9lijds84h5e1.png,17,,12,2024-12-07T18:56:21+00:00,2025-12-22T13:54:28.847892,https://www.reddit.com/r/memes/comments/1h8zejf/nothing_wrong_with_a_little_surveillance/,,,,7,this is fine
reddit,this is fine,"""this is fine""",1h8e0wi,Feisty_Watercress_29,Feisty_Watercress_29,It's like 1% death so yeah,,https://i.redd.it/0qokviiq4b5e1.png,4,,1,2024-12-06T22:48:20+00:00,2025-12-22T13:54:28.847892,https://www.reddit.com/r/memes/comments/1h8e0wi/its_like_1_death_so_yeah/,,,,7,this is fine
reddit,this is fine,"""this is fine""",1h6dvc1,BulletBerg,BulletBerg,This is (not) fine,,https://i.redd.it/ow88ufjhht4e1.png,48,,4,2024-12-04T11:28:56+00:00,2025-12-22T13:54:28.847892,https://www.reddit.com/r/memes/comments/1h6dvc1/this_is_not_fine/,,,,7,this is fine
reddit,this is fine,"""this is fine""",1h4lyau,burrninghammer,burrninghammer,This is fine. Everything is fine.,,https://i.redd.it/4irlb90zwc4e1.png,285,,11,2024-12-02T03:44:15+00:00,2025-12-22T13:54:28.847892,https://www.reddit.com/r/memes/comments/1h4lyau/this_is_fine_everything_is_fine/,,,,7,this is fine
reddit,this is fine,"""this is fine""",1h367jp,Marsupial-731,Marsupial-731,I love the Snow,,https://i.redd.it/9hsirlvncz3e1.jpeg,2613,,59,2024-11-30T06:09:09+00:00,2025-12-22T13:54:28.847892,https://www.reddit.com/r/memes/comments/1h367jp/i_love_the_snow/,,,,7,this is fine
reddit,this is fine,"""this is fine""",1gzdz0s,bluesocksbluedays,bluesocksbluedays,Not even havin a good time.,,https://i.redd.it/zl5aeflf903e1.jpeg,10,,4,2024-11-25T08:06:47+00:00,2025-12-22T13:54:28.847892,https://www.reddit.com/r/memes/comments/1gzdz0s/not_even_havin_a_good_time/,,,,7,this is fine
reddit,this is fine,"""this is fine""",1gwieav,LunaticOverLord,LunaticOverLord,redditstatus.com be like,,https://i.redd.it/t82wgxxuz92e1.jpeg,40,,8,2024-11-21T15:47:05+00:00,2025-12-22T13:54:28.847892,https://www.reddit.com/r/memes/comments/1gwieav/redditstatuscom_be_like/,,,,7,this is fine
reddit,this is fine,"""this is fine""",1gwfrb3,Keftcha,Keftcha,"A new version of ""this is fine""",,https://i.redd.it/qosdqmy0692e1.jpeg,0,,4,2024-11-21T13:02:57+00:00,2025-12-22T13:54:28.847892,https://www.reddit.com/r/memes/comments/1gwfrb3/a_new_version_of_this_is_fine/,,,,7,this is fine
reddit,this is fine,"""this is fine""",1ghtk1f,ItwasnotDio,ItwasnotDio,"""This is fine""",,https://i.redd.it/o07vq97pugyd1.jpeg,60,,2,2024-11-02T10:33:49+00:00,2025-12-22T13:54:28.847892,https://www.reddit.com/r/memes/comments/1ghtk1f/this_is_fine/,,,,7,this is fine
reddit,this is fine,"""this is fine""",1g913dd,bigmanly1,bigmanly1,"It's fine, this is fine.",,https://i.redd.it/xint7nyge6wd1.jpeg,22,,0,2024-10-21T21:16:46+00:00,2025-12-22T13:54:28.847892,https://www.reddit.com/r/memes/comments/1g913dd/its_fine_this_is_fine/,,,,7,this is fine
reddit,this is fine,"""this is fine""",1g4ckvp,Khuraji,Khuraji,TFW its really only you burning yourself to the ground,,https://i.redd.it/c9z0sr1gayud1.jpeg,160,,11,2024-10-15T16:59:15+00:00,2025-12-22T13:54:28.847892,https://www.reddit.com/r/memes/comments/1g4ckvp/tfw_its_really_only_you_burning_yourself_to_the/,,,,7,this is fine
reddit,this is fine,"""this is fine""",1g0sx3e,trans-trot,trans-trot,There is still time,,https://i.redd.it/jy0rh0p5sztd1.jpeg,37,,3,2024-10-10T20:52:45+00:00,2025-12-22T13:54:28.847892,https://www.reddit.com/r/dankmemes/comments/1g0sx3e/there_is_still_time/,,,,7,this is fine
reddit,this is fine,"""this is fine""",1fworli,Goddamuglybob,Goddamuglybob,"I love Caterpillar-cake box photos, their face ""Is that my arse? Am I dying now? This is fine... 😶""",,https://i.redd.it/8ckzwn2mgxsd1.jpeg,100,,9,2024-10-05T12:00:21+00:00,2025-12-22T13:54:28.847892,https://www.reddit.com/r/funny/comments/1fworli/i_love_caterpillarcake_box_photos_their_face_is/,,,,7,this is fine
reddit,this is fine,"""this is fine""",1fvxqds,CursedLoafOfBread,CursedLoafOfBread,"Porn actors: ""This is fine""",,https://i.redd.it/emip5ezxcqsd1.jpeg,3825,,165,2024-10-04T12:17:12+00:00,2025-12-22T13:54:28.847892,https://www.reddit.com/r/dankmemes/comments/1fvxqds/porn_actors_this_is_fine/,,,,7,this is fine
reddit,this is fine,"""this is fine""",1fq91fu,SaltySpitoony,SaltySpitoony,this is fine :'),,https://i.redd.it/ny70wgv2e8rd1.png,35,,3,2024-09-26T22:37:46+00:00,2025-12-22T13:54:28.847892,https://www.reddit.com/r/memes/comments/1fq91fu/this_is_fine/,,,,7,this is fine
reddit,this is fine,"""this is fine""",1fnx655,ameliawes,ameliawes,Jay-z before puff daddy party name list drop,,https://i.redd.it/nvxvgkiqwmqd1.jpeg,66,,2,2024-09-23T22:22:51+00:00,2025-12-22T13:54:28.847892,https://www.reddit.com/r/dankmemes/comments/1fnx655/jayz_before_puff_daddy_party_name_list_drop/,,,,7,this is fine
reddit,this is fine,"""this is fine""",1fcpcct,Avtsla,Avtsla,Imagine holding 8 elections in 3 years ,,https://i.redd.it/azd39ltubsnd1.png,512,,17,2024-09-09T13:24:09+00:00,2025-12-22T13:54:28.847892,https://www.reddit.com/r/dankmemes/comments/1fcpcct/imagine_holding_8_elections_in_3_years/,,,,7,this is fine
reddit,this is fine,"""this is fine""",1f7vwjx,Unknown_Guyyyyy55,Unknown_Guyyyyy55,carrots won't save me now,,https://i.redd.it/5shobelcfkmd1.png,97,,12,2024-09-03T09:47:40+00:00,2025-12-22T13:54:28.847892,https://www.reddit.com/r/memes/comments/1f7vwjx/carrots_wont_save_me_now/,,,,7,this is fine
